wavelength (A) flux (photons) 
  1.0050e+00   8.3108e-23 
  1.0150e+00   1.1729e-22 
  1.0250e+00   1.6454e-22 
  1.0350e+00   2.2919e-22 
  1.0450e+00   3.1753e-22 
  1.0550e+00   4.3724e-22 
  1.0650e+00   5.9746e-22 
  1.0750e+00   8.1177e-22 
  1.0850e+00   1.0961e-21 
  1.0950e+00   1.4751e-21 
  1.1050e+00   1.9741e-21 
  1.1150e+00   2.6228e-21 
  1.1250e+00   3.4635e-21 
  1.1350e+00   4.5648e-21 
  1.1450e+00   6.1689e-21 
  1.1550e+00   8.1226e-21 
  1.1650e+00   1.0551e-20 
  1.1750e+00   1.3653e-20 
  1.1850e+00   1.7527e-20 
  1.1950e+00   2.2447e-20 
  1.2050e+00   2.8694e-20 
  1.2150e+00   3.6356e-20 
  1.2250e+00   4.6068e-20 
  1.2350e+00   5.8099e-20 
  1.2450e+00   7.2747e-20 
  1.2550e+00   9.1394e-20 
  1.2650e+00   1.1348e-19 
  1.2750e+00   1.4131e-19 
  1.2850e+00   1.7479e-19 
  1.2950e+00   2.1529e-19 
  1.3050e+00   2.6572e-19 
  1.3150e+00   3.2427e-19 
  1.3250e+00   3.9825e-19 
  1.3350e+00   4.8265e-19 
  1.3450e+00   5.8932e-19 
  1.3550e+00   7.0998e-19 
  1.3650e+00   8.6190e-19 
  1.3750e+00   1.0325e-18 
  1.3850e+00   1.2462e-18 
  1.3950e+00   1.4855e-18 
  1.4050e+00   1.7835e-18 
  1.4150e+00   2.1142e-18 
  1.4250e+00   2.5260e-18 
  1.4350e+00   2.9804e-18 
  1.4450e+00   3.5414e-18 
  1.4550e+00   4.1651e-18 
  1.4650e+00   4.9134e-18 
  1.4750e+00   5.7747e-18 
  1.4850e+00   6.7481e-18 
  1.4950e+00   7.9293e-18 
  1.5050e+00   9.2035e-18 
  1.5150e+00   1.0776e-17 
  1.5250e+00   1.2493e-17 
  1.5350e+00   1.4479e-17 
  1.5450e+00   1.6822e-17 
  1.5550e+00   1.9334e-17 
  1.5650e+00   2.2421e-17 
  1.5750e+00   2.5762e-17 
  1.5850e+00   2.9524e-17 
  1.5950e+00   3.4057e-17 
  1.6050e+00   3.8779e-17 
  1.6150e+00   4.4467e-17 
  1.6250e+00   5.0830e-17 
  1.6350e+00   5.7593e-17 
  1.6450e+00   6.5869e-17 
  1.6550e+00   7.4777e-17 
  1.6650e+00   8.4399e-17 
  1.6750e+00   9.6068e-17 
  1.6850e+00   1.0856e-16 
  1.6950e+00   1.2191e-16 
  1.7050e+00   1.3822e-16 
  1.7150e+00   1.5553e-16 
  1.7250e+00   1.7390e-16 
  1.7350e+00   1.9630e-16 
  1.7450e+00   2.2005e-16 
  1.7550e+00   2.4521e-16 
  1.7650e+00   2.7503e-16 
  1.7750e+00   3.0792e-16 
  1.7850e+00   3.4189e-16 
  1.7950e+00   3.8061e-16 
  1.8050e+00   4.2566e-16 
  1.8150e+00   4.7177e-16 
  1.8250e+00   5.2161e-16 
  1.8350e+00   5.8108e-16 
  1.8450e+00   6.4420e-16 
  1.8550e+00   7.0933e-16 
  1.8650e+00   7.8398e-16 
  1.8750e+00   8.6896e-16 
  1.8850e+00   9.5653e-16 
  1.8950e+00   1.0494e-15 
  1.9050e+00   1.1588e-15 
  1.9150e+00   1.2775e-15 
  1.9250e+00   1.4043e-15 
  1.9350e+00   1.5312e-15 
  1.9450e+00   1.6813e-15 
  1.9550e+00   1.8443e-15 
  1.9650e+00   2.0133e-15 
  1.9750e+00   2.1908e-15 
  1.9850e+00   2.4033e-15 
  1.9950e+00   2.6262e-15 
  2.0050e+00   2.8570e-15 
  2.0150e+00   3.0977e-15 
  2.0250e+00   3.3825e-15 
  2.0350e+00   3.6869e-15 
  2.0450e+00   3.9983e-15 
  2.0550e+00   4.3268e-15 
  2.0650e+00   4.6896e-15 
  2.0750e+00   5.1069e-15 
  2.0850e+00   5.5266e-15 
  2.0950e+00   5.9672e-15 
  2.1050e+00   6.4284e-15 
  2.1150e+00   6.9718e-15 
  2.1250e+00   7.5429e-15 
  2.1350e+00   8.1274e-15 
  2.1450e+00   8.7378e-15 
  2.1550e+00   9.3895e-15 
  2.1650e+00   1.0158e-14 
  2.1750e+00   1.0942e-14 
  2.1850e+00   1.1746e-14 
  2.1950e+00   1.2573e-14 
  2.2050e+00   1.3481e-14 
  2.2150e+00   1.4537e-14 
  2.2250e+00   1.5603e-14 
  2.2350e+00   1.6694e-14 
  2.2450e+00   1.7820e-14 
  2.2550e+00   1.9046e-14 
  2.2650e+00   2.0443e-14 
  2.2750e+00   2.1905e-14 
  2.2850e+00   2.3368e-14 
  2.2950e+00   2.4889e-14 
  2.3050e+00   2.6503e-14 
  2.3150e+00   2.8295e-14 
  2.3250e+00   3.0270e-14 
  2.3350e+00   3.2256e-14 
  2.3450e+00   3.4304e-14 
  2.3550e+00   3.6389e-14 
  2.3650e+00   3.8638e-14 
  2.3750e+00   4.1178e-14 
  2.3850e+00   4.3878e-14 
  2.3950e+00   4.6621e-14 
  2.4050e+00   4.9360e-14 
  2.4150e+00   5.2231e-14 
  2.4250e+00   5.5270e-14 
  2.4350e+00   5.8799e-14 
  2.4450e+00   6.2432e-14 
  2.4550e+00   6.6105e-14 
  2.4650e+00   6.9845e-14 
  2.4750e+00   7.3668e-14 
  2.4850e+00   7.7788e-14 
  2.4950e+00   8.2362e-14 
  2.5050e+00   8.7299e-14 
  2.5150e+00   9.2200e-14 
  2.5250e+00   9.7241e-14 
  2.5350e+00   1.0237e-13 
  2.5450e+00   1.0776e-13 
  2.5550e+00   1.1352e-13 
  2.5650e+00   1.2024e-13 
  2.5750e+00   1.2658e-13 
  2.5850e+00   1.3327e-13 
  2.5950e+00   1.4017e-13 
  2.6050e+00   1.4723e-13 
  2.6150e+00   1.5449e-13 
  2.6250e+00   1.6292e-13 
  2.6350e+00   1.7085e-13 
  2.6450e+00   1.7993e-13 
  2.6550e+00   1.8899e-13 
  2.6650e+00   1.9825e-13 
  2.6750e+00   2.0758e-13 
  2.6850e+00   2.1721e-13 
  2.6950e+00   2.2732e-13 
  2.7050e+00   2.3892e-13 
  2.7150e+00   2.5102e-13 
  2.7250e+00   2.6311e-13 
  2.7350e+00   2.7549e-13 
  2.7450e+00   2.8968e-13 
  2.7550e+00   3.0166e-13 
  2.7650e+00   3.1384e-13 
  2.7750e+00   3.2823e-13 
  2.7850e+00   3.4374e-13 
  2.7950e+00   3.5986e-13 
  2.8050e+00   3.7624e-13 
  2.8150e+00   3.9247e-13 
  2.8250e+00   4.0956e-13 
  2.8350e+00   4.2671e-13 
  2.8450e+00   4.4443e-13 
  2.8550e+00   4.6317e-13 
  2.8650e+00   4.8382e-13 
  2.8750e+00   5.0538e-13 
  2.8850e+00   5.2686e-13 
  2.8950e+00   5.4925e-13 
  2.9050e+00   5.7167e-13 
  2.9150e+00   5.9489e-13 
  2.9250e+00   6.1783e-13 
  2.9350e+00   6.4176e-13 
  2.9450e+00   6.6773e-13 
  2.9550e+00   6.9560e-13 
  2.9650e+00   7.2491e-13 
  2.9750e+00   7.5406e-13 
  2.9850e+00   7.8411e-13 
  2.9950e+00   8.1410e-13 
  3.0050e+00   8.4483e-13 
  3.0150e+00   8.7487e-13 
  3.0250e+00   9.0629e-13 
  3.0350e+00   9.4101e-13 
  3.0450e+00   9.7812e-13 
  3.0550e+00   1.0171e-12 
  3.0650e+00   1.0557e-12 
  3.0750e+00   1.0954e-12 
  3.0850e+00   1.1348e-12 
  3.0950e+00   1.1753e-12 
  3.1050e+00   1.2153e-12 
  3.1150e+00   1.2569e-12 
  3.1250e+00   1.3065e-12 
  3.1350e+00   1.3483e-12 
  3.1450e+00   1.3983e-12 
  3.1550e+00   1.4488e-12 
  3.1650e+00   1.5007e-12 
  3.1750e+00   1.5827e-12 
  3.1850e+00   1.6202e-12 
  3.1950e+00   1.7156e-12 
  3.2050e+00   1.9255e-12 
  3.2150e+00   1.7819e-12 
  3.2250e+00   1.8270e-12 
  3.2350e+00   1.8877e-12 
  3.2450e+00   1.9651e-12 
  3.2550e+00   2.0179e-12 
  3.2650e+00   2.1733e-12 
  3.2750e+00   2.4652e-12 
  3.2850e+00   2.2239e-12 
  3.2950e+00   2.2952e-12 
  3.3050e+00   2.3681e-12 
  3.3150e+00   2.4393e-12 
  3.3250e+00   2.5127e-12 
  3.3350e+00   2.5863e-12 
  3.3450e+00   2.6687e-12 
  3.3550e+00   2.7508e-12 
  3.3650e+00   2.9255e-12 
  3.3750e+00   2.9297e-12 
  3.3850e+00   3.0202e-12 
  3.3950e+00   3.1179e-12 
  3.4050e+00   3.2205e-12 
  3.4150e+00   3.4082e-12 
  3.4250e+00   4.4749e-12 
  3.4350e+00   3.5318e-12 
  3.4450e+00   3.6721e-12 
  3.4550e+00   3.6971e-12 
  3.4650e+00   3.8116e-12 
  3.4750e+00   3.9079e-12 
  3.4850e+00   4.0263e-12 
  3.4950e+00   4.1433e-12 
  3.5050e+00   4.2656e-12 
  3.5150e+00   4.3852e-12 
  3.5250e+00   4.5087e-12 
  3.5350e+00   4.6294e-12 
  3.5450e+00   4.7522e-12 
  3.5550e+00   4.8772e-12 
  3.5650e+00   5.0024e-12 
  3.5750e+00   5.1349e-12 
  3.5850e+00   5.2745e-12 
  3.5950e+00   5.4216e-12 
  3.6050e+00   5.5686e-12 
  3.6150e+00   5.7215e-12 
  3.6250e+00   5.8788e-12 
  3.6350e+00   6.0325e-12 
  3.6450e+00   6.1924e-12 
  3.6550e+00   6.3483e-12 
  3.6650e+00   6.5111e-12 
  3.6750e+00   6.6738e-12 
  3.6850e+00   6.8416e-12 
  3.6950e+00   7.0052e-12 
  3.7050e+00   7.1734e-12 
  3.7150e+00   7.3566e-12 
  3.7250e+00   7.5405e-12 
  3.7350e+00   7.7325e-12 
  3.7450e+00   7.9242e-12 
  3.7550e+00   8.1274e-12 
  3.7650e+00   8.3257e-12 
  3.7750e+00   8.5312e-12 
  3.7850e+00   8.7379e-12 
  3.7950e+00   8.9494e-12 
  3.8050e+00   9.1659e-12 
  3.8150e+00   9.3762e-12 
  3.8250e+00   9.5958e-12 
  3.8350e+00   9.8079e-12 
  3.8450e+00   9.9919e-12 
  3.8550e+00   1.0172e-11 
  3.8650e+00   1.0409e-11 
  3.8750e+00   1.0652e-11 
  3.8850e+00   1.0891e-11 
  3.8950e+00   1.1150e-11 
  3.9050e+00   1.1411e-11 
  3.9150e+00   1.1682e-11 
  3.9250e+00   1.1945e-11 
  3.9350e+00   1.2219e-11 
  3.9450e+00   1.5517e-11 
  3.9550e+00   1.9660e-11 
  3.9650e+00   1.8397e-11 
  3.9750e+00   1.3781e-11 
  3.9850e+00   2.2573e-11 
  3.9950e+00   2.6840e-11 
  4.0050e+00   1.4147e-11 
  4.0150e+00   1.4633e-11 
  4.0250e+00   1.4758e-11 
  4.0350e+00   1.5073e-11 
  4.0450e+00   1.5402e-11 
  4.0550e+00   1.5748e-11 
  4.0650e+00   1.7229e-11 
  4.0750e+00   1.7027e-11 
  4.0850e+00   2.1033e-11 
  4.0950e+00   2.0594e-11 
  4.1050e+00   2.9492e-11 
  4.1150e+00   1.8061e-11 
  4.1250e+00   1.8172e-11 
  4.1350e+00   1.8545e-11 
  4.1450e+00   1.8874e-11 
  4.1550e+00   2.0307e-11 
  4.1650e+00   1.9593e-11 
  4.1750e+00   2.7336e-11 
  4.1850e+00   2.1720e-11 
  4.1950e+00   4.7030e-11 
  4.2050e+00   2.1193e-11 
  4.2150e+00   2.1622e-11 
  4.2250e+00   2.2050e-11 
  4.2350e+00   2.2495e-11 
  4.2450e+00   2.2924e-11 
  4.2550e+00   2.3371e-11 
  4.2650e+00   2.3803e-11 
  4.2750e+00   2.4253e-11 
  4.2850e+00   2.4684e-11 
  4.2950e+00   4.5041e-11 
  4.3050e+00   2.5841e-11 
  4.3150e+00   2.6044e-11 
  4.3250e+00   2.6522e-11 
  4.3350e+00   2.6981e-11 
  4.3450e+00   2.7886e-11 
  4.3550e+00   2.8533e-11 
  4.3650e+00   2.8459e-11 
  4.3750e+00   3.8393e-11 
  4.3850e+00   1.1374e-10 
  4.3950e+00   3.5015e-11 
  4.4050e+00   3.0916e-11 
  4.4150e+00   3.7117e-11 
  4.4250e+00   3.1694e-11 
  4.4350e+00   3.3995e-11 
  4.4450e+00   3.2787e-11 
  4.4550e+00   3.3343e-11 
  4.4650e+00   3.3937e-11 
  4.4750e+00   3.4507e-11 
  4.4850e+00   3.5105e-11 
  4.4950e+00   3.5681e-11 
  4.5050e+00   3.6282e-11 
  4.5150e+00   3.6859e-11 
  4.5250e+00   3.7473e-11 
  4.5350e+00   3.8060e-11 
  4.5450e+00   3.8671e-11 
  4.5550e+00   3.9328e-11 
  4.5650e+00   3.9972e-11 
  4.5750e+00   4.0647e-11 
  4.5850e+00   4.1298e-11 
  4.5950e+00   4.1979e-11 
  4.6050e+00   4.2632e-11 
  4.6150e+00   4.3317e-11 
  4.6250e+00   4.4038e-11 
  4.6350e+00   4.4746e-11 
  4.6450e+00   4.5485e-11 
  4.6550e+00   4.6198e-11 
  4.6650e+00   4.6948e-11 
  4.6750e+00   4.7664e-11 
  4.6850e+00   4.8420e-11 
  4.6950e+00   4.9146e-11 
  4.7050e+00   4.9891e-11 
  4.7150e+00   5.0663e-11 
  4.7250e+00   5.1459e-11 
  4.7350e+00   5.2198e-11 
  4.7450e+00   5.2910e-11 
  4.7550e+00   5.3680e-11 
  4.7650e+00   5.4473e-11 
  4.7750e+00   5.5322e-11 
  4.7850e+00   5.6155e-11 
  4.7950e+00   5.6918e-11 
  4.8050e+00   5.7796e-11 
  4.8150e+00   5.8643e-11 
  4.8250e+00   5.9596e-11 
  4.8350e+00   6.0468e-11 
  4.8450e+00   6.1335e-11 
  4.8550e+00   6.2213e-11 
  4.8650e+00   6.3121e-11 
  4.8750e+00   6.4063e-11 
  4.8850e+00   6.4961e-11 
  4.8950e+00   6.5919e-11 
  4.9050e+00   6.6826e-11 
  4.9150e+00   6.7778e-11 
  4.9250e+00   6.8684e-11 
  4.9350e+00   6.9644e-11 
  4.9450e+00   7.0866e-11 
  4.9550e+00   7.1475e-11 
  4.9650e+00   7.2455e-11 
  4.9750e+00   7.3352e-11 
  4.9850e+00   7.4340e-11 
  4.9950e+00   7.5299e-11 
  5.0050e+00   7.6388e-11 
  5.0150e+00   7.7427e-11 
  5.0250e+00   7.8525e-11 
  5.0350e+00   5.3964e-10 
  5.0450e+00   7.5153e-10 
  5.0550e+00   1.1907e-10 
  5.0650e+00   4.7278e-10 
  5.0750e+00   9.7659e-11 
  5.0850e+00   1.7346e-10 
  5.0950e+00   5.2701e-10 
  5.1050e+00   7.8917e-10 
  5.1149e+00   8.6103e-11 
  5.1250e+00   9.0205e-11 
  5.1350e+00   9.0504e-11 
  5.1450e+00   8.9527e-11 
  5.1550e+00   9.0622e-11 
  5.1650e+00   9.1783e-11 
  5.1750e+00   9.2875e-11 
  5.1850e+00   9.4037e-11 
  5.1950e+00   9.5134e-11 
  5.2049e+00   1.0210e-10 
  5.2149e+00   1.1290e-10 
  5.2249e+00   9.8724e-11 
  5.2349e+00   9.9972e-11 
  5.2449e+00   1.0115e-10 
  5.2549e+00   1.0247e-10 
  5.2650e+00   1.0372e-10 
  5.2750e+00   1.0505e-10 
  5.2850e+00   1.6508e-10 
  5.2949e+00   1.0763e-10 
  5.3049e+00   1.0920e-10 
  5.3149e+00   1.1036e-10 
  5.3249e+00   1.1200e-10 
  5.3349e+00   1.1308e-10 
  5.3449e+00   1.1442e-10 
  5.3549e+00   1.1571e-10 
  5.3649e+00   1.1702e-10 
  5.3749e+00   1.1841e-10 
  5.3849e+00   1.1974e-10 
  5.3949e+00   1.4130e-10 
  5.4049e+00   2.8251e-10 
  5.4149e+00   1.2388e-10 
  5.4249e+00   1.3626e-10 
  5.4349e+00   1.6217e-10 
  5.4449e+00   1.3551e-10 
  5.4549e+00   2.6576e-10 
  5.4649e+00   1.3109e-10 
  5.4749e+00   1.3250e-10 
  5.4849e+00   1.3428e-10 
  5.4949e+00   1.3562e-10 
  5.5049e+00   1.5110e-10 
  5.5149e+00   1.3845e-10 
  5.5249e+00   1.4001e-10 
  5.5349e+00   1.5499e-10 
  5.5449e+00   2.3006e-10 
  5.5549e+00   1.7379e-10 
  5.5649e+00   4.0176e-10 
  5.5749e+00   1.4796e-10 
  5.5849e+00   1.4950e-10 
  5.5949e+00   1.5115e-10 
  5.6049e+00   1.5283e-10 
  5.6149e+00   1.5429e-10 
  5.6249e+00   1.5596e-10 
  5.6349e+00   1.5752e-10 
  5.6449e+00   1.5921e-10 
  5.6549e+00   1.6078e-10 
  5.6649e+00   1.6254e-10 
  5.6749e+00   1.6421e-10 
  5.6849e+00   8.4760e-10 
  5.6949e+00   1.6768e-10 
  5.7049e+00   1.6942e-10 
  5.7149e+00   1.7123e-10 
  5.7249e+00   1.7291e-10 
  5.7349e+00   1.7502e-10 
  5.7449e+00   1.7649e-10 
  5.7549e+00   1.8292e-10 
  5.7649e+00   1.8380e-10 
  5.7749e+00   1.8206e-10 
  5.7849e+00   1.8356e-10 
  5.7949e+00   2.7881e-10 
  5.8049e+00   3.2985e-10 
  5.8149e+00   9.9812e-10 
  5.8249e+00   1.9141e-10 
  5.8349e+00   1.9338e-10 
  5.8449e+00   1.9639e-10 
  5.8549e+00   2.5103e-10 
  5.8649e+00   1.9838e-10 
  5.8749e+00   2.0102e-10 
  5.8849e+00   2.1729e-10 
  5.8949e+00   2.0419e-10 
  5.9049e+00   2.0600e-10 
  5.9149e+00   2.0797e-10 
  5.9249e+00   2.0986e-10 
  5.9349e+00   2.1192e-10 
  5.9449e+00   2.1385e-10 
  5.9549e+00   2.1589e-10 
  5.9649e+00   2.1803e-10 
  5.9749e+00   2.2001e-10 
  5.9849e+00   2.2217e-10 
  5.9949e+00   2.2418e-10 
  6.0049e+00   2.2635e-10 
  6.0149e+00   2.2837e-10 
  6.0249e+00   2.3056e-10 
  6.0349e+00   2.3257e-10 
  6.0449e+00   2.3491e-10 
  6.0549e+00   2.3800e-10 
  6.0649e+00   2.3890e-10 
  6.0749e+00   2.4112e-10 
  6.0849e+00   2.4322e-10 
  6.0949e+00   2.4546e-10 
  6.1049e+00   2.4755e-10 
  6.1149e+00   2.4969e-10 
  6.1249e+00   2.5198e-10 
  6.1349e+00   2.5405e-10 
  6.1449e+00   2.5633e-10 
  6.1549e+00   2.5841e-10 
  6.1649e+00   2.6125e-10 
  6.1749e+00   2.9082e-10 
  6.1849e+00   2.9004e-10 
  6.1949e+00   2.7071e-10 
  6.2049e+00   2.7102e-10 
  6.2149e+00   2.7198e-10 
  6.2249e+00   2.7547e-10 
  6.2349e+00   2.7815e-10 
  6.2449e+00   2.8224e-10 
  6.2549e+00   2.8259e-10 
  6.2649e+00   2.9213e-10 
  6.2749e+00   2.8628e-10 
  6.2849e+00   2.8861e-10 
  6.2949e+00   2.9102e-10 
  6.3049e+00   2.9392e-10 
  6.3149e+00   3.5150e-10 
  6.3249e+00   2.9835e-10 
  6.3349e+00   3.0042e-10 
  6.3449e+00   3.0327e-10 
  6.3549e+00   3.1232e-10 
  6.3649e+00   3.0819e-10 
  6.3749e+00   3.1051e-10 
  6.3849e+00   3.3320e-10 
  6.3949e+00   3.1596e-10 
  6.4049e+00   3.1773e-10 
  6.4149e+00   3.2037e-10 
  6.4249e+00   3.2280e-10 
  6.4349e+00   3.2631e-10 
  6.4449e+00   3.2919e-10 
  6.4549e+00   3.3039e-10 
  6.4649e+00   3.3306e-10 
  6.4749e+00   3.3571e-10 
  6.4849e+00   3.5352e-10 
  6.4949e+00   3.4109e-10 
  6.5049e+00   3.5316e-10 
  6.5149e+00   3.7634e-10 
  6.5249e+00   3.4859e-10 
  6.5349e+00   3.5086e-10 
  6.5449e+00   3.5355e-10 
  6.5549e+00   3.5641e-10 
  6.5649e+00   3.5900e-10 
  6.5749e+00   3.6515e-10 
  6.5849e+00   3.8434e-10 
  6.5949e+00   3.6756e-10 
  6.6049e+00   3.7024e-10 
  6.6149e+00   3.7309e-10 
  6.6249e+00   3.7605e-10 
  6.6349e+00   5.8948e-10 
  6.6449e+00   1.1108e-08 
  6.6549e+00   5.9419e-09 
  6.6649e+00   3.8897e-09 
  6.6749e+00   7.3395e-10 
  6.6849e+00   5.0673e-09 
  6.6949e+00   6.9671e-10 
  6.7049e+00   4.5314e-10 
  6.7149e+00   7.9657e-10 
  6.7249e+00   1.3756e-09 
  6.7349e+00   2.8698e-09 
  6.7449e+00   9.4706e-09 
  6.7549e+00   4.1654e-10 
  6.7649e+00   4.1838e-10 
  6.7749e+00   4.2812e-10 
  6.7849e+00   4.4818e-10 
  6.7949e+00   4.5283e-10 
  6.8049e+00   5.4457e-10 
  6.8149e+00   4.3515e-10 
  6.8249e+00   4.3873e-10 
  6.8349e+00   4.4091e-10 
  6.8449e+00   4.4593e-10 
  6.8549e+00   4.5267e-10 
  6.8649e+00   4.5017e-10 
  6.8749e+00   4.5354e-10 
  6.8849e+00   4.5867e-10 
  6.8949e+00   4.6050e-10 
  6.9049e+00   5.9540e-10 
  6.9149e+00   4.6705e-10 
  6.9249e+00   4.7022e-10 
  6.9349e+00   4.7401e-10 
  6.9449e+00   4.7830e-10 
  6.9549e+00   4.8035e-10 
  6.9649e+00   4.8504e-10 
  6.9749e+00   4.8868e-10 
  6.9849e+00   4.9036e-10 
  6.9949e+00   4.9330e-10 
  7.0049e+00   4.9675e-10 
  7.0149e+00   4.9991e-10 
  7.0249e+00   5.0345e-10 
  7.0349e+00   4.9491e-10 
  7.0449e+00   4.9024e-10 
  7.0549e+00   4.9370e-10 
  7.0649e+00   4.9675e-10 
  7.0749e+00   5.0023e-10 
  7.0849e+00   5.0331e-10 
  7.0949e+00   5.0682e-10 
  7.1049e+00   7.2604e-10 
  7.1149e+00   5.1323e-10 
  7.1249e+00   5.1672e-10 
  7.1349e+00   5.1983e-10 
  7.1449e+00   5.2335e-10 
  7.1549e+00   5.2745e-10 
  7.1649e+00   5.3503e-10 
  7.1749e+00   5.5560e-10 
  7.1849e+00   5.3937e-10 
  7.1949e+00   5.4173e-10 
  7.2049e+00   5.4309e-10 
  7.2149e+00   5.4654e-10 
  7.2249e+00   5.5082e-10 
  7.2349e+00   5.5362e-10 
  7.2449e+00   5.6596e-10 
  7.2549e+00   5.6351e-10 
  7.2649e+00   5.6701e-10 
  7.2749e+00   5.8640e-10 
  7.2849e+00   5.7188e-10 
  7.2949e+00   5.7857e-10 
  7.3049e+00   5.7761e-10 
  7.3149e+00   1.3270e-09 
  7.3249e+00   5.8518e-10 
  7.3349e+00   5.8798e-10 
  7.3449e+00   5.9175e-10 
  7.3549e+00   5.9506e-10 
  7.3649e+00   5.9869e-10 
  7.3749e+00   6.0250e-10 
  7.3849e+00   6.0568e-10 
  7.3949e+00   6.0946e-10 
  7.4049e+00   6.1276e-10 
  7.4149e+00   6.1656e-10 
  7.4249e+00   6.1984e-10 
  7.4349e+00   6.2364e-10 
  7.4449e+00   6.2694e-10 
  7.4549e+00   6.3049e-10 
  7.4649e+00   6.3427e-10 
  7.4749e+00   2.5216e-09 
  7.4849e+00   6.7247e-10 
  7.4949e+00   6.7768e-10 
  7.5049e+00   6.4852e-10 
  7.5149e+00   6.5190e-10 
  7.5249e+00   6.5580e-10 
  7.5349e+00   6.6206e-10 
  7.5449e+00   8.2391e-10 
  7.5549e+00   6.6699e-10 
  7.5649e+00   6.7025e-10 
  7.5749e+00   7.3909e-10 
  7.5849e+00   1.0318e-09 
  7.5949e+00   6.8213e-10 
  7.6049e+00   6.8489e-10 
  7.6149e+00   6.8857e-10 
  7.6249e+00   6.9249e-10 
  7.6349e+00   7.4051e-10 
  7.6449e+00   7.0041e-10 
  7.6549e+00   7.0336e-10 
  7.6649e+00   7.0736e-10 
  7.6749e+00   7.1075e-10 
  7.6849e+00   7.2697e-10 
  7.6949e+00   1.0578e-09 
  7.7049e+00   7.2219e-10 
  7.7149e+00   7.4211e-10 
  7.7249e+00   1.4091e-09 
  7.7349e+00   8.3620e-10 
  7.7449e+00   7.4326e-10 
  7.7549e+00   1.4556e-09 
  7.7649e+00   1.6518e-09 
  7.7749e+00   1.2811e-09 
  7.7849e+00   7.5628e-10 
  7.7949e+00   8.8689e-10 
  7.8049e+00   1.5719e-09 
  7.8149e+00   8.0612e-10 
  7.8249e+00   7.7816e-10 
  7.8349e+00   7.7622e-10 
  7.8449e+00   9.1141e-10 
  7.8549e+00   8.1198e-09 
  7.8649e+00   8.0075e-10 
  7.8749e+00   3.4155e-09 
  7.8849e+00   7.9770e-10 
  7.8949e+00   8.0190e-10 
  7.9049e+00   8.0598e-10 
  7.9149e+00   8.1068e-10 
  7.9249e+00   8.1574e-10 
  7.9349e+00   8.1951e-10 
  7.9449e+00   8.2636e-10 
  7.9549e+00   8.4030e-10 
  7.9649e+00   8.3220e-10 
  7.9749e+00   8.4773e-10 
  7.9849e+00   8.4896e-10 
  7.9949e+00   8.4653e-10 
  8.0049e+00   8.4991e-10 
  8.0149e+00   8.5380e-10 
  8.0249e+00   8.5848e-10 
  8.0349e+00   1.1167e-09 
  8.0449e+00   8.6656e-10 
  8.0549e+00   1.4220e-09 
  8.0649e+00   1.5751e-09 
  8.0749e+00   2.3792e-09 
  8.0849e+00   8.9123e-10 
  8.0949e+00   8.8952e-10 
  8.1049e+00   8.9280e-10 
  8.1149e+00   8.9746e-10 
  8.1249e+00   9.6295e-10 
  8.1349e+00   9.8498e-10 
  8.1449e+00   9.1003e-10 
  8.1549e+00   9.1420e-10 
  8.1649e+00   9.2135e-10 
  8.1749e+00   9.5763e-10 
  8.1849e+00   9.2922e-10 
  8.1949e+00   9.3202e-10 
  8.2049e+00   9.3660e-10 
  8.2149e+00   9.4104e-10 
  8.2249e+00   9.4571e-10 
  8.2349e+00   9.5013e-10 
  8.2449e+00   9.5476e-10 
  8.2549e+00   9.5932e-10 
  8.2649e+00   9.6389e-10 
  8.2749e+00   9.6841e-10 
  8.2849e+00   9.7297e-10 
  8.2949e+00   1.0154e-09 
  8.3049e+00   9.8841e-10 
  8.3149e+00   9.8657e-10 
  8.3249e+00   9.9086e-10 
  8.3349e+00   9.9556e-10 
  8.3449e+00   1.0001e-09 
  8.3549e+00   1.0046e-09 
  8.3649e+00   1.0093e-09 
  8.3749e+00   1.0137e-09 
  8.3849e+00   1.0186e-09 
  8.3949e+00   1.0345e-09 
  8.4049e+00   1.1043e-09 
  8.4149e+00   3.1544e-09 
  8.4249e+00   2.1126e-09 
  8.4349e+00   1.2639e-09 
  8.4449e+00   1.1852e-09 
  8.4549e+00   1.1021e-09 
  8.4649e+00   1.0556e-09 
  8.4749e+00   1.0614e-09 
  8.4849e+00   1.0690e-09 
  8.4949e+00   1.1562e-09 
  8.5049e+00   1.0751e-09 
  8.5149e+00   1.1912e-09 
  8.5249e+00   1.2290e-09 
  8.5349e+00   1.1103e-09 
  8.5449e+00   1.0905e-09 
  8.5549e+00   1.3832e-09 
  8.5649e+00   1.0997e-09 
  8.5749e+00   1.1062e-09 
  8.5849e+00   1.1133e-09 
  8.5949e+00   1.1135e-09 
  8.6049e+00   1.1180e-09 
  8.6149e+00   1.3449e-09 
  8.6249e+00   1.1274e-09 
  8.6349e+00   1.1329e-09 
  8.6449e+00   1.1364e-09 
  8.6549e+00   1.1450e-09 
  8.6649e+00   1.1558e-09 
  8.6749e+00   1.1560e-09 
  8.6849e+00   1.1559e-09 
  8.6949e+00   1.1606e-09 
  8.7049e+00   1.1645e-09 
  8.7149e+00   1.1684e-09 
  8.7249e+00   1.1781e-09 
  8.7349e+00   1.1836e-09 
  8.7449e+00   1.3788e-09 
  8.7549e+00   1.1891e-09 
  8.7649e+00   1.1935e-09 
  8.7749e+00   1.1976e-09 
  8.7849e+00   1.2021e-09 
  8.7949e+00   1.2065e-09 
  8.8049e+00   1.2113e-09 
  8.8149e+00   1.2165e-09 
  8.8249e+00   1.2212e-09 
  8.8349e+00   1.2256e-09 
  8.8449e+00   1.5979e-09 
  8.8549e+00   1.2379e-09 
  8.8649e+00   1.2399e-09 
  8.8749e+00   1.2448e-09 
  8.8849e+00   1.2499e-09 
  8.8949e+00   1.2548e-09 
  8.9049e+00   1.2589e-09 
  8.9149e+00   1.2668e-09 
  8.9249e+00   1.2698e-09 
  8.9349e+00   1.2736e-09 
  8.9449e+00   1.2784e-09 
  8.9549e+00   1.2832e-09 
  8.9649e+00   1.2879e-09 
  8.9749e+00   1.2927e-09 
  8.9849e+00   1.2972e-09 
  8.9949e+00   1.3022e-09 
  9.0049e+00   1.3069e-09 
  9.0149e+00   1.3117e-09 
  9.0249e+00   1.3164e-09 
  9.0349e+00   1.3214e-09 
  9.0449e+00   1.3263e-09 
  9.0549e+00   1.3310e-09 
  9.0649e+00   1.3363e-09 
  9.0749e+00   1.3401e-09 
  9.0849e+00   1.3450e-09 
  9.0949e+00   1.3500e-09 
  9.1049e+00   1.3535e-09 
  9.1149e+00   1.2922e-09 
  9.1249e+00   1.2804e-09 
  9.1349e+00   1.4227e-09 
  9.1449e+00   1.3066e-09 
  9.1549e+00   1.8764e-09 
  9.1649e+00   8.9157e-08 
  9.1749e+00   1.5152e-08 
  9.1849e+00   1.2574e-08 
  9.1949e+00   9.4513e-09 
  9.2049e+00   1.3244e-09 
  9.2149e+00   2.5510e-09 
  9.2249e+00   4.9385e-09 
  9.2349e+00   2.0041e-08 
  9.2449e+00   1.5987e-09 
  9.2549e+00   2.3000e-09 
  9.2649e+00   1.3559e-09 
  9.2749e+00   1.3534e-09 
  9.2849e+00   4.1426e-09 
  9.2949e+00   2.0985e-09 
  9.3049e+00   1.6204e-09 
  9.3149e+00   5.6391e-08 
  9.3249e+00   7.8941e-09 
  9.3349e+00   1.3827e-09 
  9.3449e+00   1.3906e-09 
  9.3549e+00   1.3928e-09 
  9.3649e+00   1.4064e-09 
  9.3749e+00   1.4041e-09 
  9.3849e+00   1.4317e-09 
  9.3949e+00   1.4128e-09 
  9.4049e+00   1.4172e-09 
  9.4149e+00   1.4406e-09 
  9.4249e+00   1.4290e-09 
  9.4349e+00   1.4336e-09 
  9.4449e+00   1.4366e-09 
  9.4549e+00   1.6569e-09 
  9.4649e+00   1.4480e-09 
  9.4749e+00   1.4708e-09 
  9.4849e+00   5.9728e-09 
  9.4949e+00   1.4659e-09 
  9.5049e+00   1.4708e-09 
  9.5149e+00   1.4754e-09 
  9.5249e+00   1.4774e-09 
  9.5349e+00   1.4823e-09 
  9.5449e+00   1.4875e-09 
  9.5549e+00   1.5207e-09 
  9.5649e+00   1.5012e-09 
  9.5749e+00   1.7382e-09 
  9.5849e+00   1.5083e-09 
  9.5949e+00   1.5138e-09 
  9.6049e+00   1.5313e-09 
  9.6149e+00   1.5240e-09 
  9.6249e+00   1.5286e-09 
  9.6349e+00   1.5333e-09 
  9.6449e+00   1.5504e-09 
  9.6549e+00   1.5818e-09 
  9.6649e+00   1.5596e-09 
  9.6749e+00   1.5529e-09 
  9.6849e+00   2.0393e-09 
  9.6949e+00   1.5867e-09 
  9.7049e+00   1.2368e-08 
  9.7149e+00   1.5744e-09 
  9.7249e+00   1.5805e-09 
  9.7349e+00   1.5929e-09 
  9.7449e+00   1.5889e-09 
  9.7549e+00   1.5934e-09 
  9.7649e+00   1.5988e-09 
  9.7749e+00   1.6058e-09 
  9.7849e+00   1.6777e-09 
  9.7949e+00   1.6140e-09 
  9.8049e+00   1.6218e-09 
  9.8149e+00   1.6250e-09 
  9.8249e+00   1.6252e-09 
  9.8349e+00   1.6296e-09 
  9.8449e+00   1.6411e-09 
  9.8549e+00   1.7008e-09 
  9.8649e+00   1.6573e-09 
  9.8749e+00   1.6497e-09 
  9.8849e+00   1.6549e-09 
  9.8949e+00   1.6673e-09 
  9.9049e+00   1.7028e-09 
  9.9149e+00   1.6870e-09 
  9.9249e+00   1.6777e-09 
  9.9349e+00   1.6804e-09 
  9.9449e+00   1.6859e-09 
  9.9549e+00   1.6892e-09 
  9.9649e+00   1.6942e-09 
  9.9749e+00   4.3899e-09 
  9.9849e+00   1.7038e-09 
  9.9949e+00   1.8844e-09 
  1.0005e+01   1.7166e-09 
  1.0015e+01   1.7194e-09 
  1.0025e+01   1.7260e-09 
  1.0035e+01   1.7296e-09 
  1.0045e+01   1.7339e-09 
  1.0055e+01   1.7438e-09 
  1.0065e+01   1.8337e-09 
  1.0075e+01   1.7614e-09 
  1.0085e+01   1.7560e-09 
  1.0095e+01   1.7670e-09 
  1.0105e+01   1.9748e-09 
  1.0115e+01   4.3003e-09 
  1.0125e+01   3.0041e-09 
  1.0135e+01   1.7883e-09 
  1.0145e+01   1.7941e-09 
  1.0155e+01   1.8130e-09 
  1.0165e+01   1.7948e-09 
  1.0175e+01   1.8001e-09 
  1.0185e+01   1.8226e-09 
  1.0195e+01   1.8128e-09 
  1.0205e+01   1.8339e-09 
  1.0215e+01   1.8194e-09 
  1.0225e+01   1.8240e-09 
  1.0235e+01   3.9973e-08 
  1.0245e+01   1.8342e-09 
  1.0255e+01   1.8391e-09 
  1.0265e+01   1.8442e-09 
  1.0275e+01   1.8493e-09 
  1.0285e+01   1.9259e-09 
  1.0295e+01   1.8622e-09 
  1.0305e+01   1.8661e-09 
  1.0315e+01   1.8847e-09 
  1.0325e+01   1.8800e-09 
  1.0335e+01   1.8792e-09 
  1.0345e+01   1.8842e-09 
  1.0355e+01   1.8944e-09 
  1.0365e+01   2.2058e-09 
  1.0375e+01   1.7130e-09 
  1.0385e+01   1.7183e-09 
  1.0395e+01   4.7436e-09 
  1.0405e+01   1.7258e-09 
  1.0415e+01   1.7305e-09 
  1.0425e+01   1.7351e-09 
  1.0435e+01   1.8589e-09 
  1.0445e+01   2.1485e-09 
  1.0455e+01   1.7758e-09 
  1.0465e+01   1.9003e-09 
  1.0475e+01   1.8362e-09 
  1.0485e+01   2.2539e-09 
  1.0495e+01   1.7688e-09 
  1.0505e+01   8.1253e-09 
  1.0515e+01   1.9668e-09 
  1.0525e+01   1.7807e-09 
  1.0535e+01   3.4530e-09 
  1.0545e+01   1.8732e-09 
  1.0555e+01   2.0620e-09 
  1.0565e+01   2.0919e-09 
  1.0575e+01   1.8194e-09 
  1.0585e+01   1.8791e-09 
  1.0595e+01   2.0800e-09 
  1.0605e+01   1.8256e-09 
  1.0615e+01   1.8300e-09 
  1.0625e+01   1.8527e-09 
  1.0635e+01   1.8350e-09 
  1.0645e+01   1.9396e-09 
  1.0655e+01   7.3137e-09 
  1.0665e+01   1.8503e-09 
  1.0675e+01   1.8713e-09 
  1.0685e+01   1.8840e-09 
  1.0695e+01   1.8678e-09 
  1.0705e+01   1.9019e-09 
  1.0715e+01   1.8682e-09 
  1.0725e+01   1.8786e-09 
  1.0735e+01   1.8798e-09 
  1.0745e+01   1.8962e-09 
  1.0755e+01   1.8879e-09 
  1.0765e+01   1.6212e-08 
  1.0775e+01   1.2002e-08 
  1.0785e+01   1.9735e-09 
  1.0795e+01   1.9067e-09 
  1.0805e+01   1.9089e-09 
  1.0815e+01   2.2757e-09 
  1.0825e+01   1.9263e-09 
  1.0835e+01   1.9318e-09 
  1.0845e+01   1.9509e-09 
  1.0855e+01   2.0430e-09 
  1.0865e+01   1.9360e-09 
  1.0875e+01   1.9398e-09 
  1.0885e+01   1.9449e-09 
  1.0895e+01   1.9526e-09 
  1.0905e+01   1.9554e-09 
  1.0915e+01   1.9593e-09 
  1.0925e+01   1.9631e-09 
  1.0935e+01   1.9677e-09 
  1.0945e+01   1.9821e-09 
  1.0955e+01   1.9761e-09 
  1.0965e+01   1.9797e-09 
  1.0975e+01   1.9852e-09 
  1.0985e+01   1.9965e-09 
  1.0995e+01   1.9966e-09 
  1.1005e+01   3.5506e-08 
  1.1015e+01   2.0026e-09 
  1.1025e+01   5.8730e-09 
  1.1035e+01   2.0220e-09 
  1.1045e+01   2.0176e-09 
  1.1055e+01   2.5387e-09 
  1.1065e+01   2.0260e-09 
  1.1075e+01   2.0311e-09 
  1.1085e+01   2.2180e-09 
  1.1095e+01   2.0946e-09 
  1.1105e+01   2.0502e-09 
  1.1115e+01   2.0498e-09 
  1.1125e+01   2.0542e-09 
  1.1135e+01   1.7657e-08 
  1.1145e+01   2.0658e-09 
  1.1155e+01   2.1355e-09 
  1.1165e+01   2.0743e-09 
  1.1175e+01   2.0937e-09 
  1.1185e+01   2.7719e-09 
  1.1195e+01   2.0856e-09 
  1.1205e+01   2.0901e-09 
  1.1215e+01   2.0963e-09 
  1.1225e+01   2.1174e-09 
  1.1235e+01   2.1260e-09 
  1.1245e+01   3.3648e-09 
  1.1255e+01   2.4481e-08 
  1.1265e+01   2.1245e-09 
  1.1275e+01   2.2659e-09 
  1.1285e+01   2.1493e-09 
  1.1295e+01   2.7506e-09 
  1.1305e+01   2.2980e-09 
  1.1315e+01   2.1617e-09 
  1.1325e+01   4.4187e-09 
  1.1335e+01   2.2321e-09 
  1.1345e+01   2.1558e-09 
  1.1355e+01   2.1595e-09 
  1.1365e+01   2.1647e-09 
  1.1375e+01   2.1739e-09 
  1.1385e+01   2.1846e-09 
  1.1395e+01   2.5811e-09 
  1.1405e+01   3.2774e-09 
  1.1415e+01   2.1875e-09 
  1.1425e+01   4.3569e-09 
  1.1435e+01   2.1957e-09 
  1.1445e+01   3.1071e-09 
  1.1455e+01   4.5893e-09 
  1.1465e+01   2.4901e-09 
  1.1475e+01   2.3858e-09 
  1.1485e+01   2.2172e-09 
  1.1495e+01   2.2224e-09 
  1.1505e+01   2.2265e-09 
  1.1515e+01   2.2322e-09 
  1.1525e+01   4.6716e-09 
  1.1535e+01   4.1111e-09 
  1.1545e+01   1.1912e-07 
  1.1555e+01   2.2504e-09 
  1.1565e+01   2.2541e-09 
  1.1575e+01   2.5615e-09 
  1.1585e+01   2.3152e-09 
  1.1595e+01   2.7101e-09 
  1.1605e+01   2.2855e-09 
  1.1615e+01   2.2769e-09 
  1.1625e+01   2.2816e-09 
  1.1635e+01   2.2866e-09 
  1.1645e+01   2.4541e-09 
  1.1655e+01   2.2971e-09 
  1.1665e+01   2.3120e-09 
  1.1675e+01   2.3338e-09 
  1.1685e+01   2.3495e-09 
  1.1695e+01   2.3134e-09 
  1.1705e+01   2.3281e-09 
  1.1715e+01   2.3287e-09 
  1.1725e+01   2.3649e-09 
  1.1735e+01   2.3343e-09 
  1.1745e+01   2.3967e-09 
  1.1755e+01   2.4134e-09 
  1.1765e+01   2.3644e-09 
  1.1775e+01   2.3983e-09 
  1.1785e+01   2.4033e-09 
  1.1795e+01   2.3642e-09 
  1.1805e+01   2.3807e-09 
  1.1815e+01   2.3705e-09 
  1.1825e+01   2.3714e-09 
  1.1835e+01   2.7091e-09 
  1.1845e+01   2.5630e-09 
  1.1855e+01   2.3855e-09 
  1.1865e+01   2.4955e-09 
  1.1875e+01   2.5895e-09 
  1.1885e+01   3.0867e-09 
  1.1895e+01   2.4227e-09 
  1.1905e+01   2.4091e-09 
  1.1915e+01   4.9627e-09 
  1.1925e+01   2.4167e-09 
  1.1935e+01   9.7802e-09 
  1.1945e+01   2.4671e-09 
  1.1955e+01   2.4302e-09 
  1.1965e+01   2.5700e-09 
  1.1975e+01   2.4664e-09 
  1.1985e+01   2.4526e-09 
  1.1995e+01   2.4896e-09 
  1.2005e+01   2.4584e-09 
  1.2015e+01   2.4872e-09 
  1.2025e+01   2.4666e-09 
  1.2035e+01   2.5232e-09 
  1.2045e+01   2.8875e-09 
  1.2055e+01   2.4769e-09 
  1.2065e+01   2.4796e-09 
  1.2075e+01   2.4980e-09 
  1.2085e+01   2.8621e-09 
  1.2095e+01   3.2793e-09 
  1.2105e+01   2.5087e-09 
  1.2115e+01   6.6511e-09 
  1.2125e+01   8.6967e-08 
  1.2135e+01   3.9124e-07 
  1.2145e+01   9.4610e-09 
  1.2155e+01   1.5842e-08 
  1.2165e+01   3.0445e-09 
  1.2175e+01   6.9135e-09 
  1.2185e+01   9.1829e-09 
  1.2195e+01   2.5768e-09 
  1.2205e+01   2.5877e-09 
  1.2215e+01   2.5682e-09 
  1.2225e+01   2.5689e-09 
  1.2235e+01   2.5942e-09 
  1.2245e+01   2.8750e-09 
  1.2255e+01   2.6738e-09 
  1.2265e+01   6.8433e-08 
  1.2275e+01   2.6081e-09 
  1.2285e+01   2.6173e-09 
  1.2295e+01   2.6106e-09 
  1.2305e+01   6.3101e-09 
  1.2315e+01   6.2171e-09 
  1.2325e+01   3.2602e-09 
  1.2335e+01   2.6330e-09 
  1.2345e+01   2.6407e-09 
  1.2355e+01   1.2428e-08 
  1.2365e+01   2.6518e-09 
  1.2375e+01   2.6550e-09 
  1.2385e+01   2.6622e-09 
  1.2395e+01   2.6667e-09 
  1.2405e+01   2.6711e-09 
  1.2415e+01   2.6769e-09 
  1.2425e+01   2.6834e-09 
  1.2435e+01   3.9011e-08 
  1.2445e+01   2.6938e-09 
  1.2455e+01   2.7028e-09 
  1.2465e+01   2.7092e-09 
  1.2475e+01   2.7263e-09 
  1.2485e+01   2.7165e-09 
  1.2495e+01   2.7282e-09 
  1.2505e+01   2.7310e-09 
  1.2515e+01   2.7361e-09 
  1.2525e+01   4.4471e-09 
  1.2535e+01   2.7436e-09 
  1.2545e+01   2.7472e-09 
  1.2555e+01   3.1930e-09 
  1.2565e+01   2.7583e-09 
  1.2575e+01   2.7739e-09 
  1.2585e+01   2.7703e-09 
  1.2595e+01   2.7759e-09 
  1.2605e+01   2.7814e-09 
  1.2615e+01   2.7866e-09 
  1.2625e+01   2.7945e-09 
  1.2635e+01   2.8062e-09 
  1.2645e+01   2.8051e-09 
  1.2655e+01   1.3179e-08 
  1.2665e+01   2.8143e-09 
  1.2675e+01   2.8185e-09 
  1.2685e+01   2.8224e-09 
  1.2695e+01   5.8753e-09 
  1.2705e+01   2.8331e-09 
  1.2715e+01   2.8385e-09 
  1.2725e+01   2.8442e-09 
  1.2735e+01   2.8533e-09 
  1.2745e+01   2.8578e-09 
  1.2755e+01   2.8646e-09 
  1.2765e+01   2.8659e-09 
  1.2775e+01   2.8709e-09 
  1.2785e+01   2.9373e-09 
  1.2795e+01   2.8820e-09 
  1.2805e+01   2.8935e-09 
  1.2815e+01   4.5093e-09 
  1.2825e+01   2.9148e-09 
  1.2835e+01   2.9035e-09 
  1.2845e+01   3.2389e-09 
  1.2855e+01   2.9384e-09 
  1.2865e+01   2.9507e-09 
  1.2875e+01   2.9217e-09 
  1.2885e+01   2.9290e-09 
  1.2895e+01   2.9298e-09 
  1.2905e+01   2.9342e-09 
  1.2915e+01   2.9510e-09 
  1.2925e+01   3.0919e-09 
  1.2935e+01   3.0379e-09 
  1.2945e+01   2.9775e-09 
  1.2955e+01   3.0416e-09 
  1.2965e+01   2.9767e-09 
  1.2975e+01   3.0064e-09 
  1.2985e+01   2.9714e-09 
  1.2995e+01   2.9834e-09 
  1.3005e+01   2.9870e-09 
  1.3015e+01   2.9870e-09 
  1.3025e+01   3.1585e-09 
  1.3035e+01   3.0211e-09 
  1.3045e+01   3.0002e-09 
  1.3055e+01   3.0050e-09 
  1.3065e+01   3.0232e-09 
  1.3075e+01   3.1024e-09 
  1.3085e+01   3.0223e-09 
  1.3095e+01   3.0268e-09 
  1.3105e+01   3.0789e-09 
  1.3115e+01   3.0527e-09 
  1.3125e+01   3.1315e-09 
  1.3135e+01   3.0831e-09 
  1.3145e+01   3.0503e-09 
  1.3155e+01   9.5376e-09 
  1.3165e+01   3.1022e-09 
  1.3175e+01   3.0618e-09 
  1.3185e+01   3.0989e-09 
  1.3195e+01   3.0723e-09 
  1.3205e+01   3.0771e-09 
  1.3215e+01   3.0833e-09 
  1.3225e+01   3.5421e-09 
  1.3235e+01   3.0927e-09 
  1.3245e+01   3.0943e-09 
  1.3255e+01   3.2780e-09 
  1.3265e+01   3.1487e-09 
  1.3275e+01   3.1194e-09 
  1.3285e+01   3.1372e-09 
  1.3295e+01   3.1336e-09 
  1.3305e+01   3.4843e-09 
  1.3315e+01   3.1550e-09 
  1.3325e+01   4.2501e-09 
  1.3335e+01   3.1439e-09 
  1.3345e+01   3.1463e-09 
  1.3355e+01   3.7184e-09 
  1.3365e+01   3.2409e-09 
  1.3375e+01   3.2304e-09 
  1.3385e+01   3.1768e-09 
  1.3395e+01   4.1363e-09 
  1.3405e+01   3.7028e-09 
  1.3415e+01   3.1782e-09 
  1.3425e+01   3.6706e-09 
  1.3435e+01   6.9762e-09 
  1.3445e+01   1.0816e-06 
  1.3455e+01   3.7413e-08 
  1.3465e+01   6.6085e-08 
  1.3475e+01   2.2443e-08 
  1.3485e+01   1.7222e-08 
  1.3495e+01   3.0703e-08 
  1.3505e+01   3.7823e-09 
  1.3515e+01   4.2907e-09 
  1.3525e+01   4.8663e-09 
  1.3535e+01   5.8425e-09 
  1.3545e+01   7.3186e-09 
  1.3555e+01   1.9134e-07 
  1.3565e+01   8.7398e-09 
  1.3575e+01   5.4240e-09 
  1.3585e+01   3.4055e-09 
  1.3595e+01   3.4539e-09 
  1.3605e+01   3.6351e-09 
  1.3615e+01   3.3167e-09 
  1.3625e+01   3.3263e-09 
  1.3635e+01   3.3382e-09 
  1.3645e+01   3.6632e-09 
  1.3655e+01   1.5803e-08 
  1.3665e+01   3.3645e-09 
  1.3675e+01   4.9070e-09 
  1.3685e+01   3.9771e-09 
  1.3695e+01   5.8802e-07 
  1.3705e+01   1.3599e-08 
  1.3715e+01   2.1342e-08 
  1.3725e+01   3.4292e-09 
  1.3735e+01   3.5721e-09 
  1.3745e+01   3.6020e-09 
  1.3755e+01   3.5548e-09 
  1.3765e+01   3.4866e-09 
  1.3775e+01   2.1467e-08 
  1.3785e+01   3.4825e-09 
  1.3795e+01   3.9512e-09 
  1.3805e+01   3.5005e-09 
  1.3815e+01   3.5143e-09 
  1.3825e+01   4.9646e-08 
  1.3835e+01   3.7018e-09 
  1.3845e+01   3.8505e-09 
  1.3855e+01   3.5464e-09 
  1.3865e+01   4.1458e-09 
  1.3875e+01   4.3173e-09 
  1.3885e+01   4.0202e-09 
  1.3895e+01   1.2830e-08 
  1.3905e+01   3.5884e-09 
  1.3915e+01   3.5978e-09 
  1.3925e+01   3.6072e-09 
  1.3935e+01   3.6164e-09 
  1.3945e+01   3.6270e-09 
  1.3955e+01   5.2776e-09 
  1.3965e+01   3.6574e-09 
  1.3975e+01   4.7420e-09 
  1.3985e+01   3.7350e-09 
  1.3995e+01   3.7749e-09 
  1.4005e+01   4.1875e-09 
  1.4015e+01   6.3269e-09 
  1.4025e+01   4.3365e-09 
  1.4035e+01   4.9507e-09 
  1.4045e+01   2.4663e-08 
  1.4055e+01   4.3796e-09 
  1.4065e+01   4.8994e-09 
  1.4075e+01   2.4628e-08 
  1.4085e+01   3.8215e-09 
  1.4095e+01   4.3904e-09 
  1.4105e+01   4.3758e-09 
  1.4115e+01   5.3708e-09 
  1.4125e+01   3.7959e-09 
  1.4135e+01   3.9903e-09 
  1.4145e+01   4.1911e-09 
  1.4155e+01   4.7182e-09 
  1.4165e+01   4.6177e-09 
  1.4175e+01   3.8401e-09 
  1.4185e+01   3.9377e-09 
  1.4195e+01   3.8206e-09 
  1.4205e+01   3.9514e-08 
  1.4215e+01   3.8308e-09 
  1.4225e+01   3.8357e-09 
  1.4235e+01   3.1791e-09 
  1.4245e+01   2.0878e-09 
  1.4255e+01   8.9223e-09 
  1.4265e+01   1.9097e-09 
  1.4275e+01   1.8992e-09 
  1.4285e+01   1.9031e-09 
  1.4295e+01   1.9112e-09 
  1.4305e+01   1.9434e-09 
  1.4315e+01   1.9199e-09 
  1.4325e+01   1.9214e-09 
  1.4335e+01   1.9301e-09 
  1.4345e+01   6.1822e-09 
  1.4355e+01   1.9354e-09 
  1.4365e+01   1.9408e-09 
  1.4375e+01   1.1186e-08 
  1.4385e+01   1.9476e-09 
  1.4395e+01   1.9520e-09 
  1.4405e+01   2.1212e-09 
  1.4415e+01   2.1594e-09 
  1.4425e+01   3.9358e-09 
  1.4435e+01   3.4500e-09 
  1.4445e+01   1.9745e-09 
  1.4455e+01   1.9790e-09 
  1.4465e+01   1.9906e-09 
  1.4475e+01   2.7021e-09 
  1.4485e+01   2.9320e-09 
  1.4495e+01   2.0003e-09 
  1.4505e+01   3.0537e-09 
  1.4515e+01   2.2060e-09 
  1.4525e+01   2.0108e-09 
  1.4535e+01   9.1228e-09 
  1.4545e+01   2.0201e-09 
  1.4555e+01   2.0322e-09 
  1.4565e+01   2.0303e-09 
  1.4575e+01   5.5972e-09 
  1.4585e+01   2.0381e-09 
  1.4595e+01   2.0431e-09 
  1.4605e+01   3.9471e-09 
  1.4615e+01   2.7576e-09 
  1.4625e+01   2.0551e-09 
  1.4635e+01   2.0624e-09 
  1.4645e+01   2.0605e-09 
  1.4655e+01   2.0893e-09 
  1.4665e+01   2.3778e-09 
  1.4675e+01   2.0688e-09 
  1.4685e+01   2.7147e-09 
  1.4695e+01   2.0759e-09 
  1.4705e+01   2.1159e-09 
  1.4715e+01   2.5999e-09 
  1.4725e+01   3.0818e-09 
  1.4735e+01   2.1974e-09 
  1.4745e+01   2.1349e-09 
  1.4755e+01   2.0998e-09 
  1.4765e+01   2.1061e-09 
  1.4775e+01   2.0958e-09 
  1.4785e+01   3.4880e-09 
  1.4795e+01   2.2099e-09 
  1.4805e+01   2.1040e-09 
  1.4815e+01   2.1075e-09 
  1.4825e+01   1.5748e-07 
  1.4835e+01   2.1143e-09 
  1.4845e+01   2.2084e-09 
  1.4855e+01   2.1470e-09 
  1.4865e+01   2.1363e-09 
  1.4875e+01   2.1254e-09 
  1.4885e+01   2.1272e-09 
  1.4895e+01   2.1284e-09 
  1.4905e+01   2.8522e-09 
  1.4915e+01   2.2041e-09 
  1.4925e+01   3.1290e-09 
  1.4935e+01   2.1397e-09 
  1.4945e+01   2.1779e-09 
  1.4955e+01   2.1458e-09 
  1.4965e+01   2.3162e-09 
  1.4975e+01   2.1541e-09 
  1.4985e+01   2.1527e-09 
  1.4995e+01   2.1556e-09 
  1.5005e+01   2.1584e-09 
  1.5015e+01   8.0557e-07 
  1.5025e+01   3.2710e-09 
  1.5035e+01   2.2408e-09 
  1.5045e+01   2.1736e-09 
  1.5055e+01   2.8374e-09 
  1.5065e+01   5.0189e-09 
  1.5075e+01   2.8936e-09 
  1.5085e+01   4.4548e-09 
  1.5095e+01   2.1834e-09 
  1.5105e+01   2.1857e-09 
  1.5115e+01   1.2015e-08 
  1.5125e+01   2.1921e-09 
  1.5135e+01   2.2317e-09 
  1.5145e+01   2.2391e-09 
  1.5155e+01   6.5666e-09 
  1.5165e+01   2.3314e-09 
  1.5175e+01   3.6243e-07 
  1.5185e+01   7.6351e-09 
  1.5195e+01   1.3356e-08 
  1.5205e+01   4.0381e-09 
  1.5215e+01   3.4572e-09 
  1.5225e+01   4.8860e-09 
  1.5235e+01   8.3035e-09 
  1.5245e+01   2.1709e-09 
  1.5255e+01   3.1000e-08 
  1.5265e+01   2.4752e-07 
  1.5275e+01   1.5525e-08 
  1.5285e+01   2.1817e-09 
  1.5295e+01   2.1849e-09 
  1.5305e+01   1.4666e-08 
  1.5315e+01   6.7286e-09 
  1.5325e+01   2.8564e-09 
  1.5335e+01   2.2503e-09 
  1.5345e+01   2.3832e-09 
  1.5355e+01   2.3281e-09 
  1.5365e+01   1.6981e-08 
  1.5375e+01   2.6385e-09 
  1.5385e+01   6.0371e-09 
  1.5395e+01   1.2398e-08 
  1.5405e+01   2.6137e-09 
  1.5415e+01   5.0424e-09 
  1.5425e+01   2.8556e-09 
  1.5435e+01   6.2241e-09 
  1.5445e+01   3.9557e-09 
  1.5455e+01   3.6571e-08 
  1.5465e+01   2.2507e-09 
  1.5475e+01   3.4877e-09 
  1.5485e+01   2.5063e-09 
  1.5495e+01   6.0313e-09 
  1.5505e+01   4.4732e-09 
  1.5515e+01   9.0928e-09 
  1.5525e+01   3.0063e-09 
  1.5535e+01   6.2965e-09 
  1.5545e+01   5.4805e-09 
  1.5555e+01   2.4586e-09 
  1.5565e+01   2.4375e-09 
  1.5575e+01   2.3488e-09 
  1.5585e+01   3.0644e-09 
  1.5595e+01   5.2244e-09 
  1.5605e+01   4.2525e-09 
  1.5615e+01   2.7024e-09 
  1.5625e+01   1.2519e-08 
  1.5635e+01   2.9929e-09 
  1.5645e+01   2.7272e-09 
  1.5655e+01   2.7652e-09 
  1.5665e+01   2.6963e-09 
  1.5675e+01   2.3399e-09 
  1.5685e+01   2.4494e-09 
  1.5695e+01   2.4874e-09 
  1.5705e+01   2.2938e-09 
  1.5715e+01   2.3770e-09 
  1.5725e+01   2.3730e-09 
  1.5735e+01   2.5456e-09 
  1.5745e+01   3.5949e-09 
  1.5755e+01   3.7253e-09 
  1.5765e+01   2.3191e-09 
  1.5775e+01   2.3059e-09 
  1.5785e+01   2.3245e-09 
  1.5795e+01   2.4282e-09 
  1.5805e+01   2.3097e-09 
  1.5815e+01   2.3111e-09 
  1.5825e+01   8.7351e-09 
  1.5835e+01   2.3152e-09 
  1.5845e+01   2.3339e-09 
  1.5855e+01   2.3187e-09 
  1.5865e+01   2.5800e-09 
  1.5875e+01   5.6869e-09 
  1.5885e+01   2.3249e-09 
  1.5895e+01   2.5975e-09 
  1.5905e+01   2.3272e-09 
  1.5915e+01   2.3375e-09 
  1.5925e+01   2.8208e-09 
  1.5935e+01   5.0992e-09 
  1.5945e+01   2.7003e-09 
  1.5955e+01   2.3332e-09 
  1.5965e+01   2.3352e-09 
  1.5975e+01   2.8879e-09 
  1.5985e+01   2.4063e-09 
  1.5995e+01   1.2396e-08 
  1.6005e+01   1.2188e-06 
  1.6015e+01   2.3432e-09 
  1.6025e+01   2.3491e-09 
  1.6035e+01   2.3483e-09 
  1.6045e+01   3.8426e-09 
  1.6055e+01   2.3491e-09 
  1.6065e+01   2.3749e-09 
  1.6075e+01   1.8473e-08 
  1.6085e+01   2.3540e-09 
  1.6095e+01   2.3556e-09 
  1.6105e+01   2.3575e-09 
  1.6115e+01   3.3889e-09 
  1.6125e+01   2.3605e-09 
  1.6135e+01   2.3617e-09 
  1.6145e+01   2.3628e-09 
  1.6155e+01   7.9819e-09 
  1.6165e+01   2.4682e-09 
  1.6175e+01   2.3780e-09 
  1.6185e+01   2.3701e-09 
  1.6195e+01   2.3761e-09 
  1.6205e+01   2.3734e-09 
  1.6215e+01   2.3742e-09 
  1.6225e+01   1.0761e-08 
  1.6235e+01   2.3769e-09 
  1.6245e+01   2.3787e-09 
  1.6255e+01   2.3805e-09 
  1.6265e+01   2.3820e-09 
  1.6275e+01   2.3840e-09 
  1.6285e+01   2.8454e-09 
  1.6295e+01   2.3873e-09 
  1.6305e+01   2.3882e-09 
  1.6315e+01   2.3898e-09 
  1.6325e+01   3.9603e-09 
  1.6335e+01   2.3940e-09 
  1.6345e+01   2.4387e-09 
  1.6355e+01   1.3997e-08 
  1.6365e+01   2.3984e-09 
  1.6375e+01   2.3999e-09 
  1.6385e+01   2.4161e-09 
  1.6395e+01   2.4256e-09 
  1.6405e+01   2.4040e-09 
  1.6415e+01   2.4049e-09 
  1.6425e+01   2.4067e-09 
  1.6435e+01   2.4083e-09 
  1.6445e+01   2.4100e-09 
  1.6455e+01   2.4113e-09 
  1.6465e+01   2.4131e-09 
  1.6475e+01   2.4142e-09 
  1.6485e+01   5.4680e-09 
  1.6495e+01   2.4172e-09 
  1.6505e+01   2.4262e-09 
  1.6515e+01   2.4205e-09 
  1.6525e+01   2.4218e-09 
  1.6535e+01   2.4241e-09 
  1.6545e+01   2.4256e-09 
  1.6555e+01   3.4040e-09 
  1.6565e+01   2.4274e-09 
  1.6575e+01   2.4295e-09 
  1.6585e+01   5.2829e-09 
  1.6595e+01   2.7666e-09 
  1.6605e+01   2.4340e-09 
  1.6615e+01   2.4359e-09 
  1.6625e+01   3.3436e-09 
  1.6635e+01   2.4396e-09 
  1.6645e+01   2.4467e-09 
  1.6655e+01   2.7263e-09 
  1.6665e+01   2.5406e-09 
  1.6675e+01   2.4508e-09 
  1.6685e+01   2.4468e-09 
  1.6695e+01   3.5922e-09 
  1.6705e+01   2.4500e-09 
  1.6715e+01   2.7788e-09 
  1.6725e+01   2.8495e-09 
  1.6735e+01   2.8036e-09 
  1.6745e+01   2.4495e-09 
  1.6755e+01   2.3639e-09 
  1.6765e+01   2.2526e-09 
  1.6775e+01   2.2030e-09 
  1.6785e+01   3.9796e-07 
  1.6795e+01   2.3401e-09 
  1.6805e+01   2.2246e-09 
  1.6815e+01   2.2086e-09 
  1.6825e+01   2.2096e-09 
  1.6835e+01   2.2143e-09 
  1.6845e+01   2.4884e-09 
  1.6855e+01   2.2124e-09 
  1.6865e+01   2.2135e-09 
  1.6875e+01   2.2206e-09 
  1.6885e+01   2.2161e-09 
  1.6895e+01   2.2209e-09 
  1.6905e+01   2.2183e-09 
  1.6915e+01   2.2194e-09 
  1.6925e+01   2.9415e-09 
  1.6935e+01   2.2219e-09 
  1.6945e+01   2.2233e-09 
  1.6955e+01   2.2244e-09 
  1.6965e+01   2.2533e-09 
  1.6975e+01   2.2276e-09 
  1.6985e+01   2.5044e-09 
  1.6995e+01   2.2295e-09 
  1.7005e+01   2.2308e-09 
  1.7015e+01   2.2327e-09 
  1.7025e+01   2.7573e-09 
  1.7035e+01   2.2635e-09 
  1.7045e+01   2.2374e-09 
  1.7055e+01   4.6593e-07 
  1.7065e+01   2.2351e-09 
  1.7075e+01   2.2354e-09 
  1.7085e+01   2.2372e-09 
  1.7095e+01   4.6038e-07 
  1.7105e+01   2.2996e-09 
  1.7115e+01   2.2410e-09 
  1.7125e+01   2.7063e-09 
  1.7135e+01   2.2432e-09 
  1.7145e+01   2.2636e-09 
  1.7155e+01   2.2458e-09 
  1.7165e+01   2.5874e-09 
  1.7175e+01   2.9908e-09 
  1.7185e+01   3.1955e-09 
  1.7195e+01   2.2778e-09 
  1.7205e+01   2.3903e-09 
  1.7215e+01   2.9026e-09 
  1.7225e+01   2.2544e-09 
  1.7235e+01   2.2555e-09 
  1.7245e+01   2.8379e-09 
  1.7255e+01   2.5159e-09 
  1.7265e+01   3.1205e-09 
  1.7275e+01   2.3479e-09 
  1.7285e+01   2.5966e-09 
  1.7295e+01   2.4446e-09 
  1.7305e+01   2.2919e-09 
  1.7315e+01   2.2664e-09 
  1.7325e+01   2.2697e-09 
  1.7335e+01   2.2716e-09 
  1.7345e+01   2.3011e-09 
  1.7355e+01   2.2716e-09 
  1.7365e+01   2.2926e-09 
  1.7375e+01   2.2734e-09 
  1.7385e+01   2.6690e-09 
  1.7395e+01   7.6421e-08 
  1.7405e+01   2.2771e-09 
  1.7415e+01   2.5605e-09 
  1.7425e+01   3.2411e-09 
  1.7435e+01   2.2813e-09 
  1.7445e+01   2.9743e-09 
  1.7455e+01   2.7969e-09 
  1.7465e+01   2.8659e-09 
  1.7475e+01   2.2887e-09 
  1.7485e+01   2.2889e-09 
  1.7495e+01   2.3275e-09 
  1.7505e+01   2.7050e-09 
  1.7515e+01   2.3220e-09 
  1.7525e+01   2.2844e-09 
  1.7535e+01   2.3071e-09 
  1.7545e+01   2.5602e-09 
  1.7555e+01   2.3065e-09 
  1.7565e+01   2.6549e-09 
  1.7575e+01   2.4336e-09 
  1.7585e+01   2.2916e-09 
  1.7595e+01   2.2946e-09 
  1.7605e+01   2.2974e-09 
  1.7615e+01   2.4728e-09 
  1.7625e+01   1.3486e-08 
  1.7635e+01   2.3203e-09 
  1.7645e+01   2.3439e-09 
  1.7655e+01   2.2991e-09 
  1.7665e+01   2.3468e-09 
  1.7675e+01   2.3014e-09 
  1.7685e+01   2.3028e-09 
  1.7695e+01   2.3042e-09 
  1.7705e+01   2.3052e-09 
  1.7715e+01   2.3110e-09 
  1.7725e+01   2.3075e-09 
  1.7735e+01   3.7854e-09 
  1.7745e+01   3.0543e-09 
  1.7755e+01   2.3115e-09 
  1.7765e+01   1.6170e-07 
  1.7775e+01   2.3141e-09 
  1.7785e+01   2.3157e-09 
  1.7795e+01   2.3415e-09 
  1.7805e+01   2.3481e-09 
  1.7815e+01   2.3906e-09 
  1.7825e+01   2.3427e-09 
  1.7835e+01   2.3212e-09 
  1.7845e+01   2.3220e-09 
  1.7855e+01   2.3231e-09 
  1.7865e+01   2.3243e-09 
  1.7875e+01   2.5618e-09 
  1.7885e+01   2.3637e-09 
  1.7895e+01   2.4834e-09 
  1.7905e+01   2.3298e-09 
  1.7915e+01   2.3306e-09 
  1.7925e+01   2.3316e-09 
  1.7935e+01   2.3989e-09 
  1.7945e+01   2.3628e-09 
  1.7955e+01   2.3342e-09 
  1.7965e+01   2.3357e-09 
  1.7975e+01   2.3361e-09 
  1.7985e+01   2.3376e-09 
  1.7995e+01   2.3388e-09 
  1.8005e+01   2.3396e-09 
  1.8015e+01   2.3412e-09 
  1.8025e+01   2.3421e-09 
  1.8035e+01   2.3438e-09 
  1.8045e+01   2.3483e-09 
  1.8055e+01   2.3548e-09 
  1.8065e+01   2.4521e-09 
  1.8075e+01   2.3872e-09 
  1.8085e+01   2.3521e-09 
  1.8095e+01   2.3500e-09 
  1.8105e+01   2.3920e-09 
  1.8115e+01   2.3526e-09 
  1.8125e+01   2.3536e-09 
  1.8135e+01   2.3545e-09 
  1.8145e+01   2.3551e-09 
  1.8155e+01   2.3567e-09 
  1.8165e+01   2.3578e-09 
  1.8175e+01   2.5944e-09 
  1.8185e+01   2.3603e-09 
  1.8195e+01   2.3610e-09 
  1.8205e+01   2.3625e-09 
  1.8215e+01   2.3634e-09 
  1.8225e+01   2.3656e-09 
  1.8235e+01   2.3714e-09 
  1.8245e+01   2.5108e-09 
  1.8255e+01   2.5075e-09 
  1.8265e+01   2.7815e-09 
  1.8275e+01   2.3436e-09 
  1.8285e+01   2.3412e-09 
  1.8295e+01   2.4963e-09 
  1.8305e+01   2.3525e-09 
  1.8315e+01   2.3577e-09 
  1.8325e+01   2.3448e-09 
  1.8335e+01   2.3470e-09 
  1.8345e+01   2.3514e-09 
  1.8355e+01   2.3563e-09 
  1.8365e+01   2.3610e-09 
  1.8375e+01   2.5122e-09 
  1.8385e+01   3.0815e-09 
  1.8395e+01   2.5298e-09 
  1.8405e+01   2.3592e-09 
  1.8415e+01   2.3545e-09 
  1.8425e+01   2.3553e-09 
  1.8435e+01   2.3568e-09 
  1.8445e+01   2.3578e-09 
  1.8455e+01   2.3593e-09 
  1.8465e+01   2.3603e-09 
  1.8475e+01   2.3604e-09 
  1.8485e+01   2.4021e-09 
  1.8495e+01   2.4059e-09 
  1.8505e+01   2.3630e-09 
  1.8515e+01   2.3638e-09 
  1.8525e+01   2.3657e-09 
  1.8535e+01   3.4535e-09 
  1.8545e+01   2.3722e-09 
  1.8555e+01   2.3741e-09 
  1.8565e+01   2.3728e-09 
  1.8575e+01   2.7328e-09 
  1.8585e+01   2.3730e-09 
  1.8595e+01   3.2122e-09 
  1.8605e+01   2.5259e-09 
  1.8615e+01   2.3746e-09 
  1.8625e+01   5.1143e-07 
  1.8635e+01   2.3759e-09 
  1.8645e+01   2.3772e-09 
  1.8655e+01   2.3789e-09 
  1.8665e+01   2.4056e-09 
  1.8675e+01   2.4901e-09 
  1.8685e+01   2.6047e-09 
  1.8695e+01   4.7858e-09 
  1.8705e+01   2.3905e-09 
  1.8715e+01   2.3940e-09 
  1.8725e+01   2.3931e-09 
  1.8735e+01   2.5122e-09 
  1.8745e+01   2.3879e-09 
  1.8755e+01   2.3878e-09 
  1.8765e+01   2.3893e-09 
  1.8775e+01   2.3900e-09 
  1.8785e+01   3.6925e-09 
  1.8795e+01   2.3916e-09 
  1.8805e+01   2.3920e-09 
  1.8815e+01   2.3926e-09 
  1.8825e+01   2.3940e-09 
  1.8835e+01   2.3950e-09 
  1.8845e+01   2.3953e-09 
  1.8855e+01   2.3960e-09 
  1.8865e+01   2.3968e-09 
  1.8875e+01   2.3979e-09 
  1.8885e+01   4.4049e-09 
  1.8895e+01   9.3408e-09 
  1.8905e+01   2.4059e-09 
  1.8915e+01   2.4100e-09 
  1.8925e+01   2.4245e-09 
  1.8935e+01   3.2512e-08 
  1.8945e+01   2.5777e-09 
  1.8955e+01   7.5433e-08 
  1.8965e+01   6.8846e-06 
  1.8975e+01   3.4077e-06 
  1.8985e+01   4.1588e-08 
  1.8995e+01   3.5425e-08 
  1.9005e+01   5.9061e-08 
  1.9015e+01   4.8100e-08 
  1.9025e+01   8.8057e-09 
  1.9035e+01   9.0596e-09 
  1.9045e+01   1.7478e-08 
  1.9055e+01   1.7707e-08 
  1.9065e+01   5.7058e-08 
  1.9075e+01   2.5929e-09 
  1.9085e+01   2.6131e-09 
  1.9095e+01   2.6312e-09 
  1.9105e+01   2.9632e-09 
  1.9115e+01   2.6545e-09 
  1.9125e+01   3.3274e-09 
  1.9135e+01   2.6854e-09 
  1.9145e+01   2.7028e-09 
  1.9155e+01   2.7209e-09 
  1.9165e+01   2.9564e-09 
  1.9175e+01   5.2948e-09 
  1.9185e+01   2.7668e-09 
  1.9195e+01   4.2254e-09 
  1.9205e+01   2.7963e-09 
  1.9215e+01   1.8248e-08 
  1.9225e+01   2.8276e-09 
  1.9235e+01   2.8434e-09 
  1.9245e+01   2.8562e-09 
  1.9255e+01   2.8678e-09 
  1.9265e+01   2.9177e-09 
  1.9275e+01   2.8914e-09 
  1.9285e+01   2.9065e-09 
  1.9295e+01   2.9216e-09 
  1.9305e+01   2.5121e-08 
  1.9315e+01   2.1093e-08 
  1.9325e+01   2.9555e-09 
  1.9335e+01   5.2401e-09 
  1.9345e+01   3.0002e-09 
  1.9355e+01   2.9865e-09 
  1.9365e+01   1.7411e-08 
  1.9375e+01   3.0109e-09 
  1.9385e+01   4.6176e-09 
  1.9395e+01   5.3254e-08 
  1.9405e+01   3.0499e-09 
  1.9415e+01   3.0842e-09 
  1.9425e+01   7.8931e-09 
  1.9435e+01   3.0875e-09 
  1.9445e+01   3.1370e-09 
  1.9455e+01   3.1266e-09 
  1.9465e+01   3.1232e-09 
  1.9475e+01   3.1341e-09 
  1.9485e+01   3.1459e-09 
  1.9495e+01   3.1582e-09 
  1.9505e+01   3.1711e-09 
  1.9515e+01   3.1834e-09 
  1.9525e+01   3.1956e-09 
  1.9535e+01   3.2084e-09 
  1.9545e+01   3.2211e-09 
  1.9555e+01   4.9009e-09 
  1.9565e+01   3.2448e-09 
  1.9575e+01   3.2576e-09 
  1.9585e+01   3.2716e-09 
  1.9595e+01   3.2839e-09 
  1.9605e+01   8.4630e-09 
  1.9615e+01   3.3347e-09 
  1.9625e+01   3.3447e-09 
  1.9635e+01   3.5742e-09 
  1.9645e+01   3.5868e-09 
  1.9655e+01   3.3509e-09 
  1.9665e+01   3.3587e-09 
  1.9675e+01   3.3664e-09 
  1.9685e+01   3.3739e-09 
  1.9695e+01   3.3820e-09 
  1.9705e+01   3.3894e-09 
  1.9715e+01   3.3976e-09 
  1.9725e+01   3.5308e-09 
  1.9735e+01   3.4138e-09 
  1.9745e+01   3.4227e-09 
  1.9755e+01   3.4739e-09 
  1.9765e+01   3.4413e-09 
  1.9775e+01   5.8212e-09 
  1.9785e+01   3.9034e-09 
  1.9795e+01   3.4958e-09 
  1.9805e+01   3.5732e-09 
  1.9815e+01   3.4789e-09 
  1.9825e+01   3.6667e-08 
  1.9835e+01   3.4913e-09 
  1.9845e+01   3.4995e-09 
  1.9855e+01   4.2982e-09 
  1.9865e+01   3.5159e-09 
  1.9875e+01   4.0820e-09 
  1.9885e+01   3.5344e-09 
  1.9895e+01   3.5409e-09 
  1.9905e+01   3.5920e-09 
  1.9915e+01   5.3067e-09 
  1.9925e+01   3.5613e-09 
  1.9935e+01   4.0948e-09 
  1.9945e+01   3.5740e-09 
  1.9955e+01   3.5807e-09 
  1.9965e+01   3.5879e-09 
  1.9975e+01   3.5960e-09 
  1.9985e+01   3.6041e-09 
  1.9995e+01   3.6124e-09 
  2.0005e+01   3.6208e-09 
  2.0015e+01   3.6290e-09 
  2.0025e+01   3.6720e-09 
  2.0035e+01   3.6268e-09 
  2.0045e+01   3.6252e-09 
  2.0055e+01   3.7496e-09 
  2.0065e+01   3.6336e-09 
  2.0075e+01   3.6429e-09 
  2.0085e+01   3.6514e-09 
  2.0095e+01   3.6605e-09 
  2.0105e+01   3.6703e-09 
  2.0115e+01   3.7076e-09 
  2.0125e+01   3.6873e-09 
  2.0135e+01   3.6945e-09 
  2.0145e+01   3.7009e-09 
  2.0155e+01   3.7090e-09 
  2.0165e+01   3.7167e-09 
  2.0175e+01   3.7236e-09 
  2.0185e+01   3.7321e-09 
  2.0195e+01   3.7395e-09 
  2.0205e+01   3.7482e-09 
  2.0215e+01   4.0102e-09 
  2.0225e+01   3.7644e-09 
  2.0235e+01   3.7732e-09 
  2.0245e+01   3.7818e-09 
  2.0255e+01   3.7896e-09 
  2.0265e+01   3.7954e-09 
  2.0275e+01   3.8019e-09 
  2.0285e+01   3.8092e-09 
  2.0295e+01   3.8151e-09 
  2.0305e+01   3.8217e-09 
  2.0315e+01   3.8287e-09 
  2.0325e+01   3.8368e-09 
  2.0335e+01   3.8457e-09 
  2.0345e+01   4.1971e-09 
  2.0355e+01   3.8620e-09 
  2.0365e+01   3.8702e-09 
  2.0375e+01   4.0668e-09 
  2.0385e+01   3.8869e-09 
  2.0395e+01   4.1227e-09 
  2.0405e+01   3.9032e-09 
  2.0415e+01   3.9111e-09 
  2.0425e+01   3.9146e-09 
  2.0435e+01   4.6748e-09 
  2.0445e+01   3.9219e-09 
  2.0455e+01   4.0244e-09 
  2.0465e+01   3.9280e-09 
  2.0475e+01   3.9303e-09 
  2.0485e+01   3.9341e-09 
  2.0495e+01   5.5621e-09 
  2.0505e+01   3.9403e-09 
  2.0515e+01   3.9624e-09 
  2.0525e+01   3.9476e-09 
  2.0535e+01   3.9946e-09 
  2.0545e+01   5.1654e-09 
  2.0555e+01   6.8776e-09 
  2.0565e+01   4.2844e-09 
  2.0575e+01   3.9688e-09 
  2.0585e+01   3.9723e-09 
  2.0595e+01   3.9751e-09 
  2.0605e+01   5.1135e-09 
  2.0615e+01   6.8817e-09 
  2.0625e+01   3.9859e-09 
  2.0635e+01   3.9915e-09 
  2.0645e+01   3.9946e-09 
  2.0655e+01   4.1989e-09 
  2.0665e+01   4.0281e-09 
  2.0675e+01   1.0753e-08 
  2.0685e+01   7.3104e-09 
  2.0695e+01   4.0135e-09 
  2.0705e+01   4.0206e-09 
  2.0715e+01   4.0259e-09 
  2.0725e+01   4.0887e-09 
  2.0735e+01   4.0328e-09 
  2.0745e+01   4.4144e-09 
  2.0755e+01   4.0356e-09 
  2.0765e+01   4.0393e-09 
  2.0775e+01   5.4280e-09 
  2.0785e+01   4.0850e-09 
  2.0795e+01   4.0492e-09 
  2.0805e+01   4.0507e-09 
  2.0815e+01   4.1547e-09 
  2.0825e+01   4.0567e-09 
  2.0835e+01   4.0738e-09 
  2.0845e+01   4.0923e-09 
  2.0855e+01   4.6992e-09 
  2.0865e+01   4.0779e-09 
  2.0875e+01   4.1078e-09 
  2.0885e+01   4.0848e-09 
  2.0895e+01   4.4077e-09 
  2.0905e+01   7.6367e-08 
  2.0915e+01   4.0232e-08 
  2.0925e+01   4.2630e-09 
  2.0935e+01   4.0972e-09 
  2.0945e+01   4.1022e-09 
  2.0955e+01   5.6274e-09 
  2.0965e+01   4.6685e-09 
  2.0975e+01   4.1133e-09 
  2.0985e+01   4.1180e-09 
  2.0995e+01   4.1209e-09 
  2.1005e+01   4.1244e-09 
  2.1015e+01   4.2990e-09 
  2.1025e+01   5.0396e-09 
  2.1035e+01   4.1327e-09 
  2.1045e+01   4.1365e-09 
  2.1055e+01   4.1395e-09 
  2.1065e+01   4.1425e-09 
  2.1075e+01   4.1474e-09 
  2.1085e+01   4.5135e-09 
  2.1095e+01   4.1758e-09 
  2.1105e+01   4.1589e-09 
  2.1115e+01   4.5093e-09 
  2.1125e+01   4.3082e-09 
  2.1135e+01   4.1708e-09 
  2.1145e+01   4.2370e-09 
  2.1155e+01   4.1795e-09 
  2.1165e+01   4.1847e-09 
  2.1175e+01   4.1891e-09 
  2.1185e+01   4.1936e-09 
  2.1195e+01   9.3841e-09 
  2.1205e+01   4.2417e-09 
  2.1215e+01   4.2036e-09 
  2.1225e+01   4.2052e-09 
  2.1235e+01   4.2096e-09 
  2.1245e+01   4.2130e-09 
  2.1255e+01   4.2165e-09 
  2.1265e+01   4.3212e-09 
  2.1275e+01   4.3400e-09 
  2.1285e+01   4.2273e-09 
  2.1295e+01   4.2296e-09 
  2.1305e+01   4.2314e-09 
  2.1315e+01   4.2350e-09 
  2.1325e+01   4.2370e-09 
  2.1335e+01   4.4909e-09 
  2.1345e+01   4.2470e-09 
  2.1355e+01   4.2513e-09 
  2.1365e+01   4.2716e-09 
  2.1375e+01   4.2875e-09 
  2.1385e+01   4.2610e-09 
  2.1395e+01   4.4548e-09 
  2.1405e+01   4.2658e-09 
  2.1415e+01   4.5587e-09 
  2.1425e+01   4.2732e-09 
  2.1435e+01   4.2760e-09 
  2.1445e+01   5.8341e-09 
  2.1455e+01   2.9889e-08 
  2.1465e+01   4.3167e-09 
  2.1475e+01   4.2927e-09 
  2.1485e+01   4.4789e-09 
  2.1495e+01   5.3794e-09 
  2.1505e+01   4.4055e-09 
  2.1515e+01   4.4732e-09 
  2.1525e+01   4.7249e-09 
  2.1535e+01   4.3192e-09 
  2.1545e+01   4.3229e-09 
  2.1555e+01   4.3283e-09 
  2.1565e+01   4.3342e-09 
  2.1575e+01   7.2627e-09 
  2.1585e+01   4.7013e-09 
  2.1595e+01   4.6277e-09 
  2.1605e+01   3.9645e-06 
  2.1615e+01   3.5536e-08 
  2.1625e+01   2.1112e-08 
  2.1635e+01   3.9403e-08 
  2.1645e+01   2.3046e-08 
  2.1655e+01   3.1649e-08 
  2.1665e+01   9.1478e-09 
  2.1675e+01   1.4240e-08 
  2.1685e+01   2.4679e-08 
  2.1695e+01   4.4122e-09 
  2.1705e+01   5.1009e-09 
  2.1715e+01   4.3891e-09 
  2.1725e+01   4.4853e-09 
  2.1735e+01   1.3068e-08 
  2.1745e+01   5.9860e-09 
  2.1755e+01   4.5428e-09 
  2.1765e+01   6.1735e-09 
  2.1775e+01   4.5296e-09 
  2.1785e+01   7.0701e-09 
  2.1795e+01   5.4761e-09 
  2.1805e+01   4.9856e-07 
  2.1815e+01   8.7715e-09 
  2.1825e+01   5.6998e-09 
  2.1835e+01   5.0550e-09 
  2.1845e+01   6.4133e-09 
  2.1855e+01   5.3300e-09 
  2.1865e+01   4.4598e-09 
  2.1875e+01   4.4569e-09 
  2.1885e+01   4.5699e-09 
  2.1895e+01   4.4528e-09 
  2.1905e+01   4.8989e-09 
  2.1915e+01   4.4605e-09 
  2.1925e+01   4.4638e-09 
  2.1935e+01   4.5535e-09 
  2.1945e+01   4.4703e-09 
  2.1955e+01   4.4745e-09 
  2.1965e+01   5.9442e-09 
  2.1975e+01   4.4809e-09 
  2.1985e+01   4.4866e-09 
  2.1995e+01   4.5458e-09 
  2.2005e+01   4.4959e-09 
  2.2015e+01   4.5648e-09 
  2.2025e+01   1.6167e-08 
  2.2035e+01   4.5031e-09 
  2.2045e+01   4.5058e-09 
  2.2055e+01   4.5136e-09 
  2.2065e+01   5.1113e-09 
  2.2075e+01   5.1650e-09 
  2.2085e+01   4.5412e-09 
  2.2095e+01   2.0563e-06 
  2.2105e+01   4.6319e-09 
  2.2115e+01   8.3705e-09 
  2.2125e+01   1.1614e-08 
  2.2135e+01   1.3705e-08 
  2.2145e+01   4.5457e-09 
  2.2155e+01   4.5485e-09 
  2.2165e+01   4.5508e-09 
  2.2175e+01   4.5561e-09 
  2.2185e+01   1.0016e-08 
  2.2195e+01   5.5515e-09 
  2.2205e+01   4.6834e-09 
  2.2215e+01   4.5767e-09 
  2.2225e+01   4.6184e-09 
  2.2235e+01   4.5813e-09 
  2.2245e+01   4.5850e-09 
  2.2255e+01   4.5883e-09 
  2.2265e+01   4.5917e-09 
  2.2275e+01   4.5962e-09 
  2.2285e+01   4.5986e-09 
  2.2295e+01   4.6034e-09 
  2.2305e+01   4.6210e-09 
  2.2315e+01   4.6395e-09 
  2.2325e+01   4.6156e-09 
  2.2335e+01   4.6189e-09 
  2.2345e+01   4.6221e-09 
  2.2355e+01   4.6252e-09 
  2.2365e+01   4.6296e-09 
  2.2375e+01   4.8391e-09 
  2.2385e+01   4.6372e-09 
  2.2395e+01   4.6410e-09 
  2.2405e+01   4.6461e-09 
  2.2415e+01   4.6510e-09 
  2.2425e+01   4.6571e-09 
  2.2435e+01   4.6621e-09 
  2.2445e+01   4.6989e-09 
  2.2455e+01   4.6716e-09 
  2.2465e+01   4.9980e-09 
  2.2475e+01   5.1159e-09 
  2.2485e+01   5.1512e-09 
  2.2495e+01   5.6141e-09 
  2.2505e+01   5.4274e-09 
  2.2515e+01   4.7876e-09 
  2.2525e+01   4.6998e-09 
  2.2535e+01   4.7043e-09 
  2.2545e+01   4.7047e-09 
  2.2555e+01   4.7063e-09 
  2.2565e+01   4.7252e-09 
  2.2575e+01   4.7118e-09 
  2.2585e+01   4.7135e-09 
  2.2595e+01   4.7153e-09 
  2.2605e+01   4.7181e-09 
  2.2615e+01   4.7371e-09 
  2.2625e+01   4.7255e-09 
  2.2635e+01   4.7290e-09 
  2.2645e+01   4.7324e-09 
  2.2655e+01   4.7362e-09 
  2.2665e+01   4.7827e-09 
  2.2675e+01   6.4004e-09 
  2.2685e+01   4.7426e-09 
  2.2695e+01   4.7455e-09 
  2.2705e+01   4.7476e-09 
  2.2715e+01   4.8490e-09 
  2.2725e+01   4.7831e-09 
  2.2735e+01   4.7566e-09 
  2.2745e+01   4.8904e-09 
  2.2755e+01   4.7644e-09 
  2.2765e+01   4.7677e-09 
  2.2775e+01   4.8012e-09 
  2.2785e+01   5.0269e-09 
  2.2795e+01   5.0314e-09 
  2.2805e+01   4.7744e-09 
  2.2815e+01   4.7777e-09 
  2.2825e+01   4.7790e-09 
  2.2835e+01   4.7845e-09 
  2.2845e+01   5.0511e-09 
  2.2855e+01   4.7907e-09 
  2.2865e+01   4.8069e-09 
  2.2875e+01   4.7946e-09 
  2.2885e+01   4.9025e-09 
  2.2895e+01   4.7976e-09 
  2.2905e+01   5.0123e-09 
  2.2915e+01   4.8028e-09 
  2.2925e+01   4.8066e-09 
  2.2935e+01   4.8103e-09 
  2.2945e+01   4.8126e-09 
  2.2955e+01   4.8149e-09 
  2.2965e+01   4.8159e-09 
  2.2975e+01   5.2991e-09 
  2.2985e+01   5.0882e-09 
  2.2995e+01   4.8224e-09 
  2.3005e+01   2.8420e-08 
  2.3015e+01   1.6569e-08 
  2.3025e+01   4.9349e-09 
  2.3035e+01   5.0380e-09 
  2.3045e+01   4.8391e-09 
  2.3055e+01   4.8425e-09 
  2.3065e+01   4.8473e-09 
  2.3075e+01   4.8995e-09 
  2.3085e+01   4.9525e-09 
  2.3095e+01   4.8546e-09 
  2.3105e+01   5.4297e-09 
  2.3115e+01   4.8583e-09 
  2.3125e+01   4.9327e-09 
  2.3135e+01   4.8660e-09 
  2.3145e+01   4.8673e-09 
  2.3155e+01   4.9090e-09 
  2.3165e+01   4.8735e-09 
  2.3175e+01   5.0118e-09 
  2.3185e+01   4.8775e-09 
  2.3195e+01   4.8814e-09 
  2.3205e+01   4.9552e-09 
  2.3215e+01   4.8835e-09 
  2.3225e+01   4.8823e-09 
  2.3235e+01   4.8861e-09 
  2.3245e+01   4.8854e-09 
  2.3255e+01   4.8911e-09 
  2.3265e+01   4.8946e-09 
  2.3275e+01   8.0216e-09 
  2.3285e+01   4.9041e-09 
  2.3295e+01   4.9054e-09 
  2.3305e+01   4.9056e-09 
  2.3315e+01   4.9256e-09 
  2.3325e+01   5.0501e-09 
  2.3335e+01   5.7426e-09 
  2.3345e+01   5.8789e-09 
  2.3355e+01   4.9247e-09 
  2.3365e+01   4.9153e-09 
  2.3375e+01   5.0836e-09 
  2.3385e+01   4.9300e-09 
  2.3395e+01   5.1914e-09 
  2.3405e+01   4.9219e-09 
  2.3415e+01   5.2644e-09 
  2.3425e+01   5.0341e-09 
  2.3435e+01   4.9266e-09 
  2.3445e+01   4.9307e-09 
  2.3455e+01   4.9322e-09 
  2.3465e+01   4.9350e-09 
  2.3475e+01   4.9360e-09 
  2.3485e+01   4.9396e-09 
  2.3495e+01   4.9621e-09 
  2.3505e+01   4.9429e-09 
  2.3515e+01   4.9461e-09 
  2.3525e+01   4.9498e-09 
  2.3535e+01   5.0186e-09 
  2.3545e+01   1.5467e-08 
  2.3555e+01   4.9579e-09 
  2.3565e+01   4.9752e-09 
  2.3575e+01   4.9613e-09 
  2.3585e+01   4.9623e-09 
  2.3595e+01   1.0397e-08 
  2.3605e+01   5.0817e-09 
  2.3615e+01   4.9906e-09 
  2.3625e+01   1.4766e-08 
  2.3635e+01   4.9708e-09 
  2.3645e+01   4.9713e-09 
  2.3655e+01   4.9724e-09 
  2.3665e+01   4.9695e-09 
  2.3675e+01   4.9675e-09 
  2.3685e+01   4.9656e-09 
  2.3695e+01   4.9648e-09 
  2.3705e+01   4.9648e-09 
  2.3715e+01   4.9648e-09 
  2.3725e+01   4.9634e-09 
  2.3735e+01   4.9648e-09 
  2.3745e+01   4.9637e-09 
  2.3755e+01   4.9641e-09 
  2.3765e+01   4.9645e-09 
  2.3775e+01   1.1220e-08 
  2.3785e+01   4.9651e-09 
  2.3795e+01   4.9654e-09 
  2.3805e+01   4.9657e-09 
  2.3815e+01   4.9646e-09 
  2.3825e+01   4.9663e-09 
  2.3835e+01   4.9670e-09 
  2.3845e+01   4.9663e-09 
  2.3855e+01   4.9871e-09 
  2.3865e+01   4.9678e-09 
  2.3875e+01   4.9685e-09 
  2.3885e+01   4.9707e-09 
  2.3895e+01   4.9687e-09 
  2.3905e+01   4.9708e-09 
  2.3915e+01   4.9716e-09 
  2.3925e+01   4.9721e-09 
  2.3935e+01   4.9738e-09 
  2.3945e+01   4.9729e-09 
  2.3955e+01   4.9732e-09 
  2.3965e+01   4.9735e-09 
  2.3975e+01   4.9722e-09 
  2.3985e+01   4.9735e-09 
  2.3995e+01   4.9735e-09 
  2.4005e+01   4.9858e-09 
  2.4015e+01   4.9727e-09 
  2.4025e+01   4.9753e-09 
  2.4035e+01   4.9765e-09 
  2.4045e+01   4.9777e-09 
  2.4055e+01   4.9788e-09 
  2.4065e+01   4.9781e-09 
  2.4075e+01   4.9800e-09 
  2.4085e+01   4.9805e-09 
  2.4095e+01   4.9810e-09 
  2.4105e+01   4.9814e-09 
  2.4115e+01   4.9814e-09 
  2.4125e+01   5.0650e-09 
  2.4135e+01   4.9814e-09 
  2.4145e+01   4.9827e-09 
  2.4155e+01   4.9803e-09 
  2.4165e+01   4.9837e-09 
  2.4175e+01   5.0002e-09 
  2.4185e+01   4.9949e-09 
  2.4195e+01   4.9857e-09 
  2.4205e+01   2.1206e-08 
  2.4215e+01   4.9860e-09 
  2.4225e+01   5.0017e-09 
  2.4235e+01   4.9861e-09 
  2.4245e+01   5.0331e-09 
  2.4255e+01   4.9862e-09 
  2.4265e+01   4.9863e-09 
  2.4275e+01   4.9864e-09 
  2.4285e+01   3.7717e-08 
  2.4295e+01   7.9547e-09 
  2.4305e+01   4.9891e-09 
  2.4315e+01   4.9885e-09 
  2.4325e+01   4.9893e-09 
  2.4335e+01   4.9916e-09 
  2.4345e+01   5.1284e-09 
  2.4355e+01   5.2785e-09 
  2.4365e+01   5.0391e-09 
  2.4375e+01   5.0433e-09 
  2.4385e+01   4.9892e-09 
  2.4395e+01   4.9927e-09 
  2.4405e+01   4.9876e-09 
  2.4415e+01   1.1578e-08 
  2.4425e+01   5.1925e-09 
  2.4435e+01   5.0119e-09 
  2.4445e+01   4.9876e-09 
  2.4455e+01   4.9871e-09 
  2.4465e+01   4.9881e-09 
  2.4475e+01   4.9862e-09 
  2.4485e+01   4.9872e-09 
  2.4495e+01   5.1274e-09 
  2.4505e+01   1.8400e-08 
  2.4515e+01   4.9865e-09 
  2.4525e+01   4.9863e-09 
  2.4535e+01   4.9878e-09 
  2.4545e+01   5.3620e-09 
  2.4555e+01   4.9908e-09 
  2.4565e+01   5.0498e-09 
  2.4575e+01   4.9924e-09 
  2.4585e+01   4.9912e-09 
  2.4595e+01   4.9921e-09 
  2.4605e+01   5.2413e-09 
  2.4615e+01   4.9911e-09 
  2.4625e+01   4.9921e-09 
  2.4635e+01   4.9907e-09 
  2.4645e+01   5.1089e-09 
  2.4655e+01   4.9933e-09 
  2.4665e+01   5.0790e-09 
  2.4675e+01   4.9959e-09 
  2.4685e+01   5.2868e-09 
  2.4695e+01   4.9962e-09 
  2.4705e+01   4.9962e-09 
  2.4715e+01   4.9978e-09 
  2.4725e+01   4.9967e-09 
  2.4735e+01   6.2370e-09 
  2.4745e+01   5.1222e-09 
  2.4755e+01   6.4785e-09 
  2.4765e+01   7.8026e-09 
  2.4775e+01   5.9757e-07 
  2.4785e+01   3.0167e-07 
  2.4795e+01   5.4942e-09 
  2.4805e+01   1.0520e-08 
  2.4815e+01   6.4200e-09 
  2.4825e+01   5.2772e-09 
  2.4835e+01   7.0749e-09 
  2.4845e+01   6.3106e-09 
  2.4855e+01   1.6456e-08 
  2.4865e+01   5.3241e-09 
  2.4875e+01   5.1958e-09 
  2.4885e+01   5.3014e-09 
  2.4895e+01   2.4680e-08 
  2.4905e+01   5.1750e-09 
  2.4915e+01   6.6925e-09 
  2.4925e+01   5.5736e-09 
  2.4935e+01   4.9760e-09 
  2.4945e+01   4.9771e-09 
  2.4955e+01   4.9774e-09 
  2.4965e+01   4.9807e-09 
  2.4975e+01   4.9808e-09 
  2.4985e+01   4.9823e-09 
  2.4995e+01   2.4917e-08 
  2.5005e+01   5.0023e-09 
  2.5015e+01   7.1434e-09 
  2.5025e+01   5.9820e-09 
  2.5035e+01   4.9786e-09 
  2.5045e+01   4.9780e-09 
  2.5055e+01   3.0066e-08 
  2.5065e+01   4.9933e-09 
  2.5075e+01   6.2358e-09 
  2.5085e+01   5.0735e-09 
  2.5095e+01   4.9942e-09 
  2.5105e+01   4.9837e-09 
  2.5115e+01   5.0374e-09 
  2.5125e+01   4.9857e-09 
  2.5135e+01   5.0531e-09 
  2.5145e+01   5.5136e-09 
  2.5155e+01   4.9871e-09 
  2.5165e+01   2.8976e-08 
  2.5175e+01   6.6247e-09 
  2.5185e+01   4.9909e-09 
  2.5195e+01   5.3078e-09 
  2.5205e+01   4.9909e-09 
  2.5215e+01   5.9911e-09 
  2.5225e+01   4.9915e-09 
  2.5235e+01   4.9930e-09 
  2.5245e+01   4.9931e-09 
  2.5255e+01   5.0109e-09 
  2.5265e+01   4.9971e-09 
  2.5275e+01   4.9987e-09 
  2.5285e+01   6.4146e-09 
  2.5295e+01   4.9586e-09 
  2.5305e+01   4.9067e-09 
  2.5315e+01   4.8642e-09 
  2.5325e+01   4.8239e-09 
  2.5335e+01   4.8276e-09 
  2.5345e+01   4.7856e-09 
  2.5355e+01   1.1386e-08 
  2.5365e+01   4.7834e-09 
  2.5375e+01   4.7841e-09 
  2.5385e+01   4.7821e-09 
  2.5395e+01   4.7848e-09 
  2.5405e+01   6.4574e-09 
  2.5415e+01   5.6748e-09 
  2.5425e+01   5.4494e-09 
  2.5435e+01   7.0178e-09 
  2.5445e+01   4.7908e-09 
  2.5455e+01   4.7895e-09 
  2.5465e+01   4.7919e-09 
  2.5475e+01   4.9607e-09 
  2.5485e+01   4.7914e-09 
  2.5495e+01   4.8414e-09 
  2.5505e+01   4.7924e-09 
  2.5515e+01   1.0236e-08 
  2.5525e+01   4.9016e-09 
  2.5535e+01   4.8958e-09 
  2.5545e+01   7.9434e-09 
  2.5555e+01   4.8184e-09 
  2.5565e+01   5.8293e-09 
  2.5575e+01   4.7980e-09 
  2.5585e+01   9.4930e-09 
  2.5595e+01   4.7986e-09 
  2.5605e+01   4.7992e-09 
  2.5615e+01   4.7983e-09 
  2.5625e+01   4.7996e-09 
  2.5635e+01   4.7971e-09 
  2.5645e+01   4.7999e-09 
  2.5655e+01   7.7182e-09 
  2.5665e+01   6.0428e-09 
  2.5675e+01   4.8049e-09 
  2.5685e+01   1.5978e-08 
  2.5695e+01   4.8086e-09 
  2.5705e+01   4.8094e-09 
  2.5715e+01   4.8569e-09 
  2.5725e+01   7.6520e-09 
  2.5735e+01   4.8131e-09 
  2.5745e+01   4.8113e-09 
  2.5755e+01   4.8132e-09 
  2.5765e+01   6.9089e-09 
  2.5775e+01   4.8841e-09 
  2.5785e+01   4.8124e-09 
  2.5795e+01   4.8121e-09 
  2.5805e+01   4.8133e-09 
  2.5815e+01   4.8111e-09 
  2.5825e+01   4.8130e-09 
  2.5835e+01   5.6963e-09 
  2.5845e+01   9.9613e-09 
  2.5855e+01   5.1275e-09 
  2.5865e+01   4.8324e-09 
  2.5875e+01   4.9276e-09 
  2.5885e+01   4.9717e-09 
  2.5895e+01   4.8217e-09 
  2.5905e+01   4.8348e-09 
  2.5915e+01   4.8238e-09 
  2.5925e+01   4.9949e-09 
  2.5935e+01   4.8532e-09 
  2.5945e+01   4.8228e-09 
  2.5955e+01   6.5770e-09 
  2.5965e+01   4.8229e-09 
  2.5975e+01   4.8200e-09 
  2.5985e+01   4.8213e-09 
  2.5995e+01   1.5013e-08 
  2.6005e+01   4.8210e-09 
  2.6015e+01   4.8208e-09 
  2.6025e+01   4.8215e-09 
  2.6035e+01   4.8221e-09 
  2.6045e+01   4.8212e-09 
  2.6055e+01   4.8250e-09 
  2.6065e+01   4.8386e-09 
  2.6075e+01   4.8256e-09 
  2.6085e+01   4.8254e-09 
  2.6095e+01   4.8251e-09 
  2.6105e+01   4.8239e-09 
  2.6115e+01   5.0044e-09 
  2.6125e+01   4.8225e-09 
  2.6135e+01   4.8206e-09 
  2.6145e+01   6.5184e-09 
  2.6155e+01   4.8198e-09 
  2.6165e+01   4.8210e-09 
  2.6175e+01   4.8215e-09 
  2.6185e+01   4.8896e-09 
  2.6195e+01   4.8208e-09 
  2.6205e+01   4.8203e-09 
  2.6215e+01   4.8215e-09 
  2.6225e+01   4.8195e-09 
  2.6235e+01   4.8207e-09 
  2.6245e+01   4.8194e-09 
  2.6255e+01   4.8207e-09 
  2.6265e+01   4.8204e-09 
  2.6275e+01   4.8200e-09 
  2.6285e+01   2.6137e-08 
  2.6295e+01   4.8193e-09 
  2.6305e+01   4.8218e-09 
  2.6315e+01   5.0712e-09 
  2.6325e+01   4.8222e-09 
  2.6335e+01   4.8237e-09 
  2.6345e+01   4.8791e-09 
  2.6355e+01   3.6454e-08 
  2.6365e+01   5.3669e-09 
  2.6375e+01   5.5130e-09 
  2.6385e+01   5.2182e-09 
  2.6395e+01   4.8275e-09 
  2.6405e+01   4.8256e-09 
  2.6415e+01   4.8270e-09 
  2.6425e+01   4.8269e-09 
  2.6435e+01   4.8268e-09 
  2.6445e+01   1.2260e-08 
  2.6455e+01   1.2405e-08 
  2.6465e+01   4.8288e-09 
  2.6475e+01   4.8280e-09 
  2.6485e+01   5.1927e-09 
  2.6495e+01   4.8284e-09 
  2.6505e+01   4.8310e-09 
  2.6515e+01   5.0274e-09 
  2.6525e+01   4.8312e-09 
  2.6535e+01   4.8313e-09 
  2.6545e+01   4.8296e-09 
  2.6555e+01   4.8311e-09 
  2.6565e+01   4.8285e-09 
  2.6575e+01   4.8292e-09 
  2.6585e+01   4.8293e-09 
  2.6595e+01   4.8295e-09 
  2.6605e+01   5.1601e-09 
  2.6615e+01   4.8310e-09 
  2.6625e+01   4.8329e-09 
  2.6635e+01   4.9873e-09 
  2.6645e+01   1.2178e-08 
  2.6655e+01   5.0388e-09 
  2.6665e+01   4.9615e-09 
  2.6675e+01   4.8326e-09 
  2.6685e+01   4.8319e-09 
  2.6695e+01   4.8320e-09 
  2.6705e+01   5.6285e-09 
  2.6715e+01   5.0037e-09 
  2.6725e+01   4.8334e-09 
  2.6735e+01   4.8361e-09 
  2.6745e+01   8.2369e-09 
  2.6755e+01   4.8366e-09 
  2.6765e+01   4.8360e-09 
  2.6775e+01   4.8370e-09 
  2.6785e+01   5.6536e-09 
  2.6795e+01   4.8348e-09 
  2.6805e+01   6.9607e-09 
  2.6815e+01   4.8344e-09 
  2.6825e+01   4.8366e-09 
  2.6835e+01   4.8362e-09 
  2.6845e+01   4.8368e-09 
  2.6855e+01   5.9451e-09 
  2.6865e+01   6.9497e-09 
  2.6875e+01   4.8396e-09 
  2.6885e+01   4.8377e-09 
  2.6895e+01   4.8417e-09 
  2.6905e+01   5.8222e-09 
  2.6915e+01   4.8886e-09 
  2.6925e+01   4.8443e-09 
  2.6935e+01   4.8448e-09 
  2.6945e+01   4.8437e-09 
  2.6955e+01   5.0306e-09 
  2.6965e+01   4.8439e-09 
  2.6975e+01   6.3246e-09 
  2.6985e+01   5.2267e-08 
  2.6995e+01   2.8488e-08 
  2.7005e+01   4.9137e-09 
  2.7015e+01   5.3297e-09 
  2.7025e+01   5.2011e-09 
  2.7035e+01   7.7997e-09 
  2.7045e+01   4.8369e-09 
  2.7055e+01   4.8386e-09 
  2.7065e+01   4.8371e-09 
  2.7075e+01   9.1322e-09 
  2.7085e+01   4.8376e-09 
  2.7095e+01   4.8378e-09 
  2.7105e+01   4.8380e-09 
  2.7115e+01   4.8365e-09 
  2.7125e+01   9.7944e-09 
  2.7135e+01   7.2830e-09 
  2.7145e+01   4.8389e-09 
  2.7155e+01   4.8373e-09 
  2.7165e+01   4.8381e-09 
  2.7175e+01   4.8381e-09 
  2.7185e+01   4.8372e-09 
  2.7195e+01   4.8380e-09 
  2.7205e+01   8.8881e-09 
  2.7215e+01   9.6333e-09 
  2.7225e+01   6.8244e-09 
  2.7235e+01   4.8383e-09 
  2.7245e+01   4.8370e-09 
  2.7255e+01   4.8375e-09 
  2.7265e+01   4.8388e-09 
  2.7275e+01   4.8383e-09 
  2.7285e+01   4.8397e-09 
  2.7295e+01   4.8387e-09 
  2.7305e+01   4.8411e-09 
  2.7315e+01   4.8401e-09 
  2.7325e+01   4.8417e-09 
  2.7335e+01   4.8424e-09 
  2.7345e+01   9.2047e-09 
  2.7355e+01   5.0451e-09 
  2.7365e+01   4.8415e-09 
  2.7375e+01   4.8429e-09 
  2.7385e+01   4.8399e-09 
  2.7395e+01   4.8421e-09 
  2.7405e+01   4.8391e-09 
  2.7415e+01   9.5197e-08 
  2.7425e+01   5.0401e-09 
  2.7435e+01   7.5560e-09 
  2.7445e+01   7.5738e-09 
  2.7455e+01   5.0240e-09 
  2.7465e+01   4.9755e-09 
  2.7475e+01   1.4839e-07 
  2.7485e+01   4.8377e-09 
  2.7495e+01   5.4555e-09 
  2.7505e+01   1.3329e-08 
  2.7515e+01   5.0129e-09 
  2.7525e+01   4.8642e-09 
  2.7535e+01   4.8886e-09 
  2.7545e+01   4.8302e-09 
  2.7555e+01   4.8312e-09 
  2.7565e+01   4.9585e-09 
  2.7575e+01   4.9065e-09 
  2.7585e+01   4.8290e-09 
  2.7595e+01   4.8537e-09 
  2.7605e+01   4.8501e-09 
  2.7615e+01   4.8269e-09 
  2.7625e+01   2.2545e-08 
  2.7635e+01   4.8276e-09 
  2.7645e+01   3.5588e-08 
  2.7655e+01   4.8275e-09 
  2.7665e+01   4.8282e-09 
  2.7675e+01   5.6460e-09 
  2.7685e+01   4.8279e-09 
  2.7695e+01   4.8278e-09 
  2.7705e+01   6.7868e-09 
  2.7715e+01   4.8405e-09 
  2.7725e+01   4.8274e-09 
  2.7735e+01   5.7620e-09 
  2.7745e+01   7.2429e-09 
  2.7755e+01   4.8273e-09 
  2.7765e+01   4.8469e-09 
  2.7775e+01   4.8278e-09 
  2.7785e+01   4.8266e-09 
  2.7795e+01   6.3733e-09 
  2.7805e+01   4.8258e-09 
  2.7815e+01   5.0121e-09 
  2.7825e+01   5.1034e-09 
  2.7835e+01   5.0079e-09 
  2.7845e+01   4.8211e-09 
  2.7855e+01   7.8245e-09 
  2.7865e+01   4.9469e-09 
  2.7875e+01   4.8340e-09 
  2.7885e+01   4.8217e-09 
  2.7895e+01   1.7846e-08 
  2.7905e+01   1.1203e-08 
  2.7915e+01   1.0817e-08 
  2.7925e+01   5.8647e-09 
  2.7935e+01   5.0058e-09 
  2.7945e+01   4.8481e-09 
  2.7955e+01   4.8255e-09 
  2.7965e+01   4.8614e-09 
  2.7975e+01   4.8516e-09 
  2.7985e+01   6.9989e-09 
  2.7995e+01   4.8266e-09 
  2.8005e+01   4.8287e-09 
  2.8015e+01   9.4557e-09 
  2.8025e+01   4.8654e-09 
  2.8035e+01   4.8280e-09 
  2.8045e+01   4.8268e-09 
  2.8055e+01   4.8274e-09 
  2.8065e+01   5.0107e-09 
  2.8075e+01   5.7165e-09 
  2.8085e+01   4.8783e-09 
  2.8095e+01   4.8225e-09 
  2.8105e+01   4.8584e-09 
  2.8115e+01   4.8438e-09 
  2.8125e+01   4.8559e-09 
  2.8135e+01   5.0479e-09 
  2.8145e+01   4.8180e-09 
  2.8155e+01   6.6991e-09 
  2.8165e+01   4.8177e-09 
  2.8175e+01   4.8570e-09 
  2.8185e+01   4.8194e-09 
  2.8195e+01   4.9508e-09 
  2.8205e+01   4.8193e-09 
  2.8215e+01   4.8215e-09 
  2.8225e+01   4.8195e-09 
  2.8235e+01   5.0879e-09 
  2.8245e+01   4.8199e-09 
  2.8255e+01   5.1317e-09 
  2.8265e+01   4.8203e-09 
  2.8275e+01   4.8209e-09 
  2.8285e+01   4.8209e-09 
  2.8295e+01   4.8867e-09 
  2.8305e+01   4.9112e-09 
  2.8315e+01   4.8454e-09 
  2.8325e+01   4.8229e-09 
  2.8335e+01   4.3946e-08 
  2.8345e+01   5.4119e-09 
  2.8355e+01   4.8818e-09 
  2.8365e+01   5.0538e-09 
  2.8375e+01   5.2969e-09 
  2.8385e+01   6.6369e-08 
  2.8395e+01   4.8166e-09 
  2.8405e+01   4.8126e-09 
  2.8415e+01   4.8133e-09 
  2.8425e+01   4.8131e-09 
  2.8435e+01   4.8129e-09 
  2.8445e+01   4.8136e-09 
  2.8455e+01   4.9737e-09 
  2.8465e+01   2.2502e-07 
  2.8475e+01   4.8129e-09 
  2.8485e+01   4.8146e-09 
  2.8495e+01   4.8135e-09 
  2.8505e+01   4.8143e-09 
  2.8515e+01   4.8151e-09 
  2.8525e+01   5.7399e-09 
  2.8535e+01   4.8158e-09 
  2.8545e+01   5.1936e-09 
  2.8555e+01   4.8151e-09 
  2.8565e+01   4.8106e-09 
  2.8575e+01   4.8118e-09 
  2.8585e+01   4.8092e-09 
  2.8595e+01   4.8084e-09 
  2.8605e+01   4.8078e-09 
  2.8615e+01   4.8061e-09 
  2.8625e+01   4.8076e-09 
  2.8635e+01   4.8062e-09 
  2.8645e+01   4.8077e-09 
  2.8655e+01   4.8063e-09 
  2.8665e+01   4.8068e-09 
  2.8675e+01   4.8073e-09 
  2.8685e+01   4.8070e-09 
  2.8695e+01   4.8077e-09 
  2.8705e+01   4.8065e-09 
  2.8715e+01   4.8081e-09 
  2.8725e+01   7.4788e-09 
  2.8735e+01   1.2743e-08 
  2.8745e+01   4.9710e-09 
  2.8755e+01   4.8156e-09 
  2.8765e+01   4.8195e-09 
  2.8775e+01   4.8234e-09 
  2.8785e+01   1.3373e-07 
  2.8795e+01   4.9263e-09 
  2.8805e+01   4.9263e-09 
  2.8815e+01   5.1407e-09 
  2.8825e+01   5.0786e-09 
  2.8835e+01   5.4384e-09 
  2.8845e+01   4.9565e-09 
  2.8855e+01   5.1277e-09 
  2.8865e+01   6.5065e-09 
  2.8875e+01   4.9997e-09 
  2.8885e+01   4.8145e-09 
  2.8895e+01   9.0720e-09 
  2.8905e+01   4.9368e-09 
  2.8915e+01   6.5419e-09 
  2.8925e+01   6.3016e-09 
  2.8935e+01   4.8926e-09 
  2.8945e+01   4.8136e-09 
  2.8955e+01   5.3235e-09 
  2.8965e+01   5.1473e-09 
  2.8975e+01   4.8118e-09 
  2.8985e+01   4.8119e-09 
  2.8995e+01   4.9746e-09 
  2.9005e+01   5.3156e-09 
  2.9015e+01   4.8115e-09 
  2.9025e+01   4.8668e-09 
  2.9035e+01   4.8118e-09 
  2.9045e+01   4.8115e-09 
  2.9055e+01   7.6779e-09 
  2.9065e+01   4.8519e-09 
  2.9075e+01   4.8125e-09 
  2.9085e+01   1.6443e-08 
  2.9095e+01   4.8435e-09 
  2.9105e+01   4.8120e-09 
  2.9115e+01   4.8111e-09 
  2.9125e+01   4.8233e-09 
  2.9135e+01   4.8113e-09 
  2.9145e+01   4.8315e-09 
  2.9155e+01   4.8433e-09 
  2.9165e+01   5.4594e-09 
  2.9175e+01   4.8429e-09 
  2.9185e+01   5.0113e-09 
  2.9195e+01   5.2029e-09 
  2.9205e+01   4.8841e-09 
  2.9215e+01   4.8421e-09 
  2.9225e+01   5.0326e-09 
  2.9235e+01   5.6650e-09 
  2.9245e+01   4.9186e-09 
  2.9255e+01   1.6666e-08 
  2.9265e+01   4.8512e-09 
  2.9275e+01   4.7981e-09 
  2.9285e+01   4.8977e-09 
  2.9295e+01   4.9832e-09 
  2.9305e+01   4.9505e-09 
  2.9315e+01   4.7940e-09 
  2.9325e+01   4.7950e-09 
  2.9335e+01   4.7950e-09 
  2.9345e+01   4.8437e-09 
  2.9355e+01   4.7946e-09 
  2.9365e+01   5.7430e-09 
  2.9375e+01   4.7980e-09 
  2.9385e+01   5.8962e-09 
  2.9395e+01   4.8014e-09 
  2.9405e+01   5.3480e-09 
  2.9415e+01   5.2242e-09 
  2.9425e+01   4.8033e-09 
  2.9435e+01   1.2702e-08 
  2.9445e+01   5.1435e-09 
  2.9455e+01   4.8332e-09 
  2.9465e+01   4.7983e-09 
  2.9475e+01   4.8593e-09 
  2.9485e+01   5.1459e-09 
  2.9495e+01   4.9544e-09 
  2.9505e+01   1.9871e-08 
  2.9515e+01   6.5012e-09 
  2.9525e+01   4.8575e-09 
  2.9535e+01   6.8695e-08 
  2.9545e+01   4.7999e-09 
  2.9555e+01   8.4967e-09 
  2.9565e+01   5.2329e-09 
  2.9575e+01   7.8112e-09 
  2.9585e+01   5.2715e-09 
  2.9595e+01   5.4302e-09 
  2.9605e+01   4.9379e-09 
  2.9615e+01   4.9142e-09 
  2.9625e+01   7.0098e-09 
  2.9635e+01   5.9716e-09 
  2.9645e+01   1.0929e-08 
  2.9655e+01   6.4405e-09 
  2.9665e+01   5.1285e-09 
  2.9675e+01   5.0867e-09 
  2.9685e+01   4.8479e-09 
  2.9695e+01   5.1672e-09 
  2.9705e+01   4.8025e-09 
  2.9715e+01   4.8627e-09 
  2.9725e+01   4.9459e-09 
  2.9735e+01   4.7871e-09 
  2.9745e+01   4.7863e-09 
  2.9755e+01   4.8329e-09 
  2.9765e+01   4.7902e-09 
  2.9775e+01   8.3307e-09 
  2.9785e+01   4.9145e-09 
  2.9795e+01   5.6633e-09 
  2.9805e+01   5.0566e-09 
  2.9815e+01   5.4374e-09 
  2.9825e+01   6.6388e-09 
  2.9835e+01   4.8160e-09 
  2.9845e+01   5.2950e-09 
  2.9855e+01   4.8138e-09 
  2.9865e+01   4.7823e-09 
  2.9875e+01   4.7831e-09 
  2.9885e+01   5.0188e-09 
  2.9895e+01   7.1577e-09 
  2.9905e+01   5.0012e-09 
  2.9915e+01   4.7811e-09 
  2.9925e+01   5.9012e-09 
  2.9935e+01   4.7808e-09 
  2.9945e+01   4.7966e-09 
  2.9955e+01   5.0041e-09 
  2.9965e+01   6.3501e-09 
  2.9975e+01   4.8202e-09 
  2.9985e+01   4.9070e-09 
  2.9995e+01   4.7824e-09 
  3.0005e+01   5.8163e-09 
  3.0015e+01   4.8978e-09 
  3.0025e+01   4.7790e-09 
  3.0035e+01   4.7836e-09 
  3.0045e+01   4.8089e-09 
  3.0055e+01   4.7801e-09 
  3.0065e+01   4.8377e-09 
  3.0075e+01   4.7795e-09 
  3.0085e+01   5.1105e-09 
  3.0095e+01   7.9010e-09 
  3.0105e+01   4.7795e-09 
  3.0115e+01   9.7996e-09 
  3.0125e+01   4.7813e-09 
  3.0135e+01   9.7417e-09 
  3.0145e+01   4.7808e-09 
  3.0155e+01   4.8308e-09 
  3.0165e+01   4.9478e-09 
  3.0175e+01   4.9560e-09 
  3.0185e+01   4.9689e-09 
  3.0195e+01   4.7759e-09 
  3.0205e+01   4.7767e-09 
  3.0215e+01   4.7743e-09 
  3.0225e+01   6.9771e-09 
  3.0235e+01   4.7728e-09 
  3.0245e+01   4.7725e-09 
  3.0255e+01   4.7723e-09 
  3.0265e+01   5.4973e-09 
  3.0275e+01   4.7717e-09 
  3.0285e+01   4.8889e-09 
  3.0295e+01   4.7703e-09 
  3.0305e+01   4.7784e-09 
  3.0315e+01   4.7701e-09 
  3.0325e+01   4.7710e-09 
  3.0335e+01   4.7708e-09 
  3.0345e+01   4.8902e-09 
  3.0355e+01   4.7705e-09 
  3.0365e+01   4.7686e-09 
  3.0375e+01   4.7697e-09 
  3.0385e+01   4.9371e-09 
  3.0395e+01   4.7675e-09 
  3.0405e+01   5.2057e-09 
  3.0415e+01   4.8123e-09 
  3.0425e+01   2.1087e-07 
  3.0435e+01   4.7624e-09 
  3.0445e+01   4.7635e-09 
  3.0455e+01   4.7613e-09 
  3.0465e+01   1.0877e-07 
  3.0475e+01   5.0508e-08 
  3.0485e+01   4.7633e-09 
  3.0495e+01   4.7633e-09 
  3.0505e+01   5.4162e-09 
  3.0515e+01   4.7632e-09 
  3.0525e+01   5.9263e-08 
  3.0535e+01   4.7631e-09 
  3.0545e+01   4.7619e-09 
  3.0555e+01   4.7640e-09 
  3.0565e+01   4.7618e-09 
  3.0575e+01   4.7638e-09 
  3.0585e+01   4.7625e-09 
  3.0595e+01   4.7722e-09 
  3.0605e+01   4.7673e-09 
  3.0615e+01   4.7610e-09 
  3.0625e+01   4.7627e-09 
  3.0635e+01   4.7600e-09 
  3.0645e+01   4.7784e-09 
  3.0655e+01   4.7589e-09 
  3.0665e+01   4.7605e-09 
  3.0675e+01   4.7587e-09 
  3.0685e+01   4.7591e-09 
  3.0695e+01   4.7573e-09 
  3.0705e+01   4.7567e-09 
  3.0715e+01   4.7581e-09 
  3.0725e+01   4.7553e-09 
  3.0735e+01   4.7556e-09 
  3.0745e+01   4.7562e-09 
  3.0755e+01   4.7545e-09 
  3.0765e+01   4.7584e-09 
  3.0775e+01   4.7533e-09 
  3.0785e+01   4.7538e-09 
  3.0795e+01   4.7532e-09 
  3.0805e+01   4.7537e-09 
  3.0815e+01   4.7509e-09 
  3.0825e+01   4.7525e-09 
  3.0835e+01   4.7508e-09 
  3.0845e+01   4.7513e-09 
  3.0855e+01   4.7507e-09 
  3.0865e+01   4.7490e-09 
  3.0875e+01   4.7683e-09 
  3.0885e+01   4.7489e-09 
  3.0895e+01   4.7505e-09 
  3.0905e+01   4.7476e-09 
  3.0915e+01   9.1474e-09 
  3.0925e+01   4.7474e-09 
  3.0935e+01   4.7468e-09 
  3.0945e+01   4.7472e-09 
  3.0955e+01   4.9052e-09 
  3.0965e+01   4.7510e-09 
  3.0975e+01   4.7450e-09 
  3.0985e+01   4.7461e-09 
  3.0995e+01   4.7473e-09 
  3.1005e+01   4.7473e-09 
  3.1015e+01   4.8040e-08 
  3.1025e+01   2.6159e-08 
  3.1035e+01   4.7673e-09 
  3.1045e+01   4.7471e-09 
  3.1055e+01   4.7482e-09 
  3.1065e+01   4.7450e-09 
  3.1075e+01   4.7957e-09 
  3.1085e+01   4.7440e-09 
  3.1095e+01   4.7440e-09 
  3.1105e+01   4.7430e-09 
  3.1115e+01   4.7408e-09 
  3.1125e+01   4.7432e-09 
  3.1135e+01   4.7402e-09 
  3.1145e+01   4.7406e-09 
  3.1155e+01   4.7399e-09 
  3.1165e+01   4.7391e-09 
  3.1175e+01   4.7537e-09 
  3.1185e+01   4.7437e-09 
  3.1195e+01   4.7380e-09 
  3.1205e+01   4.7822e-09 
  3.1215e+01   4.7386e-09 
  3.1225e+01   4.7552e-09 
  3.1235e+01   4.7637e-09 
  3.1245e+01   4.7393e-09 
  3.1255e+01   4.7380e-09 
  3.1265e+01   4.8423e-09 
  3.1275e+01   5.9539e-09 
  3.1285e+01   4.7525e-09 
  3.1295e+01   4.7510e-09 
  3.1305e+01   4.8111e-09 
  3.1315e+01   4.9528e-09 
  3.1325e+01   4.7565e-09 
  3.1335e+01   4.7390e-09 
  3.1345e+01   4.7864e-09 
  3.1355e+01   4.7393e-09 
  3.1365e+01   4.8283e-09 
  3.1375e+01   4.7384e-09 
  3.1385e+01   4.7362e-09 
  3.1395e+01   4.7705e-09 
  3.1405e+01   4.9001e-09 
  3.1415e+01   4.7739e-09 
  3.1425e+01   4.7331e-09 
  3.1435e+01   4.7342e-09 
  3.1445e+01   5.0169e-09 
  3.1455e+01   4.7356e-09 
  3.1465e+01   5.2293e-09 
  3.1475e+01   4.9618e-09 
  3.1485e+01   4.9269e-09 
  3.1495e+01   4.9235e-09 
  3.1505e+01   4.7376e-09 
  3.1515e+01   4.7404e-09 
  3.1525e+01   4.7968e-09 
  3.1535e+01   5.3611e-09 
  3.1545e+01   2.6856e-08 
  3.1555e+01   4.8158e-09 
  3.1565e+01   4.7274e-09 
  3.1575e+01   5.0146e-09 
  3.1585e+01   4.7627e-09 
  3.1595e+01   2.5757e-08 
  3.1605e+01   4.7300e-09 
  3.1615e+01   4.7253e-09 
  3.1625e+01   5.1892e-09 
  3.1635e+01   4.7227e-09 
  3.1645e+01   4.9610e-09 
  3.1655e+01   5.1205e-09 
  3.1665e+01   4.7210e-09 
  3.1675e+01   4.8193e-09 
  3.1685e+01   4.8234e-09 
  3.1695e+01   5.1147e-09 
  3.1705e+01   4.7192e-09 
  3.1715e+01   4.7209e-09 
  3.1725e+01   5.1830e-09 
  3.1735e+01   4.8520e-09 
  3.1745e+01   5.2685e-09 
  3.1755e+01   4.7640e-09 
  3.1765e+01   5.2648e-09 
  3.1775e+01   4.7429e-09 
  3.1785e+01   4.7924e-09 
  3.1795e+01   4.7169e-09 
  3.1805e+01   4.7170e-09 
  3.1815e+01   4.7583e-09 
  3.1825e+01   5.0505e-09 
  3.1835e+01   4.7151e-09 
  3.1845e+01   4.7945e-09 
  3.1855e+01   4.7172e-09 
  3.1865e+01   4.9195e-09 
  3.1875e+01   6.1973e-09 
  3.1885e+01   4.7104e-09 
  3.1895e+01   4.9481e-09 
  3.1905e+01   5.3299e-09 
  3.1915e+01   4.7103e-09 
  3.1925e+01   4.7093e-09 
  3.1935e+01   4.7085e-09 
  3.1945e+01   6.9780e-09 
  3.1955e+01   5.6109e-09 
  3.1965e+01   4.7614e-09 
  3.1975e+01   4.7065e-09 
  3.1985e+01   5.3180e-09 
  3.1995e+01   4.7837e-09 
  3.2005e+01   4.7076e-09 
  3.2015e+01   5.5441e-09 
  3.2025e+01   4.7053e-09 
  3.2035e+01   8.9958e-09 
  3.2045e+01   4.7467e-09 
  3.2055e+01   4.7274e-09 
  3.2065e+01   4.7067e-09 
  3.2075e+01   4.7084e-09 
  3.2085e+01   4.7055e-09 
  3.2095e+01   5.7746e-09 
  3.2105e+01   4.7062e-09 
  3.2115e+01   5.0481e-09 
  3.2125e+01   5.6726e-09 
  3.2135e+01   4.8212e-09 
  3.2145e+01   4.7029e-09 
  3.2155e+01   4.7412e-09 
  3.2165e+01   4.6989e-09 
  3.2175e+01   4.7014e-09 
  3.2185e+01   4.6982e-09 
  3.2195e+01   9.3414e-08 
  3.2205e+01   4.6979e-09 
  3.2215e+01   5.1997e-09 
  3.2225e+01   4.7048e-09 
  3.2235e+01   4.7002e-09 
  3.2245e+01   1.5871e-07 
  3.2255e+01   4.7041e-09 
  3.2265e+01   4.6973e-09 
  3.2275e+01   4.8568e-09 
  3.2285e+01   4.6974e-09 
  3.2295e+01   4.6950e-09 
  3.2305e+01   4.6974e-09 
  3.2315e+01   4.6939e-09 
  3.2325e+01   4.6951e-09 
  3.2335e+01   4.6927e-09 
  3.2345e+01   1.2379e-08 
  3.2355e+01   5.5617e-09 
  3.2365e+01   4.6913e-09 
  3.2375e+01   4.6924e-09 
  3.2385e+01   4.7215e-09 
  3.2395e+01   4.7036e-09 
  3.2405e+01   4.6897e-09 
  3.2415e+01   1.8680e-07 
  3.2425e+01   4.7476e-09 
  3.2435e+01   4.6876e-09 
  3.2445e+01   4.7133e-09 
  3.2455e+01   4.6870e-09 
  3.2465e+01   4.6885e-09 
  3.2475e+01   4.6865e-09 
  3.2485e+01   4.6879e-09 
  3.2495e+01   4.6859e-09 
  3.2505e+01   5.3814e-09 
  3.2515e+01   4.6852e-09 
  3.2525e+01   4.7715e-09 
  3.2535e+01   4.6868e-09 
  3.2545e+01   4.6846e-09 
  3.2555e+01   4.7575e-09 
  3.2565e+01   3.3284e-07 
  3.2575e+01   4.0975e-08 
  3.2585e+01   4.6843e-09 
  3.2595e+01   4.6832e-09 
  3.2605e+01   4.6988e-09 
  3.2615e+01   5.4923e-09 
  3.2625e+01   4.6828e-09 
  3.2635e+01   5.3490e-09 
  3.2645e+01   4.6814e-09 
  3.2655e+01   4.8180e-09 
  3.2665e+01   7.1547e-09 
  3.2675e+01   4.8928e-09 
  3.2685e+01   4.7706e-09 
  3.2695e+01   4.7709e-09 
  3.2705e+01   4.6777e-09 
  3.2715e+01   4.6790e-09 
  3.2725e+01   4.6767e-09 
  3.2735e+01   4.6780e-09 
  3.2745e+01   4.7506e-09 
  3.2755e+01   6.6352e-09 
  3.2765e+01   4.6758e-09 
  3.2775e+01   4.6744e-09 
  3.2785e+01   4.6754e-09 
  3.2795e+01   4.6740e-09 
  3.2805e+01   7.4544e-09 
  3.2815e+01   6.2731e-09 
  3.2825e+01   4.6734e-09 
  3.2835e+01   4.7125e-09 
  3.2845e+01   4.6706e-09 
  3.2855e+01   4.6718e-09 
  3.2865e+01   4.6697e-09 
  3.2875e+01   4.6879e-09 
  3.2885e+01   3.2995e-08 
  3.2895e+01   5.5279e-09 
  3.2905e+01   4.7527e-09 
  3.2915e+01   4.7129e-09 
  3.2925e+01   5.5550e-09 
  3.2935e+01   4.7977e-09 
  3.2945e+01   6.4408e-09 
  3.2955e+01   4.6685e-09 
  3.2965e+01   4.6702e-09 
  3.2975e+01   6.1973e-08 
  3.2985e+01   4.7347e-09 
  3.2995e+01   4.8443e-09 
  3.3005e+01   1.0851e-08 
  3.3015e+01   4.6741e-09 
  3.3025e+01   4.6920e-09 
  3.3035e+01   4.6859e-09 
  3.3045e+01   6.3838e-09 
  3.3055e+01   4.6885e-09 
  3.3065e+01   4.7222e-09 
  3.3075e+01   4.7195e-09 
  3.3085e+01   4.6795e-09 
  3.3095e+01   4.7957e-09 
  3.3105e+01   5.7710e-09 
  3.3115e+01   4.6671e-09 
  3.3125e+01   4.6730e-09 
  3.3135e+01   4.8233e-09 
  3.3145e+01   4.6798e-09 
  3.3155e+01   4.6621e-09 
  3.3165e+01   4.6614e-09 
  3.3175e+01   4.6620e-09 
  3.3185e+01   4.6658e-09 
  3.3195e+01   4.7402e-09 
  3.3205e+01   4.6580e-09 
  3.3215e+01   4.6720e-09 
  3.3225e+01   1.6173e-08 
  3.3235e+01   4.7496e-09 
  3.3245e+01   4.6688e-09 
  3.3255e+01   4.6691e-09 
  3.3265e+01   9.6985e-09 
  3.3275e+01   4.6661e-09 
  3.3285e+01   4.6945e-09 
  3.3295e+01   4.6998e-09 
  3.3305e+01   4.6601e-09 
  3.3315e+01   2.7989e-08 
  3.3325e+01   4.6833e-09 
  3.3335e+01   4.6570e-09 
  3.3345e+01   4.6568e-09 
  3.3355e+01   4.6578e-09 
  3.3365e+01   4.7165e-09 
  3.3375e+01   4.6780e-09 
  3.3385e+01   9.4363e-08 
  3.3395e+01   4.6752e-09 
  3.3405e+01   4.6526e-09 
  3.3415e+01   4.6695e-09 
  3.3425e+01   8.6293e-09 
  3.3435e+01   4.9400e-09 
  3.3445e+01   5.0004e-09 
  3.3455e+01   4.8486e-09 
  3.3465e+01   4.6796e-09 
  3.3475e+01   4.6885e-09 
  3.3485e+01   4.7010e-09 
  3.3495e+01   4.6505e-09 
  3.3505e+01   4.7649e-09 
  3.3515e+01   4.6551e-09 
  3.3525e+01   4.7805e-09 
  3.3535e+01   4.7257e-09 
  3.3545e+01   1.8780e-07 
  3.3555e+01   4.6840e-09 
  3.3565e+01   4.7378e-09 
  3.3575e+01   4.6570e-09 
  3.3585e+01   4.9962e-09 
  3.3595e+01   9.9006e-09 
  3.3605e+01   4.6539e-09 
  3.3615e+01   4.6497e-09 
  3.3625e+01   4.6527e-09 
  3.3635e+01   4.6784e-09 
  3.3645e+01   4.6521e-09 
  3.3655e+01   4.6641e-09 
  3.3665e+01   5.0227e-09 
  3.3675e+01   4.6585e-09 
  3.3685e+01   5.2127e-09 
  3.3695e+01   4.8207e-09 
  3.3705e+01   5.6743e-09 
  3.3715e+01   5.2313e-09 
  3.3725e+01   6.0140e-09 
  3.3735e+01   1.5900e-06 
  3.3745e+01   4.8870e-09 
  3.3755e+01   5.2215e-09 
  3.3765e+01   1.0240e-08 
  3.3775e+01   5.7465e-09 
  3.3785e+01   5.4494e-09 
  3.3795e+01   4.6953e-09 
  3.3805e+01   1.8833e-08 
  3.3815e+01   9.6773e-09 
  3.3825e+01   6.4965e-09 
  3.3835e+01   4.6849e-09 
  3.3845e+01   5.3581e-09 
  3.3855e+01   3.9104e-08 
  3.3865e+01   4.9226e-09 
  3.3875e+01   4.7736e-09 
  3.3885e+01   5.5538e-09 
  3.3895e+01   4.6517e-09 
  3.3905e+01   5.8292e-09 
  3.3915e+01   4.9933e-09 
  3.3925e+01   4.8264e-09 
  3.3935e+01   4.6429e-09 
  3.3945e+01   1.6907e-08 
  3.3955e+01   5.0524e-08 
  3.3965e+01   1.3836e-08 
  3.3975e+01   5.1002e-09 
  3.3985e+01   4.6936e-09 
  3.3995e+01   4.6526e-09 
  3.4005e+01   4.8277e-09 
  3.4015e+01   4.6379e-09 
  3.4025e+01   5.1557e-09 
  3.4035e+01   4.6397e-09 
  3.4045e+01   4.6389e-09 
  3.4055e+01   4.8020e-09 
  3.4065e+01   4.6400e-09 
  3.4075e+01   4.6842e-09 
  3.4085e+01   4.9337e-09 
  3.4095e+01   4.6403e-09 
  3.4105e+01   4.6421e-09 
  3.4115e+01   5.1601e-09 
  3.4125e+01   4.6444e-09 
  3.4135e+01   5.9581e-09 
  3.4145e+01   4.7208e-09 
  3.4155e+01   4.6582e-09 
  3.4165e+01   4.6722e-09 
  3.4175e+01   4.8013e-09 
  3.4185e+01   4.6726e-09 
  3.4195e+01   4.7265e-09 
  3.4205e+01   4.6436e-09 
  3.4215e+01   4.6453e-09 
  3.4225e+01   4.6513e-09 
  3.4235e+01   4.6462e-09 
  3.4245e+01   4.6453e-09 
  3.4255e+01   4.6700e-09 
  3.4265e+01   4.6496e-09 
  3.4275e+01   4.6466e-09 
  3.4285e+01   7.0153e-09 
  3.4295e+01   4.6461e-09 
  3.4305e+01   4.9222e-09 
  3.4315e+01   4.6474e-09 
  3.4325e+01   4.6470e-09 
  3.4335e+01   4.6466e-09 
  3.4345e+01   4.6448e-09 
  3.4355e+01   4.9093e-09 
  3.4365e+01   4.6547e-09 
  3.4375e+01   5.3324e-09 
  3.4385e+01   4.6432e-09 
  3.4395e+01   4.6539e-09 
  3.4405e+01   4.6497e-09 
  3.4415e+01   4.6515e-09 
  3.4425e+01   4.6452e-09 
  3.4435e+01   4.6444e-09 
  3.4445e+01   4.6461e-09 
  3.4455e+01   4.6452e-09 
  3.4465e+01   4.6468e-09 
  3.4475e+01   4.6458e-09 
  3.4485e+01   4.6474e-09 
  3.4495e+01   4.6464e-09 
  3.4505e+01   4.6535e-09 
  3.4515e+01   4.6452e-09 
  3.4525e+01   4.9581e-09 
  3.4535e+01   4.5366e-08 
  3.4545e+01   4.6467e-09 
  3.4555e+01   4.6481e-09 
  3.4565e+01   4.6455e-09 
  3.4575e+01   4.8893e-09 
  3.4585e+01   4.7446e-09 
  3.4595e+01   4.6468e-09 
  3.4605e+01   4.6478e-09 
  3.4615e+01   4.6608e-09 
  3.4625e+01   4.6472e-09 
  3.4635e+01   5.5802e-09 
  3.4645e+01   4.7909e-09 
  3.4655e+01   4.6435e-09 
  3.4665e+01   4.6445e-09 
  3.4675e+01   4.6442e-09 
  3.4685e+01   4.6438e-09 
  3.4695e+01   1.7115e-08 
  3.4705e+01   5.5130e-09 
  3.4715e+01   4.6649e-09 
  3.4725e+01   4.7080e-09 
  3.4735e+01   4.6476e-09 
  3.4745e+01   5.0620e-09 
  3.4755e+01   4.6486e-09 
  3.4765e+01   4.6675e-09 
  3.4775e+01   4.8615e-09 
  3.4785e+01   4.6500e-09 
  3.4795e+01   4.6788e-09 
  3.4805e+01   4.6551e-09 
  3.4815e+01   4.6474e-09 
  3.4825e+01   4.6483e-09 
  3.4835e+01   4.6464e-09 
  3.4845e+01   4.6481e-09 
  3.4855e+01   4.6482e-09 
  3.4865e+01   4.6789e-09 
  3.4875e+01   5.9670e-09 
  3.4885e+01   4.6441e-09 
  3.4895e+01   5.0625e-09 
  3.4905e+01   4.6444e-09 
  3.4915e+01   4.6520e-09 
  3.4925e+01   4.6475e-09 
  3.4935e+01   4.8541e-09 
  3.4945e+01   5.1010e-09 
  3.4955e+01   4.6452e-09 
  3.4965e+01   5.2481e-09 
  3.4975e+01   1.6299e-08 
  3.4985e+01   4.6484e-09 
  3.4995e+01   5.3493e-09 
  3.5005e+01   4.6499e-09 
  3.5015e+01   4.6471e-09 
  3.5025e+01   5.0110e-09 
  3.5035e+01   4.6919e-09 
  3.5045e+01   4.6493e-09 
  3.5055e+01   4.6505e-09 
  3.5065e+01   5.0030e-09 
  3.5075e+01   4.6487e-09 
  3.5085e+01   4.6566e-09 
  3.5095e+01   4.6515e-09 
  3.5105e+01   5.7287e-09 
  3.5115e+01   7.3629e-09 
  3.5125e+01   4.6512e-09 
  3.5135e+01   5.1018e-09 
  3.5145e+01   5.7580e-09 
  3.5155e+01   4.6506e-09 
  3.5165e+01   5.0734e-09 
  3.5175e+01   4.6561e-09 
  3.5185e+01   4.6510e-09 
  3.5195e+01   4.6523e-09 
  3.5205e+01   1.5187e-08 
  3.5215e+01   4.6534e-09 
  3.5225e+01   4.6504e-09 
  3.5235e+01   6.8094e-09 
  3.5245e+01   4.9559e-09 
  3.5255e+01   4.6528e-09 
  3.5265e+01   4.7809e-09 
  3.5275e+01   3.2483e-08 
  3.5285e+01   1.0680e-08 
  3.5295e+01   4.6810e-09 
  3.5305e+01   4.6989e-09 
  3.5315e+01   6.8729e-09 
  3.5325e+01   4.6495e-09 
  3.5335e+01   4.6772e-09 
  3.5345e+01   4.6470e-09 
  3.5355e+01   4.7231e-09 
  3.5365e+01   8.2263e-09 
  3.5375e+01   4.7058e-09 
  3.5385e+01   4.6953e-09 
  3.5395e+01   8.5561e-09 
  3.5405e+01   4.6458e-09 
  3.5415e+01   4.6470e-09 
  3.5425e+01   4.6694e-09 
  3.5435e+01   4.6452e-09 
  3.5445e+01   6.7701e-09 
  3.5455e+01   4.6462e-09 
  3.5465e+01   4.7965e-09 
  3.5475e+01   4.6991e-09 
  3.5485e+01   4.6483e-09 
  3.5495e+01   4.6519e-09 
  3.5505e+01   4.6484e-09 
  3.5515e+01   4.6470e-09 
  3.5525e+01   4.6470e-09 
  3.5535e+01   4.6484e-09 
  3.5545e+01   4.6470e-09 
  3.5555e+01   6.3955e-09 
  3.5565e+01   4.6998e-09 
  3.5575e+01   4.6498e-09 
  3.5585e+01   4.6479e-09 
  3.5595e+01   4.6457e-09 
  3.5605e+01   4.6462e-09 
  3.5615e+01   9.8626e-09 
  3.5625e+01   4.7236e-09 
  3.5635e+01   1.9708e-08 
  3.5645e+01   4.6522e-09 
  3.5655e+01   4.8272e-09 
  3.5665e+01   4.3099e-07 
  3.5675e+01   4.6302e-09 
  3.5685e+01   4.8787e-09 
  3.5695e+01   4.6271e-09 
  3.5705e+01   4.6646e-09 
  3.5715e+01   4.6265e-09 
  3.5725e+01   4.6248e-09 
  3.5735e+01   2.4102e-08 
  3.5745e+01   4.7479e-09 
  3.5755e+01   4.6744e-09 
  3.5765e+01   4.7938e-09 
  3.5775e+01   4.6245e-09 
  3.5785e+01   4.6269e-09 
  3.5795e+01   5.4212e-09 
  3.5805e+01   4.6258e-09 
  3.5815e+01   4.7330e-09 
  3.5825e+01   4.8564e-09 
  3.5835e+01   4.6226e-09 
  3.5845e+01   4.7335e-09 
  3.5855e+01   5.4639e-09 
  3.5865e+01   4.6223e-09 
  3.5875e+01   5.8511e-09 
  3.5885e+01   4.7981e-09 
  3.5895e+01   4.6232e-09 
  3.5905e+01   4.6196e-09 
  3.5915e+01   4.6203e-09 
  3.5925e+01   4.7826e-09 
  3.5935e+01   4.6188e-09 
  3.5945e+01   4.6217e-09 
  3.5955e+01   1.4382e-08 
  3.5965e+01   4.6194e-09 
  3.5975e+01   4.6235e-09 
  3.5985e+01   6.8836e-09 
  3.5995e+01   4.6172e-09 
  3.6005e+01   5.3828e-09 
  3.6015e+01   5.0496e-09 
  3.6025e+01   4.6164e-09 
  3.6035e+01   5.0503e-09 
  3.6045e+01   5.8519e-09 
  3.6055e+01   4.6314e-09 
  3.6065e+01   5.2276e-09 
  3.6075e+01   4.6197e-09 
  3.6085e+01   4.6166e-09 
  3.6095e+01   4.6246e-09 
  3.6105e+01   4.6188e-09 
  3.6115e+01   4.6163e-09 
  3.6125e+01   5.1202e-09 
  3.6135e+01   4.8802e-09 
  3.6145e+01   4.6159e-09 
  3.6155e+01   4.6134e-09 
  3.6165e+01   4.8875e-09 
  3.6175e+01   4.8768e-09 
  3.6185e+01   4.6101e-09 
  3.6195e+01   5.5293e-09 
  3.6205e+01   4.6093e-09 
  3.6215e+01   5.5726e-09 
  3.6225e+01   4.6083e-09 
  3.6235e+01   4.6328e-09 
  3.6245e+01   4.6089e-09 
  3.6255e+01   1.5637e-08 
  3.6265e+01   4.6109e-09 
  3.6275e+01   7.4978e-09 
  3.6285e+01   4.7943e-09 
  3.6295e+01   4.6096e-09 
  3.6305e+01   4.6106e-09 
  3.6315e+01   6.1190e-09 
  3.6325e+01   4.6302e-09 
  3.6335e+01   1.8017e-08 
  3.6345e+01   8.3827e-09 
  3.6355e+01   4.7630e-09 
  3.6365e+01   5.0732e-09 
  3.6375e+01   4.6181e-09 
  3.6385e+01   4.6199e-09 
  3.6395e+01   2.4741e-07 
  3.6405e+01   4.6145e-09 
  3.6415e+01   4.6087e-09 
  3.6425e+01   5.0865e-09 
  3.6435e+01   5.1282e-09 
  3.6445e+01   4.6109e-09 
  3.6455e+01   4.6611e-09 
  3.6465e+01   4.6093e-09 
  3.6475e+01   4.7303e-09 
  3.6485e+01   5.6785e-09 
  3.6495e+01   4.7293e-09 
  3.6505e+01   4.8302e-09 
  3.6515e+01   7.3313e-09 
  3.6525e+01   4.6677e-09 
  3.6535e+01   4.6103e-09 
  3.6545e+01   4.7487e-09 
  3.6555e+01   3.0972e-08 
  3.6565e+01   3.2715e-08 
  3.6575e+01   5.5001e-08 
  3.6585e+01   4.6038e-09 
  3.6595e+01   5.0547e-09 
  3.6605e+01   4.6071e-09 
  3.6615e+01   4.8636e-09 
  3.6625e+01   4.6271e-09 
  3.6635e+01   4.6053e-09 
  3.6645e+01   5.7162e-09 
  3.6655e+01   5.2944e-09 
  3.6665e+01   6.1559e-09 
  3.6675e+01   1.0468e-08 
  3.6685e+01   6.1898e-09 
  3.6695e+01   6.7460e-09 
  3.6705e+01   4.6040e-09 
  3.6715e+01   9.2989e-09 
  3.6725e+01   4.8505e-09 
  3.6735e+01   4.8654e-09 
  3.6745e+01   3.3049e-08 
  3.6755e+01   4.6274e-09 
  3.6765e+01   5.5817e-09 
  3.6775e+01   4.7254e-09 
  3.6785e+01   4.6028e-09 
  3.6795e+01   4.6359e-09 
  3.6805e+01   1.9952e-08 
  3.6815e+01   4.6005e-09 
  3.6825e+01   4.6055e-09 
  3.6835e+01   6.1862e-09 
  3.6845e+01   4.7075e-09 
  3.6855e+01   4.6047e-09 
  3.6865e+01   4.6001e-09 
  3.6875e+01   6.5304e-09 
  3.6885e+01   5.7684e-09 
  3.6895e+01   5.6070e-09 
  3.6905e+01   4.7092e-09 
  3.6915e+01   5.7560e-09 
  3.6925e+01   4.8343e-09 
  3.6935e+01   4.6055e-09 
  3.6945e+01   4.6144e-09 
  3.6955e+01   4.6977e-09 
  3.6965e+01   6.1126e-09 
  3.6975e+01   4.6077e-09 
  3.6985e+01   9.5161e-09 
  3.6995e+01   4.5994e-09 
  3.7005e+01   4.5999e-09 
  3.7015e+01   4.6004e-09 
  3.7025e+01   4.5979e-09 
  3.7035e+01   4.6000e-09 
  3.7045e+01   1.1575e-08 
  3.7055e+01   4.9492e-09 
  3.7065e+01   4.6241e-09 
  3.7075e+01   4.5990e-09 
  3.7085e+01   4.9481e-09 
  3.7095e+01   4.5996e-09 
  3.7105e+01   4.6713e-09 
  3.7115e+01   4.6056e-09 
  3.7125e+01   5.0559e-09 
  3.7135e+01   4.9244e-09 
  3.7145e+01   4.5965e-09 
  3.7155e+01   4.6042e-09 
  3.7165e+01   4.5949e-09 
  3.7175e+01   4.5956e-09 
  3.7185e+01   4.5933e-09 
  3.7195e+01   4.5956e-09 
  3.7205e+01   4.5933e-09 
  3.7215e+01   4.5941e-09 
  3.7225e+01   4.6144e-09 
  3.7235e+01   4.6226e-09 
  3.7245e+01   4.6069e-09 
  3.7255e+01   4.6270e-09 
  3.7265e+01   4.5935e-09 
  3.7275e+01   4.5927e-09 
  3.7285e+01   4.5974e-09 
  3.7295e+01   4.6212e-09 
  3.7305e+01   6.6054e-09 
  3.7315e+01   4.7257e-09 
  3.7325e+01   4.5929e-09 
  3.7335e+01   4.5904e-09 
  3.7345e+01   4.6704e-09 
  3.7355e+01   4.5916e-09 
  3.7365e+01   4.6177e-09 
  3.7375e+01   4.5913e-09 
  3.7385e+01   4.5888e-09 
  3.7395e+01   4.9984e-09 
  3.7405e+01   8.0974e-09 
  3.7415e+01   4.6517e-09 
  3.7425e+01   4.5988e-09 
  3.7435e+01   4.5923e-09 
  3.7445e+01   4.6027e-09 
  3.7455e+01   4.5888e-09 
  3.7465e+01   1.2323e-08 
  3.7475e+01   4.5893e-09 
  3.7485e+01   4.6614e-09 
  3.7495e+01   4.5933e-09 
  3.7505e+01   4.5933e-09 
  3.7515e+01   4.6150e-09 
  3.7525e+01   4.6241e-09 
  3.7535e+01   5.3138e-09 
  3.7545e+01   5.1642e-09 
  3.7555e+01   4.5977e-09 
  3.7565e+01   1.2630e-08 
  3.7575e+01   4.6562e-09 
  3.7585e+01   5.0915e-09 
  3.7595e+01   3.1958e-07 
  3.7605e+01   5.0240e-09 
  3.7615e+01   4.5894e-09 
  3.7625e+01   4.5902e-09 
  3.7635e+01   4.5893e-09 
  3.7645e+01   1.0111e-08 
  3.7655e+01   4.7823e-09 
  3.7665e+01   6.2102e-09 
  3.7675e+01   4.5887e-09 
  3.7685e+01   4.6085e-09 
  3.7695e+01   4.8698e-09 
  3.7705e+01   5.4892e-09 
  3.7715e+01   7.1785e-08 
  3.7725e+01   4.5833e-09 
  3.7735e+01   4.5891e-09 
  3.7745e+01   4.5819e-09 
  3.7755e+01   4.5809e-09 
  3.7765e+01   5.7030e-09 
  3.7775e+01   4.5813e-09 
  3.7785e+01   4.5823e-09 
  3.7795e+01   4.5817e-09 
  3.7805e+01   4.6004e-09 
  3.7815e+01   4.6249e-09 
  3.7825e+01   4.5880e-09 
  3.7835e+01   4.5824e-09 
  3.7845e+01   4.6571e-09 
  3.7855e+01   4.5876e-09 
  3.7865e+01   5.7995e-09 
  3.7875e+01   4.5890e-09 
  3.7885e+01   4.5802e-09 
  3.7895e+01   4.5800e-09 
  3.7905e+01   4.6717e-09 
  3.7915e+01   4.5780e-09 
  3.7925e+01   4.5778e-09 
  3.7935e+01   4.5851e-09 
  3.7945e+01   4.6271e-09 
  3.7955e+01   4.5724e-09 
  3.7965e+01   4.5737e-09 
  3.7975e+01   4.5704e-09 
  3.7985e+01   5.0322e-09 
  3.7995e+01   4.5708e-09 
  3.8005e+01   6.9582e-09 
  3.8015e+01   4.5717e-09 
  3.8025e+01   5.9299e-09 
  3.8035e+01   4.7573e-09 
  3.8045e+01   4.5683e-09 
  3.8055e+01   1.6314e-08 
  3.8065e+01   4.6376e-09 
  3.8075e+01   4.7349e-09 
  3.8085e+01   4.6292e-09 
  3.8095e+01   4.5658e-09 
  3.8105e+01   4.5930e-09 
  3.8115e+01   4.5655e-09 
  3.8125e+01   4.5678e-09 
  3.8135e+01   4.5654e-09 
  3.8145e+01   4.7189e-09 
  3.8155e+01   4.5652e-09 
  3.8165e+01   4.8694e-09 
  3.8175e+01   4.6086e-09 
  3.8185e+01   4.5657e-09 
  3.8195e+01   4.5728e-09 
  3.8205e+01   4.5818e-09 
  3.8215e+01   4.9214e-09 
  3.8225e+01   4.5633e-09 
  3.8235e+01   4.5948e-09 
  3.8245e+01   4.5640e-09 
  3.8255e+01   4.8483e-09 
  3.8265e+01   4.6121e-09 
  3.8275e+01   4.5618e-09 
  3.8285e+01   4.5764e-09 
  3.8295e+01   4.5608e-09 
  3.8305e+01   4.5628e-09 
  3.8315e+01   5.3026e-09 
  3.8325e+01   8.4492e-09 
  3.8335e+01   4.5589e-09 
  3.8345e+01   4.5717e-09 
  3.8355e+01   4.8114e-09 
  3.8365e+01   4.5584e-09 
  3.8375e+01   4.7033e-09 
  3.8385e+01   4.5592e-09 
  3.8395e+01   4.5579e-09 
  3.8405e+01   5.3858e-09 
  3.8415e+01   4.5571e-09 
  3.8425e+01   4.8047e-09 
  3.8435e+01   4.5562e-09 
  3.8445e+01   4.5566e-09 
  3.8455e+01   1.1459e-08 
  3.8465e+01   4.5575e-09 
  3.8475e+01   4.5548e-09 
  3.8485e+01   4.8267e-09 
  3.8495e+01   4.5714e-09 
  3.8505e+01   4.5548e-09 
  3.8515e+01   4.5590e-09 
  3.8525e+01   4.5680e-09 
  3.8535e+01   4.5564e-09 
  3.8545e+01   4.6364e-09 
  3.8555e+01   4.5913e-09 
  3.8565e+01   4.7298e-09 
  3.8575e+01   5.3118e-09 
  3.8585e+01   4.5518e-09 
  3.8595e+01   4.5502e-09 
  3.8605e+01   4.7045e-09 
  3.8615e+01   1.8624e-08 
  3.8625e+01   4.5846e-09 
  3.8635e+01   4.7526e-09 
  3.8645e+01   5.5770e-09 
  3.8655e+01   5.8391e-09 
  3.8665e+01   4.5457e-09 
  3.8675e+01   5.1003e-09 
  3.8685e+01   4.5458e-09 
  3.8695e+01   4.7846e-09 
  3.8705e+01   4.5429e-09 
  3.8715e+01   4.8598e-09 
  3.8725e+01   4.5436e-09 
  3.8735e+01   4.5456e-09 
  3.8745e+01   4.5410e-09 
  3.8755e+01   4.5430e-09 
  3.8765e+01   5.5809e-09 
  3.8775e+01   4.5485e-09 
  3.8785e+01   9.8622e-09 
  3.8795e+01   4.8475e-09 
  3.8805e+01   4.5431e-09 
  3.8815e+01   4.5401e-09 
  3.8825e+01   7.1361e-09 
  3.8835e+01   4.9372e-09 
  3.8845e+01   4.5398e-09 
  3.8855e+01   4.6107e-09 
  3.8865e+01   4.5390e-09 
  3.8875e+01   4.6836e-09 
  3.8885e+01   2.4631e-08 
  3.8895e+01   5.2293e-09 
  3.8905e+01   1.7291e-08 
  3.8915e+01   4.8279e-09 
  3.8925e+01   4.5382e-09 
  3.8935e+01   4.5369e-09 
  3.8945e+01   4.7563e-09 
  3.8955e+01   4.8750e-09 
  3.8965e+01   4.5354e-09 
  3.8975e+01   4.5354e-09 
  3.8985e+01   4.5338e-09 
  3.8995e+01   5.2150e-09 
  3.9005e+01   4.8986e-09 
  3.9015e+01   6.2353e-09 
  3.9025e+01   4.5306e-09 
  3.9035e+01   4.8752e-09 
  3.9045e+01   5.5314e-09 
  3.9055e+01   4.5608e-09 
  3.9065e+01   4.5291e-09 
  3.9075e+01   4.7829e-09 
  3.9085e+01   4.7541e-09 
  3.9095e+01   6.6455e-09 
  3.9105e+01   4.5285e-09 
  3.9115e+01   7.7892e-09 
  3.9125e+01   4.5290e-09 
  3.9135e+01   4.5906e-09 
  3.9145e+01   5.7771e-09 
  3.9155e+01   4.5286e-09 
  3.9165e+01   4.5249e-09 
  3.9175e+01   8.4612e-09 
  3.9185e+01   5.7309e-09 
  3.9195e+01   4.7491e-09 
  3.9205e+01   4.7183e-09 
  3.9215e+01   4.5910e-09 
  3.9225e+01   7.0490e-09 
  3.9235e+01   4.5245e-09 
  3.9245e+01   1.4683e-07 
  3.9255e+01   4.6266e-09 
  3.9265e+01   4.5936e-09 
  3.9275e+01   5.8666e-09 
  3.9285e+01   7.0748e-09 
  3.9295e+01   4.5222e-09 
  3.9305e+01   7.2582e-09 
  3.9315e+01   4.6126e-09 
  3.9325e+01   5.1979e-08 
  3.9335e+01   4.5187e-09 
  3.9345e+01   4.9891e-09 
  3.9355e+01   4.9403e-09 
  3.9365e+01   7.3876e-09 
  3.9375e+01   4.5179e-09 
  3.9385e+01   4.5160e-09 
  3.9395e+01   4.5157e-09 
  3.9405e+01   4.5138e-09 
  3.9415e+01   4.5357e-09 
  3.9425e+01   4.5151e-09 
  3.9435e+01   4.6268e-09 
  3.9445e+01   4.9792e-09 
  3.9455e+01   4.5104e-09 
  3.9465e+01   4.5107e-09 
  3.9475e+01   4.5339e-09 
  3.9485e+01   7.2346e-09 
  3.9495e+01   7.0771e-09 
  3.9505e+01   4.5098e-09 
  3.9515e+01   4.5101e-09 
  3.9525e+01   4.5069e-09 
  3.9535e+01   5.7270e-09 
  3.9545e+01   4.5073e-09 
  3.9555e+01   4.5092e-09 
  3.9565e+01   4.6908e-09 
  3.9575e+01   4.9351e-09 
  3.9585e+01   4.5065e-09 
  3.9595e+01   4.5051e-09 
  3.9605e+01   4.7653e-09 
  3.9615e+01   4.5038e-09 
  3.9625e+01   6.9874e-09 
  3.9635e+01   4.5043e-09 
  3.9645e+01   5.7478e-09 
  3.9655e+01   4.5031e-09 
  3.9665e+01   1.9692e-08 
  3.9675e+01   4.5035e-09 
  3.9685e+01   4.5546e-09 
  3.9695e+01   4.5037e-09 
  3.9705e+01   4.5337e-09 
  3.9715e+01   4.7456e-09 
  3.9725e+01   7.3382e-09 
  3.9735e+01   4.6573e-09 
  3.9745e+01   4.4985e-09 
  3.9755e+01   4.4985e-09 
  3.9765e+01   4.5002e-09 
  3.9775e+01   4.4967e-09 
  3.9785e+01   4.4984e-09 
  3.9795e+01   4.4950e-09 
  3.9805e+01   8.3908e-09 
  3.9815e+01   4.4950e-09 
  3.9825e+01   3.8249e-08 
  3.9835e+01   4.4955e-09 
  3.9845e+01   4.4940e-09 
  3.9855e+01   4.4943e-09 
  3.9865e+01   4.4945e-09 
  3.9875e+01   4.4947e-09 
  3.9885e+01   4.4915e-09 
  3.9895e+01   4.4952e-09 
  3.9905e+01   6.4475e-09 
  3.9915e+01   4.4922e-09 
  3.9925e+01   4.4924e-09 
  3.9935e+01   4.4909e-09 
  3.9945e+01   4.4928e-09 
  3.9955e+01   4.4913e-09 
  3.9965e+01   4.4914e-09 
  3.9975e+01   4.4899e-09 
  3.9985e+01   4.4918e-09 
  3.9995e+01   4.4885e-09 
  4.0010e+01   1.1133e-08 
  4.0030e+01   8.9765e-09 
  4.0050e+01   8.9771e-09 
  4.0070e+01   1.0589e-08 
  4.0090e+01   1.3141e-08 
  4.0110e+01   8.9740e-09 
  4.0130e+01   9.0178e-09 
  4.0150e+01   7.0248e-08 
  4.0170e+01   1.6088e-08 
  4.0190e+01   9.4642e-09 
  4.0210e+01   1.0438e-08 
  4.0230e+01   1.0443e-08 
  4.0250e+01   9.3720e-09 
  4.0270e+01   8.3247e-08 
  4.0290e+01   9.0470e-09 
  4.0310e+01   9.2512e-09 
  4.0330e+01   9.2363e-09 
  4.0350e+01   9.5995e-09 
  4.0370e+01   1.7412e-08 
  4.0390e+01   9.2193e-09 
  4.0410e+01   1.6577e-08 
  4.0430e+01   9.0377e-09 
  4.0450e+01   9.0206e-09 
  4.0470e+01   1.1194e-08 
  4.0490e+01   9.6207e-09 
  4.0510e+01   8.9872e-09 
  4.0530e+01   1.2056e-08 
  4.0550e+01   8.9404e-09 
  4.0570e+01   1.0950e-08 
  4.0590e+01   1.4198e-08 
  4.0610e+01   8.9384e-09 
  4.0630e+01   8.9287e-09 
  4.0650e+01   8.9358e-09 
  4.0670e+01   8.9666e-09 
  4.0690e+01   9.2172e-09 
  4.0710e+01   1.0051e-08 
  4.0730e+01   1.2435e-08 
  4.0750e+01   8.9201e-09 
  4.0770e+01   9.1445e-09 
  4.0790e+01   9.0371e-09 
  4.0810e+01   8.9565e-09 
  4.0830e+01   1.0071e-08 
  4.0850e+01   8.9278e-09 
  4.0870e+01   9.0378e-09 
  4.0890e+01   8.9286e-09 
  4.0910e+01   3.4527e-07 
  4.0930e+01   8.9048e-09 
  4.0950e+01   1.7912e-07 
  4.0970e+01   8.9005e-09 
  4.0990e+01   9.6115e-08 
  4.1010e+01   2.7365e-08 
  4.1030e+01   8.9226e-09 
  4.1050e+01   9.5377e-09 
  4.1070e+01   8.9556e-09 
  4.1090e+01   8.9093e-09 
  4.1110e+01   8.8831e-09 
  4.1130e+01   9.0805e-09 
  4.1150e+01   8.8778e-09 
  4.1170e+01   9.6457e-09 
  4.1190e+01   9.2854e-09 
  4.1210e+01   1.9184e-08 
  4.1230e+01   8.9849e-09 
  4.1250e+01   8.8923e-09 
  4.1270e+01   8.8659e-09 
  4.1290e+01   8.8883e-09 
  4.1310e+01   8.8615e-09 
  4.1330e+01   8.8630e-09 
  4.1350e+01   9.0231e-09 
  4.1370e+01   9.0561e-09 
  4.1390e+01   9.6019e-09 
  4.1410e+01   8.8577e-09 
  4.1430e+01   9.7559e-09 
  4.1450e+01   8.8698e-09 
  4.1470e+01   5.3079e-08 
  4.1490e+01   8.8451e-09 
  4.1510e+01   9.0396e-09 
  4.1530e+01   9.6875e-09 
  4.1550e+01   9.2392e-09 
  4.1570e+01   9.0197e-09 
  4.1590e+01   8.9619e-09 
  4.1610e+01   9.1258e-09 
  4.1630e+01   9.3320e-09 
  4.1650e+01   9.1195e-09 
  4.1670e+01   8.8266e-09 
  4.1690e+01   8.8291e-09 
  4.1710e+01   9.2292e-09 
  4.1730e+01   8.8260e-09 
  4.1750e+01   9.3788e-09 
  4.1770e+01   8.8469e-09 
  4.1790e+01   8.8204e-09 
  4.1810e+01   8.8210e-09 
  4.1830e+01   8.8188e-09 
  4.1850e+01   8.8692e-09 
  4.1870e+01   8.8111e-09 
  4.1890e+01   9.1572e-09 
  4.1910e+01   8.9199e-09 
  4.1930e+01   5.1841e-08 
  4.1950e+01   8.8203e-09 
  4.1970e+01   8.8013e-09 
  4.1990e+01   8.7944e-09 
  4.2010e+01   8.9576e-09 
  4.2030e+01   8.8122e-09 
  4.2050e+01   8.7921e-09 
  4.2070e+01   8.7851e-09 
  4.2090e+01   8.7837e-09 
  4.2110e+01   8.7842e-09 
  4.2130e+01   8.7791e-09 
  4.2150e+01   8.7815e-09 
  4.2170e+01   8.8374e-09 
  4.2190e+01   9.2748e-09 
  4.2210e+01   8.7813e-09 
  4.2230e+01   8.7722e-09 
  4.2250e+01   8.7652e-09 
  4.2270e+01   8.7643e-09 
  4.2290e+01   1.4350e-08 
  4.2310e+01   9.7344e-08 
  4.2330e+01   9.3164e-09 
  4.2350e+01   8.8632e-09 
  4.2370e+01   2.0865e-08 
  4.2390e+01   9.0090e-09 
  4.2410e+01   8.7526e-09 
  4.2430e+01   8.7549e-09 
  4.2450e+01   8.7477e-09 
  4.2470e+01   8.8562e-09 
  4.2490e+01   9.0693e-09 
  4.2510e+01   8.8754e-09 
  4.2530e+01   1.0792e-08 
  4.2550e+01   8.7402e-09 
  4.2570e+01   8.7376e-09 
  4.2590e+01   1.2767e-08 
  4.2610e+01   9.6434e-09 
  4.2630e+01   3.1199e-08 
  4.2650e+01   8.7802e-09 
  4.2670e+01   8.8001e-09 
  4.2690e+01   9.4772e-09 
  4.2710e+01   8.7333e-09 
  4.2730e+01   8.7794e-09 
  4.2750e+01   8.8172e-09 
  4.2770e+01   8.8979e-09 
  4.2790e+01   8.7223e-09 
  4.2810e+01   8.7625e-09 
  4.2830e+01   8.8542e-09 
  4.2850e+01   9.3429e-09 
  4.2870e+01   8.8062e-09 
  4.2890e+01   8.7111e-09 
  4.2910e+01   8.7338e-09 
  4.2930e+01   8.7097e-09 
  4.2950e+01   8.8775e-09 
  4.2970e+01   8.7063e-09 
  4.2990e+01   8.9827e-09 
  4.3010e+01   8.7484e-09 
  4.3030e+01   8.7666e-09 
  4.3050e+01   8.7384e-09 
  4.3070e+01   8.7060e-09 
  4.3090e+01   1.2693e-08 
  4.3110e+01   8.7811e-09 
  4.3130e+01   9.7976e-09 
  4.3150e+01   8.6998e-09 
  4.3170e+01   8.7080e-09 
  4.3190e+01   1.1482e-08 
  4.3210e+01   1.0456e-08 
  4.3230e+01   8.8586e-09 
  4.3250e+01   8.7238e-09 
  4.3270e+01   9.2594e-09 
  4.3290e+01   1.0377e-08 
  4.3310e+01   1.0270e-08 
  4.3330e+01   1.3981e-08 
  4.3350e+01   1.0555e-08 
  4.3370e+01   9.8158e-09 
  4.3390e+01   9.1972e-09 
  4.3410e+01   8.8549e-09 
  4.3430e+01   8.6537e-09 
  4.3450e+01   8.6926e-09 
  4.3470e+01   8.8366e-09 
  4.3490e+01   8.6919e-09 
  4.3510e+01   9.2460e-09 
  4.3530e+01   8.6757e-09 
  4.3550e+01   8.6874e-09 
  4.3570e+01   8.6359e-09 
  4.3590e+01   8.7639e-09 
  4.3610e+01   8.6342e-09 
  4.3630e+01   8.6288e-09 
  4.3650e+01   2.1663e-08 
  4.3670e+01   8.7227e-09 
  4.3690e+01   8.6764e-09 
  4.3710e+01   4.3454e-08 
  4.3730e+01   8.6852e-09 
  4.3750e+01   8.7336e-09 
  4.3770e+01   8.9406e-08 
  4.3790e+01   8.6226e-09 
  4.3810e+01   2.9058e-08 
  4.3830e+01   8.6927e-09 
  4.3850e+01   8.6065e-09 
  4.3870e+01   8.8676e-09 
  4.3890e+01   8.6012e-09 
  4.3910e+01   9.2145e-09 
  4.3930e+01   8.5999e-09 
  4.3950e+01   8.5954e-09 
  4.3970e+01   8.5967e-09 
  4.3990e+01   8.5988e-09 
  4.4010e+01   2.9238e-07 
  4.4030e+01   8.6250e-09 
  4.4050e+01   5.6958e-08 
  4.4070e+01   3.0396e-08 
  4.4090e+01   8.6304e-09 
  4.4110e+01   8.5835e-09 
  4.4130e+01   8.5758e-09 
  4.4150e+01   8.5986e-09 
  4.4170e+01   5.7745e-07 
  4.4190e+01   8.5718e-09 
  4.4210e+01   8.5761e-09 
  4.4230e+01   8.5717e-09 
  4.4250e+01   8.5599e-09 
  4.4270e+01   8.5628e-09 
  4.4290e+01   8.5679e-09 
  4.4310e+01   8.5543e-09 
  4.4330e+01   8.5621e-09 
  4.4350e+01   8.5568e-09 
  4.4370e+01   4.4645e-08 
  4.4390e+01   9.1474e-09 
  4.4410e+01   1.2703e-08 
  4.4430e+01   8.5406e-09 
  4.4450e+01   8.5455e-09 
  4.4470e+01   8.5360e-09 
  4.4490e+01   8.5306e-09 
  4.4510e+01   9.1789e-09 
  4.4530e+01   8.5240e-09 
  4.4550e+01   8.5275e-09 
  4.4570e+01   8.5189e-09 
  4.4590e+01   8.5204e-09 
  4.4610e+01   8.5179e-09 
  4.4630e+01   8.5153e-09 
  4.4650e+01   8.5728e-09 
  4.4670e+01   8.8175e-09 
  4.4690e+01   8.5116e-09 
  4.4710e+01   8.5092e-09 
  4.4730e+01   8.7571e-09 
  4.4750e+01   8.5102e-09 
  4.4770e+01   8.7384e-09 
  4.4790e+01   8.5541e-09 
  4.4810e+01   8.8445e-09 
  4.4830e+01   8.5027e-09 
  4.4850e+01   8.5413e-09 
  4.4870e+01   8.6952e-09 
  4.4890e+01   8.4864e-09 
  4.4910e+01   8.4898e-09 
  4.4930e+01   8.4845e-09 
  4.4950e+01   8.4814e-09 
  4.4970e+01   8.6370e-09 
  4.4990e+01   8.4753e-09 
  4.5010e+01   8.4913e-09 
  4.5030e+01   8.4715e-09 
  4.5050e+01   8.4799e-09 
  4.5070e+01   8.4680e-09 
  4.5090e+01   8.4910e-09 
  4.5110e+01   8.4665e-09 
  4.5130e+01   8.4616e-09 
  4.5150e+01   8.4645e-09 
  4.5170e+01   8.4580e-09 
  4.5190e+01   8.4607e-09 
  4.5210e+01   8.6162e-09 
  4.5230e+01   8.4623e-09 
  4.5250e+01   8.4564e-09 
  4.5270e+01   8.4468e-09 
  4.5290e+01   8.4801e-09 
  4.5310e+01   8.4435e-09 
  4.5330e+01   8.7136e-09 
  4.5350e+01   8.4401e-09 
  4.5370e+01   8.4451e-09 
  4.5390e+01   1.0720e-08 
  4.5410e+01   8.4331e-09 
  4.5430e+01   8.4712e-09 
  4.5450e+01   8.4291e-09 
  4.5470e+01   8.4302e-09 
  4.5490e+01   8.4605e-09 
  4.5510e+01   8.4282e-09 
  4.5530e+01   1.4874e-07 
  4.5550e+01   8.4222e-09 
  4.5570e+01   8.4170e-09 
  4.5590e+01   8.4552e-09 
  4.5610e+01   9.2705e-09 
  4.5630e+01   8.4120e-09 
  4.5650e+01   8.4110e-09 
  4.5670e+01   8.4281e-09 
  4.5690e+01   2.9096e-07 
  4.5710e+01   8.5455e-09 
  4.5730e+01   8.3996e-09 
  4.5750e+01   8.4110e-09 
  4.5770e+01   8.4538e-09 
  4.5790e+01   8.4628e-09 
  4.5810e+01   8.3997e-09 
  4.5830e+01   8.3983e-09 
  4.5850e+01   8.5096e-09 
  4.5870e+01   8.4006e-09 
  4.5890e+01   8.4105e-09 
  4.5910e+01   8.4825e-09 
  4.5930e+01   8.4430e-09 
  4.5950e+01   8.4232e-09 
  4.5970e+01   8.3803e-09 
  4.5990e+01   8.7526e-09 
  4.6010e+01   8.3690e-09 
  4.6030e+01   8.4597e-09 
  4.6050e+01   8.3661e-09 
  4.6070e+01   8.3944e-09 
  4.6090e+01   8.4091e-09 
  4.6110e+01   8.3576e-09 
  4.6130e+01   8.5369e-09 
  4.6150e+01   8.4305e-09 
  4.6170e+01   8.4261e-09 
  4.6190e+01   8.6285e-09 
  4.6210e+01   8.3449e-09 
  4.6230e+01   2.2612e-08 
  4.6250e+01   8.4081e-09 
  4.6270e+01   1.4776e-08 
  4.6290e+01   1.7026e-08 
  4.6310e+01   8.4137e-09 
  4.6330e+01   1.0829e-08 
  4.6350e+01   1.5004e-08 
  4.6370e+01   8.3609e-09 
  4.6390e+01   2.4589e-08 
  4.6410e+01   1.3345e-08 
  4.6430e+01   8.4844e-09 
  4.6450e+01   8.3960e-09 
  4.6470e+01   8.3560e-09 
  4.6490e+01   1.0492e-08 
  4.6510e+01   8.3261e-09 
  4.6530e+01   8.3267e-09 
  4.6550e+01   8.8290e-09 
  4.6570e+01   8.4759e-09 
  4.6590e+01   8.3648e-09 
  4.6610e+01   1.0040e-08 
  4.6630e+01   8.2989e-09 
  4.6650e+01   8.3126e-09 
  4.6670e+01   5.4568e-08 
  4.6690e+01   8.4010e-09 
  4.6710e+01   6.6595e-08 
  4.6730e+01   1.1274e-08 
  4.6750e+01   8.3235e-09 
  4.6770e+01   1.0247e-08 
  4.6790e+01   1.2054e-08 
  4.6810e+01   9.1980e-09 
  4.6830e+01   9.8487e-09 
  4.6850e+01   9.7459e-09 
  4.6870e+01   8.7432e-09 
  4.6890e+01   8.6659e-09 
  4.6910e+01   8.3282e-09 
  4.6930e+01   8.9752e-09 
  4.6950e+01   1.4617e-08 
  4.6970e+01   9.1337e-09 
  4.6990e+01   1.3218e-08 
  4.7010e+01   8.2993e-09 
  4.7030e+01   1.6417e-08 
  4.7050e+01   1.0437e-08 
  4.7070e+01   1.1877e-08 
  4.7090e+01   8.2844e-09 
  4.7110e+01   8.2777e-09 
  4.7130e+01   1.0961e-08 
  4.7150e+01   8.6174e-09 
  4.7170e+01   8.2600e-09 
  4.7190e+01   8.2715e-09 
  4.7210e+01   8.3439e-09 
  4.7230e+01   2.7639e-08 
  4.7250e+01   8.4714e-09 
  4.7270e+01   8.2309e-09 
  4.7290e+01   8.2505e-09 
  4.7310e+01   4.8001e-08 
  4.7330e+01   8.2284e-09 
  4.7350e+01   8.3501e-09 
  4.7370e+01   8.2203e-09 
  4.7390e+01   8.2137e-09 
  4.7410e+01   8.2231e-09 
  4.7430e+01   8.2387e-09 
  4.7450e+01   8.3361e-09 
  4.7470e+01   8.2264e-09 
  4.7490e+01   1.2496e-08 
  4.7510e+01   8.2424e-09 
  4.7530e+01   8.2213e-09 
  4.7550e+01   8.7384e-09 
  4.7570e+01   8.2182e-09 
  4.7590e+01   8.1939e-09 
  4.7610e+01   8.5824e-09 
  4.7630e+01   8.1886e-09 
  4.7650e+01   9.3095e-09 
  4.7670e+01   8.1860e-09 
  4.7690e+01   8.1870e-09 
  4.7710e+01   8.7507e-09 
  4.7730e+01   8.5577e-09 
  4.7750e+01   8.1870e-09 
  4.7770e+01   8.2236e-09 
  4.7790e+01   1.5866e-08 
  4.7810e+01   8.1904e-09 
  4.7830e+01   8.2246e-09 
  4.7850e+01   8.1685e-09 
  4.7870e+01   2.3468e-08 
  4.7890e+01   8.6757e-09 
  4.7910e+01   8.1613e-09 
  4.7930e+01   8.2917e-09 
  4.7950e+01   8.3547e-09 
  4.7970e+01   8.1562e-09 
  4.7990e+01   8.1539e-09 
  4.8010e+01   8.2056e-09 
  4.8030e+01   8.1473e-09 
  4.8050e+01   8.1497e-09 
  4.8070e+01   8.2284e-09 
  4.8090e+01   8.1887e-09 
  4.8110e+01   8.5804e-09 
  4.8130e+01   8.1363e-09 
  4.8150e+01   8.2062e-09 
  4.8170e+01   8.1660e-09 
  4.8190e+01   8.1329e-09 
  4.8210e+01   8.1253e-09 
  4.8230e+01   8.1965e-09 
  4.8250e+01   8.1214e-09 
  4.8270e+01   8.1184e-09 
  4.8290e+01   2.5557e-08 
  4.8310e+01   8.1947e-09 
  4.8330e+01   1.7267e-08 
  4.8350e+01   8.1061e-09 
  4.8370e+01   8.1836e-09 
  4.8390e+01   8.5272e-09 
  4.8410e+01   1.0276e-08 
  4.8430e+01   8.8309e-09 
  4.8450e+01   8.0938e-09 
  4.8470e+01   8.1015e-09 
  4.8490e+01   8.0888e-09 
  4.8510e+01   1.1406e-08 
  4.8530e+01   8.0870e-09 
  4.8550e+01   8.6009e-09 
  4.8570e+01   8.0794e-09 
  4.8590e+01   1.1647e-08 
  4.8610e+01   8.5297e-09 
  4.8630e+01   8.2007e-09 
  4.8650e+01   8.0981e-09 
  4.8670e+01   8.7589e-09 
  4.8690e+01   8.1318e-09 
  4.8710e+01   8.1438e-09 
  4.8730e+01   9.3410e-09 
  4.8750e+01   8.2836e-09 
  4.8770e+01   8.2948e-09 
  4.8790e+01   8.5195e-09 
  4.8810e+01   8.0518e-09 
  4.8830e+01   8.0556e-09 
  4.8850e+01   8.3207e-09 
  4.8870e+01   8.0495e-09 
  4.8890e+01   9.3688e-09 
  4.8910e+01   8.0411e-09 
  4.8930e+01   8.0407e-09 
  4.8950e+01   1.5447e-08 
  4.8970e+01   1.1955e-08 
  4.8990e+01   9.8293e-09 
  4.9010e+01   8.4727e-09 
  4.9030e+01   8.2728e-09 
  4.9050e+01   9.9133e-09 
  4.9070e+01   8.0246e-09 
  4.9090e+01   8.0223e-09 
  4.9110e+01   8.1574e-09 
  4.9130e+01   8.1871e-09 
  4.9150e+01   8.9382e-09 
  4.9170e+01   1.1299e-08 
  4.9190e+01   8.8570e-09 
  4.9210e+01   8.0089e-09 
  4.9230e+01   1.8471e-07 
  4.9250e+01   8.0081e-09 
  4.9270e+01   2.0633e-08 
  4.9290e+01   8.0189e-09 
  4.9310e+01   7.9998e-09 
  4.9330e+01   7.9991e-09 
  4.9350e+01   9.8946e-09 
  4.9370e+01   8.0071e-09 
  4.9390e+01   8.8972e-09 
  4.9410e+01   1.3019e-08 
  4.9430e+01   8.0872e-09 
  4.9450e+01   7.9808e-09 
  4.9470e+01   7.9824e-09 
  4.9490e+01   7.9746e-09 
  4.9510e+01   1.0254e-08 
  4.9530e+01   8.0407e-09 
  4.9550e+01   7.9699e-09 
  4.9570e+01   7.9823e-09 
  4.9590e+01   7.9624e-09 
  4.9610e+01   7.9640e-09 
  4.9630e+01   7.9585e-09 
  4.9650e+01   7.9588e-09 
  4.9670e+01   8.2770e-09 
  4.9690e+01   7.9548e-09 
  4.9710e+01   8.9118e-09 
  4.9730e+01   7.9456e-09 
  4.9750e+01   8.1034e-09 
  4.9770e+01   7.9803e-09 
  4.9790e+01   7.9434e-09 
  4.9810e+01   7.9645e-09 
  4.9830e+01   1.2644e-08 
  4.9850e+01   7.9339e-09 
  4.9870e+01   1.1653e-08 
  4.9890e+01   7.9307e-09 
  4.9910e+01   7.9660e-09 
  4.9930e+01   7.9282e-09 
  4.9950e+01   7.9239e-09 
  4.9970e+01   1.3721e-08 
  4.9990e+01   1.1850e-08 
  5.0010e+01   7.9192e-09 
  5.0030e+01   7.9136e-09 
  5.0050e+01   7.9152e-09 
  5.0070e+01   9.0056e-09 
  5.0090e+01   8.0064e-09 
  5.0110e+01   7.9080e-09 
  5.0130e+01   7.9276e-09 
  5.0150e+01   8.8097e-09 
  5.0170e+01   7.8976e-09 
  5.0190e+01   8.0683e-09 
  5.0210e+01   7.8938e-09 
  5.0230e+01   8.2373e-09 
  5.0250e+01   4.9547e-08 
  5.0270e+01   9.5410e-09 
  5.0290e+01   7.8884e-09 
  5.0310e+01   1.0309e-08 
  5.0330e+01   7.9909e-09 
  5.0350e+01   1.5839e-07 
  5.0370e+01   9.6412e-09 
  5.0390e+01   1.0540e-08 
  5.0410e+01   7.8901e-09 
  5.0430e+01   1.6026e-08 
  5.0450e+01   1.1303e-08 
  5.0470e+01   1.3574e-08 
  5.0490e+01   1.3232e-08 
  5.0510e+01   8.1931e-09 
  5.0530e+01   2.9905e-08 
  5.0550e+01   8.9757e-08 
  5.0570e+01   7.8485e-09 
  5.0590e+01   7.8463e-09 
  5.0610e+01   1.3811e-08 
  5.0630e+01   1.1065e-08 
  5.0650e+01   7.8420e-09 
  5.0670e+01   7.8374e-09 
  5.0690e+01   1.3738e-08 
  5.0710e+01   1.2256e-08 
  5.0730e+01   7.8295e-09 
  5.0750e+01   7.8300e-09 
  5.0770e+01   7.8292e-09 
  5.0790e+01   8.2444e-09 
  5.0810e+01   1.0428e-08 
  5.0830e+01   8.4071e-09 
  5.0850e+01   1.6016e-08 
  5.0870e+01   7.8179e-09 
  5.0890e+01   8.1678e-09 
  5.0910e+01   7.8101e-09 
  5.0930e+01   2.1610e-08 
  5.0950e+01   7.8697e-09 
  5.0970e+01   7.8054e-09 
  5.0990e+01   7.8017e-09 
  5.1010e+01   7.8016e-09 
  5.1030e+01   9.4490e-08 
  5.1050e+01   7.7965e-09 
  5.1070e+01   7.7903e-09 
  5.1090e+01   8.7269e-09 
  5.1110e+01   7.7888e-09 
  5.1130e+01   7.7838e-09 
  5.1150e+01   7.7827e-09 
  5.1170e+01   7.7794e-09 
  5.1190e+01   7.7831e-09 
  5.1210e+01   8.3855e-09 
  5.1229e+01   7.7729e-09 
  5.1250e+01   9.0550e-09 
  5.1269e+01   7.8194e-09 
  5.1290e+01   7.8056e-09 
  5.1310e+01   7.7629e-09 
  5.1330e+01   7.7656e-09 
  5.1350e+01   1.0732e-08 
  5.1370e+01   7.7600e-09 
  5.1390e+01   7.7553e-09 
  5.1409e+01   8.1884e-09 
  5.1429e+01   7.7626e-09 
  5.1449e+01   8.0240e-09 
  5.1470e+01   7.7499e-09 
  5.1489e+01   7.8436e-09 
  5.1509e+01   7.7466e-09 
  5.1530e+01   7.7459e-09 
  5.1550e+01   7.8333e-09 
  5.1569e+01   7.7357e-09 
  5.1589e+01   7.8896e-09 
  5.1609e+01   7.7330e-09 
  5.1629e+01   7.7261e-09 
  5.1649e+01   7.7279e-09 
  5.1669e+01   7.7293e-09 
  5.1689e+01   7.7202e-09 
  5.1709e+01   9.1161e-09 
  5.1729e+01   7.7113e-09 
  5.1749e+01   7.7118e-09 
  5.1769e+01   7.7391e-09 
  5.1789e+01   7.7103e-09 
  5.1809e+01   7.7092e-09 
  5.1829e+01   7.7028e-09 
  5.1849e+01   7.6982e-09 
  5.1869e+01   7.7041e-09 
  5.1889e+01   7.6938e-09 
  5.1909e+01   7.7050e-09 
  5.1929e+01   7.6944e-09 
  5.1949e+01   7.7073e-09 
  5.1969e+01   7.6887e-09 
  5.1989e+01   7.9391e-09 
  5.2009e+01   7.7226e-09 
  5.2029e+01   7.7559e-09 
  5.2049e+01   7.6809e-09 
  5.2069e+01   8.4308e-09 
  5.2089e+01   7.7160e-09 
  5.2109e+01   7.7054e-09 
  5.2129e+01   7.9867e-09 
  5.2149e+01   8.3420e-09 
  5.2169e+01   7.8120e-09 
  5.2189e+01   7.6820e-09 
  5.2209e+01   7.6587e-09 
  5.2229e+01   8.4146e-09 
  5.2249e+01   7.7197e-09 
  5.2269e+01   1.8528e-08 
  5.2289e+01   1.5221e-07 
  5.2309e+01   7.7354e-09 
  5.2329e+01   7.6996e-09 
  5.2349e+01   7.6575e-09 
  5.2369e+01   7.6605e-09 
  5.2389e+01   1.3707e-08 
  5.2409e+01   7.7786e-09 
  5.2429e+01   8.1404e-09 
  5.2449e+01   4.1016e-08 
  5.2469e+01   7.6734e-09 
  5.2489e+01   7.6613e-09 
  5.2509e+01   7.6316e-09 
  5.2529e+01   8.5306e-09 
  5.2549e+01   7.7924e-09 
  5.2569e+01   7.6201e-09 
  5.2589e+01   9.0560e-09 
  5.2609e+01   5.1336e-08 
  5.2629e+01   7.7029e-09 
  5.2649e+01   8.0445e-09 
  5.2669e+01   7.7113e-09 
  5.2689e+01   8.7636e-09 
  5.2709e+01   7.6033e-09 
  5.2729e+01   6.1466e-08 
  5.2749e+01   1.1889e-08 
  5.2769e+01   7.6021e-09 
  5.2789e+01   7.6592e-09 
  5.2809e+01   8.8881e-09 
  5.2829e+01   7.6231e-09 
  5.2849e+01   7.5998e-09 
  5.2869e+01   7.6082e-09 
  5.2889e+01   7.9904e-09 
  5.2909e+01   8.2437e-08 
  5.2929e+01   7.7015e-09 
  5.2949e+01   7.6126e-09 
  5.2969e+01   7.5761e-09 
  5.2989e+01   7.6804e-09 
  5.3009e+01   7.5931e-09 
  5.3029e+01   7.6415e-09 
  5.3049e+01   7.6221e-09 
  5.3069e+01   7.5661e-09 
  5.3089e+01   7.5555e-09 
  5.3109e+01   3.1481e-08 
  5.3129e+01   7.5507e-09 
  5.3149e+01   7.7708e-09 
  5.3169e+01   7.5597e-09 
  5.3189e+01   8.7475e-09 
  5.3209e+01   7.5406e-09 
  5.3229e+01   7.5399e-09 
  5.3249e+01   7.7479e-09 
  5.3269e+01   7.6264e-09 
  5.3289e+01   7.5448e-09 
  5.3309e+01   7.5284e-09 
  5.3329e+01   7.5303e-09 
  5.3349e+01   7.5650e-09 
  5.3369e+01   7.6963e-09 
  5.3389e+01   7.5660e-09 
  5.3409e+01   7.5314e-09 
  5.3429e+01   7.6809e-09 
  5.3449e+01   7.5283e-09 
  5.3469e+01   7.5667e-09 
  5.3489e+01   7.5184e-09 
  5.3509e+01   7.5285e-09 
  5.3529e+01   7.5497e-09 
  5.3549e+01   7.6237e-09 
  5.3569e+01   8.0399e-09 
  5.3589e+01   8.8062e-09 
  5.3609e+01   7.5039e-09 
  5.3629e+01   7.4901e-09 
  5.3649e+01   7.4916e-09 
  5.3669e+01   7.5080e-09 
  5.3689e+01   7.5028e-09 
  5.3709e+01   9.5531e-09 
  5.3729e+01   7.4973e-09 
  5.3749e+01   7.4780e-09 
  5.3769e+01   7.4703e-09 
  5.3789e+01   7.4768e-09 
  5.3809e+01   7.4654e-09 
  5.3829e+01   7.4794e-09 
  5.3849e+01   9.7875e-09 
  5.3869e+01   7.4827e-09 
  5.3889e+01   9.1997e-09 
  5.3909e+01   7.4641e-09 
  5.3929e+01   7.4530e-09 
  5.3949e+01   7.4468e-09 
  5.3969e+01   7.4584e-09 
  5.3989e+01   7.4421e-09 
  5.4009e+01   7.4480e-09 
  5.4029e+01   1.1266e-08 
  5.4049e+01   7.4429e-09 
  5.4069e+01   7.4444e-09 
  5.4089e+01   1.1983e-08 
  5.4109e+01   7.4310e-09 
  5.4129e+01   7.4368e-09 
  5.4149e+01   1.4952e-07 
  5.4169e+01   7.4213e-09 
  5.4189e+01   7.4784e-09 
  5.4209e+01   1.5438e-08 
  5.4229e+01   7.4530e-09 
  5.4249e+01   7.4161e-09 
  5.4269e+01   7.4930e-09 
  5.4289e+01   7.4299e-09 
  5.4309e+01   7.5165e-09 
  5.4329e+01   7.4241e-09 
  5.4349e+01   7.4136e-09 
  5.4369e+01   7.4008e-09 
  5.4389e+01   2.3677e-08 
  5.4409e+01   7.4223e-09 
  5.4429e+01   7.4171e-09 
  5.4449e+01   7.4048e-09 
  5.4469e+01   7.3899e-09 
  5.4489e+01   7.4159e-09 
  5.4509e+01   7.5091e-09 
  5.4529e+01   7.6413e-09 
  5.4549e+01   7.3790e-09 
  5.4569e+01   7.3751e-09 
  5.4589e+01   9.2090e-09 
  5.4609e+01   7.3712e-09 
  5.4629e+01   7.3659e-09 
  5.4649e+01   7.3750e-09 
  5.4669e+01   7.4379e-09 
  5.4689e+01   7.3607e-09 
  5.4709e+01   7.4048e-09 
  5.4729e+01   2.6190e-07 
  5.4749e+01   7.3527e-09 
  5.4769e+01   3.6553e-08 
  5.4789e+01   7.3471e-09 
  5.4809e+01   8.7541e-09 
  5.4829e+01   7.4423e-09 
  5.4849e+01   7.3347e-09 
  5.4869e+01   7.3397e-09 
  5.4889e+01   7.3290e-09 
  5.4909e+01   7.8940e-09 
  5.4929e+01   7.3273e-09 
  5.4949e+01   7.3205e-09 
  5.4969e+01   7.3203e-09 
  5.4989e+01   7.3813e-09 
  5.5009e+01   7.3183e-09 
  5.5029e+01   1.1996e-07 
  5.5049e+01   8.4607e-09 
  5.5069e+01   7.3093e-09 
  5.5089e+01   7.3035e-09 
  5.5109e+01   7.3758e-09 
  5.5129e+01   7.3810e-09 
  5.5149e+01   7.2993e-09 
  5.5169e+01   7.2957e-09 
  5.5189e+01   7.2948e-09 
  5.5209e+01   7.3308e-09 
  5.5229e+01   1.2594e-08 
  5.5249e+01   7.2878e-09 
  5.5269e+01   7.2806e-09 
  5.5289e+01   7.2808e-09 
  5.5309e+01   8.9976e-09 
  5.5329e+01   7.3311e-09 
  5.5349e+01   7.3186e-09 
  5.5369e+01   8.0712e-09 
  5.5389e+01   8.2729e-09 
  5.5409e+01   7.3113e-09 
  5.5429e+01   7.2473e-09 
  5.5449e+01   7.7890e-09 
  5.5469e+01   7.2909e-09 
  5.5489e+01   7.2329e-09 
  5.5509e+01   7.2330e-09 
  5.5529e+01   7.2265e-09 
  5.5549e+01   7.2281e-09 
  5.5569e+01   7.2229e-09 
  5.5589e+01   7.2204e-09 
  5.5609e+01   7.2220e-09 
  5.5629e+01   1.0369e-08 
  5.5649e+01   7.2170e-09 
  5.5669e+01   7.2104e-09 
  5.5689e+01   8.4407e-09 
  5.5709e+01   7.2250e-09 
  5.5729e+01   8.4302e-09 
  5.5749e+01   7.2102e-09 
  5.5769e+01   9.0415e-09 
  5.5789e+01   1.5820e-08 
  5.5809e+01   9.5629e-09 
  5.5829e+01   7.1940e-09 
  5.5849e+01   7.2709e-09 
  5.5869e+01   9.6140e-09 
  5.5889e+01   7.1840e-09 
  5.5909e+01   7.1811e-09 
  5.5929e+01   7.1795e-09 
  5.5949e+01   7.1766e-09 
  5.5969e+01   7.1751e-09 
  5.5989e+01   7.1943e-09 
  5.6009e+01   7.1692e-09 
  5.6029e+01   1.2108e-08 
  5.6049e+01   1.9046e-08 
  5.6069e+01   7.1603e-09 
  5.6089e+01   7.1587e-09 
  5.6109e+01   7.1624e-09 
  5.6129e+01   8.2785e-09 
  5.6149e+01   1.6560e-08 
  5.6169e+01   7.1465e-09 
  5.6189e+01   7.1448e-09 
  5.6209e+01   1.9559e-08 
  5.6229e+01   1.0032e-08 
  5.6249e+01   7.2973e-09 
  5.6269e+01   7.2606e-09 
  5.6289e+01   7.1315e-09 
  5.6309e+01   7.1273e-09 
  5.6329e+01   7.1272e-09 
  5.6349e+01   7.1230e-09 
  5.6369e+01   7.1273e-09 
  5.6389e+01   7.1187e-09 
  5.6409e+01   7.1172e-09 
  5.6429e+01   7.1144e-09 
  5.6449e+01   7.1745e-09 
  5.6469e+01   7.1087e-09 
  5.6489e+01   7.1072e-09 
  5.6509e+01   7.1041e-09 
  5.6529e+01   7.1010e-09 
  5.6549e+01   7.0992e-09 
  5.6569e+01   7.0961e-09 
  5.6589e+01   7.0943e-09 
  5.6609e+01   7.0912e-09 
  5.6629e+01   7.0880e-09 
  5.6649e+01   7.0890e-09 
  5.6669e+01   7.0830e-09 
  5.6689e+01   7.1381e-09 
  5.6709e+01   7.5064e-09 
  5.6729e+01   7.8572e-09 
  5.6749e+01   7.6328e-09 
  5.6769e+01   7.7981e-09 
  5.6789e+01   7.0419e-09 
  5.6809e+01   7.3120e-09 
  5.6829e+01   8.2253e-09 
  5.6849e+01   7.2984e-09 
  5.6869e+01   7.0049e-09 
  5.6889e+01   7.0380e-09 
  5.6909e+01   6.9952e-09 
  5.6929e+01   7.0472e-09 
  5.6949e+01   6.9995e-09 
  5.6969e+01   7.0026e-09 
  5.6989e+01   6.9512e-09 
  5.7009e+01   7.4986e-09 
  5.7029e+01   6.9454e-09 
  5.7049e+01   6.9371e-09 
  5.7069e+01   6.9367e-09 
  5.7089e+01   7.5425e-09 
  5.7109e+01   6.9345e-09 
  5.7129e+01   6.9314e-09 
  5.7149e+01   6.9309e-09 
  5.7169e+01   7.0067e-09 
  5.7189e+01   6.9287e-09 
  5.7209e+01   7.3590e-09 
  5.7229e+01   6.9264e-09 
  5.7249e+01   6.9246e-09 
  5.7269e+01   6.9241e-09 
  5.7289e+01   7.1324e-09 
  5.7309e+01   8.6853e-09 
  5.7329e+01   6.9204e-09 
  5.7349e+01   7.0325e-09 
  5.7369e+01   1.4364e-08 
  5.7389e+01   6.9181e-09 
  5.7409e+01   1.0465e-08 
  5.7429e+01   6.9504e-09 
  5.7449e+01   6.9145e-09 
  5.7469e+01   6.9128e-09 
  5.7489e+01   6.9124e-09 
  5.7509e+01   6.9121e-09 
  5.7529e+01   6.9104e-09 
  5.7549e+01   1.2729e-08 
  5.7569e+01   6.9085e-09 
  5.7589e+01   7.4166e-09 
  5.7609e+01   6.9122e-09 
  5.7629e+01   6.9063e-09 
  5.7649e+01   6.9033e-09 
  5.7669e+01   7.5707e-09 
  5.7689e+01   7.3217e-09 
  5.7709e+01   8.6619e-09 
  5.7729e+01   6.9278e-09 
  5.7749e+01   1.6339e-08 
  5.7769e+01   6.9171e-09 
  5.7789e+01   6.8986e-09 
  5.7809e+01   6.8970e-09 
  5.7829e+01   6.8966e-09 
  5.7849e+01   6.8949e-09 
  5.7869e+01   2.2587e-07 
  5.7889e+01   6.9866e-09 
  5.7909e+01   1.4163e-08 
  5.7929e+01   1.1572e-07 
  5.7949e+01   6.8957e-09 
  5.7969e+01   7.6162e-09 
  5.7989e+01   6.8895e-09 
  5.8009e+01   6.8877e-09 
  5.8029e+01   7.8872e-09 
  5.8049e+01   6.8856e-09 
  5.8069e+01   6.8852e-09 
  5.8089e+01   6.8848e-09 
  5.8109e+01   6.8832e-09 
  5.8129e+01   6.8829e-09 
  5.8149e+01   6.8799e-09 
  5.8169e+01   7.3415e-09 
  5.8189e+01   6.8808e-09 
  5.8209e+01   7.5198e-09 
  5.8229e+01   7.1938e-09 
  5.8249e+01   6.8772e-09 
  5.8269e+01   6.8783e-09 
  5.8289e+01   6.8752e-09 
  5.8309e+01   6.8804e-09 
  5.8329e+01   6.8934e-09 
  5.8349e+01   6.8965e-09 
  5.8369e+01   6.8724e-09 
  5.8389e+01   7.6121e-09 
  5.8409e+01   6.8779e-09 
  5.8429e+01   6.8693e-09 
  5.8449e+01   7.3209e-09 
  5.8469e+01   1.3110e-08 
  5.8489e+01   6.8675e-09 
  5.8509e+01   6.8793e-09 
  5.8529e+01   1.3435e-08 
  5.8549e+01   6.8796e-09 
  5.8569e+01   6.8623e-09 
  5.8589e+01   6.8617e-09 
  5.8609e+01   6.8597e-09 
  5.8629e+01   6.8590e-09 
  5.8649e+01   6.8570e-09 
  5.8669e+01   8.8814e-09 
  5.8689e+01   6.8559e-09 
  5.8709e+01   6.8987e-09 
  5.8729e+01   6.8548e-09 
  5.8749e+01   7.0700e-09 
  5.8769e+01   7.8677e-09 
  5.8789e+01   6.8517e-09 
  5.8809e+01   6.9037e-09 
  5.8829e+01   6.8641e-09 
  5.8849e+01   6.8531e-09 
  5.8869e+01   6.8900e-09 
  5.8889e+01   6.8459e-09 
  5.8909e+01   1.0029e-08 
  5.8929e+01   6.9100e-09 
  5.8949e+01   6.8429e-09 
  5.8969e+01   6.9287e-09 
  5.8989e+01   1.1328e-08 
  5.9009e+01   7.0789e-09 
  5.9029e+01   6.9128e-09 
  5.9049e+01   7.6584e-09 
  5.9069e+01   6.8871e-09 
  5.9089e+01   6.8450e-09 
  5.9109e+01   6.8529e-09 
  5.9129e+01   6.8473e-09 
  5.9149e+01   8.2780e-09 
  5.9169e+01   6.8346e-09 
  5.9189e+01   6.8402e-09 
  5.9209e+01   6.8616e-09 
  5.9229e+01   7.0623e-09 
  5.9249e+01   7.9648e-09 
  5.9269e+01   7.0533e-09 
  5.9289e+01   6.8300e-09 
  5.9309e+01   6.8642e-09 
  5.9329e+01   7.2398e-09 
  5.9349e+01   7.4905e-09 
  5.9369e+01   7.6786e-09 
  5.9389e+01   6.8273e-09 
  5.9409e+01   1.9589e-07 
  5.9429e+01   6.9077e-09 
  5.9449e+01   6.8755e-09 
  5.9469e+01   7.4901e-09 
  5.9489e+01   6.8308e-09 
  5.9509e+01   7.7162e-09 
  5.9529e+01   6.8237e-09 
  5.9549e+01   6.8290e-09 
  5.9569e+01   6.8186e-09 
  5.9589e+01   6.9446e-09 
  5.9609e+01   7.0599e-09 
  5.9629e+01   6.8259e-09 
  5.9649e+01   6.8482e-09 
  5.9669e+01   6.8213e-09 
  5.9689e+01   6.8111e-09 
  5.9709e+01   6.8271e-09 
  5.9729e+01   7.4271e-09 
  5.9749e+01   7.6258e-09 
  5.9769e+01   6.8078e-09 
  5.9789e+01   7.4397e-09 
  5.9809e+01   6.8155e-09 
  5.9829e+01   6.8104e-09 
  5.9849e+01   7.0852e-09 
  5.9869e+01   6.8029e-09 
  5.9889e+01   6.8037e-09 
  5.9909e+01   6.8463e-09 
  5.9929e+01   6.9280e-09 
  5.9949e+01   1.2566e-08 
  5.9969e+01   6.8344e-09 
  5.9989e+01   6.8095e-09 
  6.0009e+01   6.8461e-09 
  6.0029e+01   6.7932e-09 
  6.0049e+01   6.7921e-09 
  6.0069e+01   6.8171e-09 
  6.0089e+01   6.8872e-09 
  6.0109e+01   8.4070e-09 
  6.0129e+01   6.8493e-09 
  6.0149e+01   6.8068e-09 
  6.0169e+01   2.7158e-08 
  6.0189e+01   6.7963e-09 
  6.0209e+01   6.8264e-09 
  6.0229e+01   1.0280e-08 
  6.0249e+01   6.7812e-09 
  6.0269e+01   6.7803e-09 
  6.0289e+01   6.7808e-09 
  6.0309e+01   6.7811e-09 
  6.0329e+01   6.7774e-09 
  6.0349e+01   8.5179e-09 
  6.0369e+01   6.7868e-09 
  6.0389e+01   6.7764e-09 
  6.0409e+01   1.0273e-08 
  6.0429e+01   7.3341e-09 
  6.0449e+01   6.7725e-09 
  6.0469e+01   6.7702e-09 
  6.0489e+01   7.8989e-09 
  6.0509e+01   6.7701e-09 
  6.0529e+01   6.7693e-09 
  6.0549e+01   6.7962e-09 
  6.0569e+01   1.5270e-08 
  6.0589e+01   6.8410e-09 
  6.0609e+01   6.7660e-09 
  6.0629e+01   6.7717e-09 
  6.0649e+01   6.7628e-09 
  6.0669e+01   6.9606e-09 
  6.0689e+01   6.7637e-09 
  6.0709e+01   6.7977e-09 
  6.0729e+01   6.8058e-09 
  6.0749e+01   1.9319e-08 
  6.0769e+01   6.7582e-09 
  6.0789e+01   3.9525e-08 
  6.0809e+01   8.2324e-09 
  6.0829e+01   6.7550e-09 
  6.0849e+01   6.7555e-09 
  6.0869e+01   6.7563e-09 
  6.0889e+01   7.1303e-09 
  6.0909e+01   6.7508e-09 
  6.0929e+01   7.0166e-09 
  6.0949e+01   6.7487e-09 
  6.0969e+01   6.7475e-09 
  6.0989e+01   6.7479e-09 
  6.1009e+01   6.7468e-09 
  6.1029e+01   6.8222e-09 
  6.1049e+01   6.7445e-09 
  6.1069e+01   6.7897e-09 
  6.1089e+01   6.9076e-09 
  6.1109e+01   6.7410e-09 
  6.1129e+01   6.7398e-09 
  6.1149e+01   6.7386e-09 
  6.1169e+01   6.7375e-09 
  6.1189e+01   6.7378e-09 
  6.1209e+01   6.7351e-09 
  6.1229e+01   6.7354e-09 
  6.1249e+01   8.8739e-09 
  6.1269e+01   6.7576e-09 
  6.1289e+01   6.7546e-09 
  6.1309e+01   6.7292e-09 
  6.1329e+01   6.7392e-09 
  6.1349e+01   6.7283e-09 
  6.1369e+01   6.7286e-09 
  6.1389e+01   6.7340e-09 
  6.1409e+01   6.8356e-09 
  6.1429e+01   6.7250e-09 
  6.1449e+01   6.7238e-09 
  6.1469e+01   6.7439e-09 
  6.1489e+01   6.7275e-09 
  6.1509e+01   6.7201e-09 
  6.1529e+01   6.7204e-09 
  6.1549e+01   7.4238e-09 
  6.1569e+01   6.7166e-09 
  6.1589e+01   6.7170e-09 
  6.1609e+01   6.8110e-09 
  6.1629e+01   6.7147e-09 
  6.1649e+01   6.7328e-09 
  6.1669e+01   6.7124e-09 
  6.1689e+01   6.7818e-09 
  6.1709e+01   6.7117e-09 
  6.1729e+01   6.7105e-09 
  6.1749e+01   6.7093e-09 
  6.1769e+01   6.7097e-09 
  6.1789e+01   8.4184e-09 
  6.1809e+01   6.7058e-09 
  6.1829e+01   7.0626e-09 
  6.1849e+01   6.8261e-09 
  6.1869e+01   8.7701e-09 
  6.1889e+01   6.8820e-09 
  6.1909e+01   7.7314e-09 
  6.1929e+01   6.8805e-09 
  6.1949e+01   6.6998e-09 
  6.1969e+01   6.7303e-09 
  6.1989e+01   6.6986e-09 
  6.2009e+01   6.8130e-09 
  6.2029e+01   6.6959e-09 
  6.2049e+01   6.6945e-09 
  6.2069e+01   6.7198e-09 
  6.2089e+01   6.7167e-09 
  6.2109e+01   6.7218e-09 
  6.2129e+01   6.6889e-09 
  6.2149e+01   6.7202e-09 
  6.2169e+01   6.7269e-09 
  6.2189e+01   6.6879e-09 
  6.2209e+01   6.6910e-09 
  6.2229e+01   6.6851e-09 
  6.2249e+01   6.6853e-09 
  6.2269e+01   6.6824e-09 
  6.2289e+01   1.0138e-08 
  6.2309e+01   6.6811e-09 
  6.2329e+01   6.6798e-09 
  6.2349e+01   6.6799e-09 
  6.2369e+01   1.3587e-08 
  6.2389e+01   6.6771e-09 
  6.2409e+01   6.6773e-09 
  6.2429e+01   6.6743e-09 
  6.2449e+01   6.6744e-09 
  6.2469e+01   6.6730e-09 
  6.2489e+01   6.6732e-09 
  6.2509e+01   7.8417e-09 
  6.2529e+01   6.6706e-09 
  6.2549e+01   6.6708e-09 
  6.2569e+01   9.0250e-09 
  6.2589e+01   6.6679e-09 
  6.2609e+01   7.7281e-09 
  6.2629e+01   6.6634e-09 
  6.2649e+01   6.6651e-09 
  6.2669e+01   7.7347e-09 
  6.2689e+01   9.6400e-09 
  6.2709e+01   6.6623e-09 
  6.2729e+01   6.6656e-09 
  6.2749e+01   1.8716e-08 
  6.2769e+01   6.6806e-09 
  6.2789e+01   6.8380e-09 
  6.2809e+01   6.6548e-09 
  6.2829e+01   6.6564e-09 
  6.2849e+01   6.6532e-09 
  6.2869e+01   3.8988e-07 
  6.2889e+01   6.6516e-09 
  6.2909e+01   6.6516e-09 
  6.2929e+01   6.6500e-09 
  6.2949e+01   6.6500e-09 
  6.2969e+01   6.6468e-09 
  6.2989e+01   6.6467e-09 
  6.3009e+01   6.6451e-09 
  6.3029e+01   6.6451e-09 
  6.3049e+01   6.6746e-09 
  6.3069e+01   6.6418e-09 
  6.3089e+01   6.6418e-09 
  6.3109e+01   6.6401e-09 
  6.3129e+01   6.6385e-09 
  6.3149e+01   1.7733e-07 
  6.3169e+01   6.6369e-09 
  6.3189e+01   6.6560e-09 
  6.3209e+01   6.6353e-09 
  6.3229e+01   6.6336e-09 
  6.3249e+01   6.6336e-09 
  6.3269e+01   6.6320e-09 
  6.3289e+01   3.1491e-07 
  6.3309e+01   4.0680e-08 
  6.3329e+01   6.6287e-09 
  6.3349e+01   6.6404e-09 
  6.3369e+01   6.6270e-09 
  6.3389e+01   6.6253e-09 
  6.3409e+01   6.6303e-09 
  6.3429e+01   6.6236e-09 
  6.3449e+01   6.6237e-09 
  6.3469e+01   6.6206e-09 
  6.3489e+01   6.6450e-09 
  6.3509e+01   6.6207e-09 
  6.3529e+01   6.6191e-09 
  6.3549e+01   6.6192e-09 
  6.3569e+01   6.6410e-09 
  6.3589e+01   6.6161e-09 
  6.3609e+01   6.6161e-09 
  6.3629e+01   6.6716e-09 
  6.3649e+01   6.6130e-09 
  6.3669e+01   6.6130e-09 
  6.3689e+01   6.6131e-09 
  6.3709e+01   8.0427e-07 
  6.3729e+01   6.6099e-09 
  6.3749e+01   6.6235e-09 
  6.3769e+01   6.6081e-09 
  6.3789e+01   6.6079e-09 
  6.3809e+01   6.6044e-09 
  6.3829e+01   6.6057e-09 
  6.3849e+01   6.6039e-09 
  6.3869e+01   6.6021e-09 
  6.3889e+01   6.6019e-09 
  6.3909e+01   6.6001e-09 
  6.3929e+01   6.6000e-09 
  6.3949e+01   8.0802e-08 
  6.3969e+01   6.5964e-09 
  6.3989e+01   6.7475e-09 
  6.4009e+01   6.5960e-09 
  6.4029e+01   6.6135e-09 
  6.4049e+01   6.5907e-09 
  6.4069e+01   6.5938e-09 
  6.4089e+01   6.5920e-09 
  6.4109e+01   6.5888e-09 
  6.4129e+01   6.5888e-09 
  6.4149e+01   8.0504e-09 
  6.4169e+01   6.5856e-09 
  6.4189e+01   6.5856e-09 
  6.4209e+01   6.5873e-09 
  6.4229e+01   6.5873e-09 
  6.4249e+01   6.9133e-09 
  6.4269e+01   6.5825e-09 
  6.4289e+01   6.5841e-09 
  6.4309e+01   9.2620e-09 
  6.4329e+01   6.8704e-09 
  6.4349e+01   6.5825e-09 
  6.4369e+01   6.5809e-09 
  6.4389e+01   6.5802e-09 
  6.4409e+01   6.5759e-09 
  6.4429e+01   6.5791e-09 
  6.4449e+01   6.5773e-09 
  6.4469e+01   6.5706e-09 
  6.4489e+01   6.5753e-09 
  6.4509e+01   6.5898e-09 
  6.4529e+01   6.5716e-09 
  6.4549e+01   6.5697e-09 
  6.4569e+01   6.5712e-09 
  6.4589e+01   8.3004e-09 
  6.4609e+01   6.5674e-09 
  6.4629e+01   6.5719e-09 
  6.4649e+01   6.5708e-09 
  6.4669e+01   6.5635e-09 
  6.4689e+01   6.5632e-09 
  6.4709e+01   6.5720e-09 
  6.4729e+01   6.5644e-09 
  6.4749e+01   6.5592e-09 
  6.4769e+01   6.5589e-09 
  6.4789e+01   6.5601e-09 
  6.4809e+01   6.5580e-09 
  6.4829e+01   6.5543e-09 
  6.4849e+01   6.5609e-09 
  6.4869e+01   2.0292e-08 
  6.4889e+01   6.5530e-09 
  6.4909e+01   7.6611e-09 
  6.4929e+01   6.5680e-09 
  6.4949e+01   6.5517e-09 
  6.4969e+01   6.5596e-09 
  6.4989e+01   6.5475e-09 
  6.5009e+01   6.5554e-09 
  6.5029e+01   6.5433e-09 
  6.5049e+01   6.5428e-09 
  6.5069e+01   6.5440e-09 
  6.5089e+01   6.5436e-09 
  6.5109e+01   8.7901e-09 
  6.5129e+01   6.5871e-09 
  6.5149e+01   6.5397e-09 
  6.5169e+01   6.6247e-09 
  6.5189e+01   7.3298e-09 
  6.5209e+01   6.5376e-09 
  6.5229e+01   6.5844e-09 
  6.5249e+01   9.7306e-09 
  6.5269e+01   6.5339e-09 
  6.5289e+01   6.5337e-09 
  6.5309e+01   1.1377e-08 
  6.5329e+01   6.5546e-09 
  6.5349e+01   6.5543e-09 
  6.5369e+01   7.7368e-09 
  6.5389e+01   6.5485e-09 
  6.5409e+01   6.5522e-09 
  6.5429e+01   6.5992e-09 
  6.5449e+01   1.3364e-08 
  6.5469e+01   6.5235e-09 
  6.5489e+01   1.2057e-08 
  6.5509e+01   6.5262e-09 
  6.5529e+01   6.6412e-09 
  6.5549e+01   6.7258e-09 
  6.5569e+01   6.5218e-09 
  6.5589e+01   1.3233e-08 
  6.5609e+01   9.9369e-09 
  6.5629e+01   6.5581e-09 
  6.5649e+01   1.4160e-08 
  6.5669e+01   8.9413e-08 
  6.5689e+01   6.7239e-09 
  6.5709e+01   6.5159e-09 
  6.5729e+01   6.5138e-09 
  6.5749e+01   6.6407e-09 
  6.5769e+01   6.5097e-09 
  6.5789e+01   6.5672e-09 
  6.5809e+01   6.6123e-09 
  6.5829e+01   1.7946e-08 
  6.5849e+01   1.7408e-07 
  6.5869e+01   6.5093e-09 
  6.5889e+01   3.2047e-08 
  6.5909e+01   6.9416e-09 
  6.5929e+01   6.5045e-09 
  6.5949e+01   6.5409e-09 
  6.5969e+01   6.5703e-09 
  6.5989e+01   6.8675e-09 
  6.6009e+01   6.5420e-09 
  6.6029e+01   6.4972e-09 
  6.6049e+01   6.6731e-09 
  6.6069e+01   6.8277e-09 
  6.6089e+01   6.5969e-09 
  6.6109e+01   6.5653e-09 
  6.6129e+01   6.8013e-09 
  6.6149e+01   6.4942e-09 
  6.6169e+01   6.4899e-09 
  6.6189e+01   6.4929e-09 
  6.6209e+01   6.4883e-09 
  6.6229e+01   1.2421e-08 
  6.6249e+01   9.7477e-09 
  6.6269e+01   2.8780e-07 
  6.6289e+01   7.4363e-09 
  6.6309e+01   6.8909e-09 
  6.6329e+01   1.3144e-08 
  6.6349e+01   7.1342e-09 
  6.6369e+01   4.0828e-07 
  6.6389e+01   2.6538e-08 
  6.6409e+01   6.4750e-09 
  6.6429e+01   6.5173e-09 
  6.6449e+01   6.4751e-09 
  6.6469e+01   6.4673e-09 
  6.6489e+01   6.4717e-09 
  6.6509e+01   8.0488e-09 
  6.6529e+01   6.4671e-09 
  6.6549e+01   6.5306e-09 
  6.6569e+01   6.5665e-09 
  6.6589e+01   6.4654e-09 
  6.6609e+01   6.5744e-09 
  6.6629e+01   6.4626e-09 
  6.6649e+01   6.4637e-09 
  6.6669e+01   6.6155e-09 
  6.6689e+01   6.4591e-09 
  6.6709e+01   6.4603e-09 
  6.6729e+01   6.4597e-09 
  6.6749e+01   6.4574e-09 
  6.6769e+01   6.7820e-09 
  6.6789e+01   6.6416e-09 
  6.6809e+01   6.4725e-09 
  6.6829e+01   6.4533e-09 
  6.6849e+01   6.5466e-09 
  6.6869e+01   6.4659e-09 
  6.6889e+01   6.4501e-09 
  6.6909e+01   6.4497e-09 
  6.6929e+01   7.2528e-09 
  6.6949e+01   7.0954e-09 
  6.6969e+01   6.5873e-09 
  6.6989e+01   6.4479e-09 
  6.7009e+01   6.7724e-09 
  6.7029e+01   7.9137e-09 
  6.7049e+01   6.4431e-09 
  6.7069e+01   7.5644e-09 
  6.7089e+01   7.6841e-09 
  6.7109e+01   6.4400e-09 
  6.7129e+01   7.3947e-09 
  6.7149e+01   6.8472e-09 
  6.7169e+01   6.4386e-09 
  6.7189e+01   6.4431e-09 
  6.7209e+01   6.4376e-09 
  6.7229e+01   8.7833e-09 
  6.7249e+01   6.7738e-09 
  6.7269e+01   6.4772e-09 
  6.7289e+01   6.4349e-09 
  6.7309e+01   6.4353e-09 
  6.7329e+01   6.4300e-09 
  6.7349e+01   6.9091e-09 
  6.7369e+01   6.4363e-09 
  6.7389e+01   9.7392e-08 
  6.7409e+01   7.2746e-09 
  6.7429e+01   6.4282e-09 
  6.7449e+01   6.6214e-09 
  6.7469e+01   6.4215e-09 
  6.7489e+01   6.4243e-09 
  6.7509e+01   6.4236e-09 
  6.7529e+01   6.5990e-09 
  6.7549e+01   6.5044e-09 
  6.7569e+01   6.4214e-09 
  6.7589e+01   6.4189e-09 
  6.7609e+01   6.4164e-09 
  6.7629e+01   6.4195e-09 
  6.7649e+01   6.7010e-09 
  6.7669e+01   6.4318e-09 
  6.7689e+01   6.4117e-09 
  6.7709e+01   6.4379e-09 
  6.7729e+01   5.1119e-08 
  6.7749e+01   6.4095e-09 
  6.7769e+01   6.4152e-09 
  6.7789e+01   5.1103e-08 
  6.7809e+01   6.6224e-09 
  6.7829e+01   6.4098e-09 
  6.7849e+01   6.4074e-09 
  6.7869e+01   6.4049e-09 
  6.7889e+01   6.4189e-09 
  6.7909e+01   6.4016e-09 
  6.7929e+01   1.0645e-08 
  6.7949e+01   6.4692e-09 
  6.7969e+01   6.3958e-09 
  6.7989e+01   6.4004e-09 
  6.8009e+01   6.4515e-09 
  6.8029e+01   6.3955e-09 
  6.8049e+01   6.4011e-09 
  6.8069e+01   6.3958e-09 
  6.8089e+01   6.3951e-09 
  6.8109e+01   6.3926e-09 
  6.8129e+01   6.3919e-09 
  6.8149e+01   6.3912e-09 
  6.8169e+01   6.3905e-09 
  6.8189e+01   6.3880e-09 
  6.8209e+01   6.3890e-09 
  6.8229e+01   6.3901e-09 
  6.8249e+01   6.3858e-09 
  6.8269e+01   6.3850e-09 
  6.8289e+01   6.3861e-09 
  6.8309e+01   6.3817e-09 
  6.8329e+01   6.3828e-09 
  6.8349e+01   6.3838e-09 
  6.8369e+01   6.5471e-09 
  6.8389e+01   6.3805e-09 
  6.8409e+01   6.3779e-09 
  6.8429e+01   6.3789e-09 
  6.8449e+01   6.3829e-09 
  6.8469e+01   6.3738e-09 
  6.8489e+01   6.3766e-09 
  6.8509e+01   6.3758e-09 
  6.8529e+01   6.3732e-09 
  6.8549e+01   6.7473e-09 
  6.8569e+01   6.3734e-09 
  6.8589e+01   6.3747e-09 
  6.8609e+01   6.3745e-09 
  6.8629e+01   6.9106e-09 
  6.8649e+01   6.3721e-09 
  6.8669e+01   6.3676e-09 
  6.8689e+01   6.3650e-09 
  6.8709e+01   6.3678e-09 
  6.8729e+01   7.4472e-09 
  6.8749e+01   6.3625e-09 
  6.8769e+01   6.3617e-09 
  6.8789e+01   6.3645e-09 
  6.8809e+01   6.3600e-09 
  6.8829e+01   6.3592e-09 
  6.8849e+01   6.3601e-09 
  6.8869e+01   6.3593e-09 
  6.8889e+01   6.3566e-09 
  6.8909e+01   6.7523e-09 
  6.8929e+01   6.3567e-09 
  6.8949e+01   6.3559e-09 
  6.8969e+01   6.3708e-09 
  6.8989e+01   6.3541e-09 
  6.9009e+01   6.3533e-09 
  6.9029e+01   7.1428e-09 
  6.9049e+01   6.3497e-09 
  6.9069e+01   6.3506e-09 
  6.9089e+01   6.3497e-09 
  6.9109e+01   8.0981e-09 
  6.9129e+01   6.3441e-09 
  6.9149e+01   6.3468e-09 
  6.9169e+01   6.3827e-09 
  6.9189e+01   6.3488e-09 
  6.9209e+01   6.3438e-09 
  6.9229e+01   6.3428e-09 
  6.9249e+01   6.3382e-09 
  6.9269e+01   6.3390e-09 
  6.9289e+01   6.3398e-09 
  6.9309e+01   6.3351e-09 
  6.9329e+01   6.3360e-09 
  6.9349e+01   6.3350e-09 
  6.9369e+01   6.3358e-09 
  6.9389e+01   6.3329e-09 
  6.9409e+01   6.5944e-09 
  6.9429e+01   6.3327e-09 
  6.9449e+01   6.3317e-09 
  6.9469e+01   6.5026e-09 
  6.9489e+01   6.3297e-09 
  6.9509e+01   6.3287e-09 
  6.9529e+01   6.3258e-09 
  6.9549e+01   6.3229e-09 
  6.9569e+01   6.3752e-09 
  6.9589e+01   6.3246e-09 
  6.9609e+01   6.4194e-09 
  6.9629e+01   6.3207e-09 
  6.9649e+01   5.2681e-07 
  6.9669e+01   7.4265e-09 
  6.9689e+01   7.9760e-09 
  6.9709e+01   6.3203e-09 
  6.9729e+01   6.3174e-09 
  6.9749e+01   6.3146e-09 
  6.9769e+01   6.3538e-09 
  6.9789e+01   6.5986e-09 
  6.9809e+01   6.3114e-09 
  6.9829e+01   6.3104e-09 
  6.9849e+01   6.3130e-09 
  6.9869e+01   6.3843e-09 
  6.9889e+01   6.3246e-09 
  6.9909e+01   6.3061e-09 
  6.9929e+01   6.3088e-09 
  6.9949e+01   2.0484e-08 
  6.9969e+01   6.3010e-09 
  6.9989e+01   2.8783e-08 
  7.0009e+01   6.3044e-09 
  7.0029e+01   6.3015e-09 
  7.0049e+01   3.5058e-08 
  7.0069e+01   8.8583e-09 
  7.0089e+01   6.3000e-09 
  7.0109e+01   6.2971e-09 
  7.0129e+01   6.2959e-09 
  7.0149e+01   6.2967e-09 
  7.0169e+01   6.2937e-09 
  7.0189e+01   6.2926e-09 
  7.0209e+01   6.3589e-09 
  7.0229e+01   6.2922e-09 
  7.0249e+01   6.2911e-09 
  7.0269e+01   6.2881e-09 
  7.0289e+01   6.2963e-09 
  7.0309e+01   6.2878e-09 
  7.0329e+01   6.2867e-09 
  7.0349e+01   6.2880e-09 
  7.0369e+01   6.2864e-09 
  7.0389e+01   6.2834e-09 
  7.0409e+01   6.2823e-09 
  7.0429e+01   6.2849e-09 
  7.0449e+01   6.3069e-09 
  7.0469e+01   6.2789e-09 
  7.0489e+01   6.2797e-09 
  7.0509e+01   6.2818e-09 
  7.0529e+01   6.2775e-09 
  7.0549e+01   6.2763e-09 
  7.0569e+01   6.2771e-09 
  7.0589e+01   6.2759e-09 
  7.0609e+01   6.2729e-09 
  7.0629e+01   6.2737e-09 
  7.0649e+01   6.2725e-09 
  7.0669e+01   6.3776e-09 
  7.0689e+01   6.2685e-09 
  7.0709e+01   6.2713e-09 
  7.0729e+01   6.2703e-09 
  7.0749e+01   6.2692e-09 
  7.0769e+01   6.2682e-09 
  7.0789e+01   6.2672e-09 
  7.0809e+01   6.2642e-09 
  7.0829e+01   6.2901e-09 
  7.0849e+01   6.2874e-09 
  7.0869e+01   6.2649e-09 
  7.0889e+01   6.2601e-09 
  7.0909e+01   6.2680e-09 
  7.0929e+01   6.2636e-09 
  7.0949e+01   6.2678e-09 
  7.0969e+01   6.2605e-09 
  7.0989e+01   6.2605e-09 
  7.1009e+01   6.3172e-09 
  7.1029e+01   6.2904e-09 
  7.1049e+01   6.3090e-09 
  7.1069e+01   6.2562e-09 
  7.1089e+01   6.2569e-09 
  7.1109e+01   6.2822e-09 
  7.1129e+01   6.2508e-09 
  7.1149e+01   6.2535e-09 
  7.1169e+01   6.2665e-09 
  7.1189e+01   6.2493e-09 
  7.1209e+01   6.2519e-09 
  7.1229e+01   6.2489e-09 
  7.1249e+01   6.2477e-09 
  7.1269e+01   6.2956e-09 
  7.1289e+01   6.4314e-09 
  7.1309e+01   6.2780e-09 
  7.1329e+01   6.2659e-09 
  7.1349e+01   6.2660e-09 
  7.1369e+01   6.2552e-09 
  7.1389e+01   6.4075e-09 
  7.1409e+01   6.2402e-09 
  7.1429e+01   6.2646e-09 
  7.1449e+01   6.2448e-09 
  7.1469e+01   6.2346e-09 
  7.1489e+01   6.2451e-09 
  7.1509e+01   6.2516e-09 
  7.1529e+01   6.3187e-09 
  7.1549e+01   6.2587e-09 
  7.1569e+01   6.2359e-09 
  7.1589e+01   6.2327e-09 
  7.1609e+01   6.2963e-09 
  7.1629e+01   6.2301e-09 
  7.1649e+01   6.2307e-09 
  7.1669e+01   6.2275e-09 
  7.1689e+01   6.2262e-09 
  7.1709e+01   6.2287e-09 
  7.1729e+01   6.2274e-09 
  7.1749e+01   6.2585e-09 
  7.1769e+01   6.7760e-09 
  7.1789e+01   6.2254e-09 
  7.1809e+01   6.2239e-09 
  7.1829e+01   6.2208e-09 
  7.1849e+01   6.3112e-09 
  7.1869e+01   6.2220e-09 
  7.1889e+01   7.7434e-09 
  7.1909e+01   7.2847e-09 
  7.1929e+01   6.2182e-09 
  7.1949e+01   6.2169e-09 
  7.1969e+01   6.2117e-09 
  7.1989e+01   6.2484e-09 
  7.2009e+01   6.2130e-09 
  7.2029e+01   4.0219e-08 
  7.2049e+01   6.2104e-09 
  7.2069e+01   6.2129e-09 
  7.2089e+01   6.2116e-09 
  7.2109e+01   6.2064e-09 
  7.2129e+01   6.2070e-09 
  7.2149e+01   6.2430e-09 
  7.2169e+01   6.2044e-09 
  7.2189e+01   6.2050e-09 
  7.2209e+01   6.2056e-09 
  7.2229e+01   6.2228e-09 
  7.2249e+01   6.2029e-09 
  7.2269e+01   6.1996e-09 
  7.2289e+01   6.2022e-09 
  7.2309e+01   2.9918e-08 
  7.2329e+01   6.1995e-09 
  7.2349e+01   6.2001e-09 
  7.2369e+01   6.3218e-09 
  7.2389e+01   6.2368e-09 
  7.2409e+01   6.1940e-09 
  7.2429e+01   6.1966e-09 
  7.2449e+01   6.1952e-09 
  7.2469e+01   6.1899e-09 
  7.2489e+01   6.1924e-09 
  7.2509e+01   6.1929e-09 
  7.2529e+01   6.1896e-09 
  7.2549e+01   6.1882e-09 
  7.2569e+01   6.1887e-09 
  7.2589e+01   6.1893e-09 
  7.2609e+01   6.1859e-09 
  7.2629e+01   6.1845e-09 
  7.2649e+01   6.6729e-09 
  7.2669e+01   2.8344e-08 
  7.2689e+01   6.1864e-09 
  7.2709e+01   6.1827e-09 
  7.2729e+01   6.1833e-09 
  7.2749e+01   6.1800e-09 
  7.2769e+01   6.1787e-09 
  7.2789e+01   6.3101e-09 
  7.2809e+01   6.1780e-09 
  7.2829e+01   6.1841e-09 
  7.2849e+01   6.1793e-09 
  7.2869e+01   6.1760e-09 
  7.2889e+01   3.5442e-08 
  7.2909e+01   6.1733e-09 
  7.2929e+01   6.1739e-09 
  7.2949e+01   6.1746e-09 
  7.2969e+01   6.1708e-09 
  7.2989e+01   6.7985e-09 
  7.3009e+01   6.1705e-09 
  7.3029e+01   6.1692e-09 
  7.3049e+01   6.1811e-09 
  7.3069e+01   6.1684e-09 
  7.3089e+01   7.0314e-09 
  7.3109e+01   6.1726e-09 
  7.3129e+01   6.2134e-09 
  7.3149e+01   6.1710e-09 
  7.3169e+01   6.1785e-09 
  7.3189e+01   6.7968e-09 
  7.3209e+01   6.1648e-09 
  7.3229e+01   6.9201e-09 
  7.3249e+01   6.2574e-09 
  7.3269e+01   6.1607e-09 
  7.3289e+01   6.1593e-09 
  7.3309e+01   6.1756e-09 
  7.3329e+01   6.1566e-09 
  7.3349e+01   6.1640e-09 
  7.3369e+01   6.1578e-09 
  7.3389e+01   6.6055e-09 
  7.3409e+01   6.1550e-09 
  7.3429e+01   6.1592e-09 
  7.3449e+01   6.1542e-09 
  7.3469e+01   2.4639e-07 
  7.3489e+01   6.3715e-09 
  7.3509e+01   6.1520e-09 
  7.3529e+01   6.1506e-09 
  7.3549e+01   6.1505e-09 
  7.3569e+01   7.8678e-08 
  7.3589e+01   6.1504e-09 
  7.3609e+01   6.2504e-09 
  7.3629e+01   6.1687e-09 
  7.3649e+01   6.1692e-09 
  7.3669e+01   6.1447e-09 
  7.3689e+01   6.2789e-09 
  7.3709e+01   6.1439e-09 
  7.3729e+01   6.2666e-09 
  7.3749e+01   6.1411e-09 
  7.3769e+01   6.2021e-09 
  7.3789e+01   6.1871e-09 
  7.3809e+01   6.1389e-09 
  7.3829e+01   6.1647e-09 
  7.3849e+01   6.1437e-09 
  7.3869e+01   6.1751e-09 
  7.3889e+01   6.1387e-09 
  7.3909e+01   6.1338e-09 
  7.3929e+01   6.1404e-09 
  7.3949e+01   6.1841e-09 
  7.3969e+01   6.1314e-09 
  7.3989e+01   6.2406e-09 
  7.4009e+01   6.1346e-09 
  7.4029e+01   6.5828e-09 
  7.4049e+01   6.1294e-09 
  7.4069e+01   6.1316e-09 
  7.4089e+01   6.1298e-09 
  7.4109e+01   6.2009e-09 
  7.4129e+01   6.1242e-09 
  7.4149e+01   6.1319e-09 
  7.4169e+01   6.1226e-09 
  7.4189e+01   6.4305e-09 
  7.4209e+01   6.1311e-09 
  7.4229e+01   6.1296e-09 
  7.4249e+01   6.1194e-09 
  7.4269e+01   6.1293e-09 
  7.4289e+01   6.1306e-09 
  7.4309e+01   6.1468e-09 
  7.4329e+01   6.1341e-09 
  7.4349e+01   5.5323e-08 
  7.4369e+01   6.1296e-09 
  7.4389e+01   6.1127e-09 
  7.4409e+01   6.1222e-09 
  7.4429e+01   6.1116e-09 
  7.4449e+01   6.1112e-09 
  7.4469e+01   6.1416e-09 
  7.4489e+01   6.1268e-09 
  7.4509e+01   6.1081e-09 
  7.4529e+01   4.5496e-08 
  7.4549e+01   1.8418e-08 
  7.4569e+01   6.1496e-09 
  7.4589e+01   7.1578e-09 
  7.4609e+01   6.1070e-09 
  7.4629e+01   3.1092e-08 
  7.4649e+01   6.1239e-09 
  7.4669e+01   6.1186e-09 
  7.4689e+01   6.1002e-09 
  7.4709e+01   8.1952e-09 
  7.4729e+01   6.1055e-09 
  7.4749e+01   6.8045e-09 
  7.4769e+01   6.0999e-09 
  7.4789e+01   6.0985e-09 
  7.4809e+01   6.0997e-09 
  7.4829e+01   6.0933e-09 
  7.4849e+01   8.2004e-09 
  7.4869e+01   6.0942e-09 
  7.4889e+01   6.0926e-09 
  7.4909e+01   6.0910e-09 
  7.4929e+01   6.0936e-09 
  7.4949e+01   6.0922e-09 
  7.4969e+01   6.0867e-09 
  7.4989e+01   6.0914e-09 
  7.5009e+01   6.0900e-09 
  7.5029e+01   6.4175e-09 
  7.5049e+01   6.5078e-09 
  7.5069e+01   6.0897e-09 
  7.5089e+01   6.0883e-09 
  7.5109e+01   7.2418e-09 
  7.5129e+01   6.0854e-09 
  7.5149e+01   6.0860e-09 
  7.5169e+01   1.8631e-08 
  7.5189e+01   6.0830e-09 
  7.5209e+01   6.0877e-09 
  7.5229e+01   6.0842e-09 
  7.5249e+01   7.5938e-09 
  7.5269e+01   6.1125e-09 
  7.5289e+01   6.0818e-09 
  7.5309e+01   6.1257e-09 
  7.5329e+01   6.0788e-09 
  7.5349e+01   6.0815e-09 
  7.5369e+01   6.0944e-09 
  7.5389e+01   6.0795e-09 
  7.5409e+01   6.0778e-09 
  7.5429e+01   6.0769e-09 
  7.5449e+01   6.0772e-09 
  7.5469e+01   6.0713e-09 
  7.5489e+01   6.0757e-09 
  7.5509e+01   6.0739e-09 
  7.5529e+01   6.1087e-09 
  7.5549e+01   6.0704e-09 
  7.5569e+01   9.7192e-09 
  7.5589e+01   6.0709e-09 
  7.5609e+01   6.0691e-09 
  7.5629e+01   6.0673e-09 
  7.5649e+01   6.0676e-09 
  7.5669e+01   6.1968e-09 
  7.5689e+01   6.0639e-09 
  7.5709e+01   6.0663e-09 
  7.5729e+01   6.0645e-09 
  7.5749e+01   6.0627e-09 
  7.5769e+01   6.0608e-09 
  7.5789e+01   6.0611e-09 
  7.5809e+01   8.2414e-09 
  7.5829e+01   6.0595e-09 
  7.5849e+01   1.2092e-07 
  7.5869e+01   6.0601e-09 
  7.5889e+01   6.0599e-09 
  7.5909e+01   6.0545e-09 
  7.5929e+01   1.2705e-07 
  7.5949e+01   6.0531e-09 
  7.5969e+01   6.0535e-09 
  7.5989e+01   6.0559e-09 
  7.6009e+01   6.1335e-09 
  7.6029e+01   6.3139e-09 
  7.6049e+01   6.0506e-09 
  7.6069e+01   6.0595e-09 
  7.6089e+01   6.0512e-09 
  7.6109e+01   6.0474e-09 
  7.6129e+01   6.0477e-09 
  7.6149e+01   6.0480e-09 
  7.6169e+01   6.0462e-09 
  7.6189e+01   6.0708e-09 
  7.6209e+01   6.0468e-09 
  7.6229e+01   6.0450e-09 
  7.6249e+01   6.0432e-09 
  7.6269e+01   6.0414e-09 
  7.6289e+01   6.0439e-09 
  7.6309e+01   1.1344e-08 
  7.6329e+01   6.0403e-09 
  7.6349e+01   6.0406e-09 
  7.6369e+01   6.0409e-09 
  7.6389e+01   6.0494e-09 
  7.6409e+01   6.0373e-09 
  7.6429e+01   7.9717e-09 
  7.6449e+01   6.0337e-09 
  7.6469e+01   5.4231e-08 
  7.6489e+01   6.0365e-09 
  7.6509e+01   6.2639e-09 
  7.6529e+01   6.0328e-09 
  7.6549e+01   6.0310e-09 
  7.6569e+01   6.0335e-09 
  7.6589e+01   6.0316e-09 
  7.6609e+01   6.0298e-09 
  7.6629e+01   6.0301e-09 
  7.6649e+01   6.0304e-09 
  7.6669e+01   6.0265e-09 
  7.6689e+01   6.0267e-09 
  7.6709e+01   6.0292e-09 
  7.6729e+01   6.0283e-09 
  7.6749e+01   6.0238e-09 
  7.6769e+01   3.5017e-08 
  7.6789e+01   6.0240e-09 
  7.6809e+01   6.0222e-09 
  7.6829e+01   6.0227e-09 
  7.6849e+01   6.6237e-09 
  7.6869e+01   6.0235e-09 
  7.6889e+01   6.0196e-09 
  7.6909e+01   6.0200e-09 
  7.6929e+01   6.0285e-09 
  7.6949e+01   6.0187e-09 
  7.6969e+01   6.0170e-09 
  7.6989e+01   6.0195e-09 
  7.7009e+01   6.0199e-09 
  7.7029e+01   6.0161e-09 
  7.7049e+01   6.0143e-09 
  7.7069e+01   6.0190e-09 
  7.7089e+01   6.0151e-09 
  7.7109e+01   6.0155e-09 
  7.7129e+01   6.0116e-09 
  7.7149e+01   6.0163e-09 
  7.7169e+01   6.0124e-09 
  7.7189e+01   6.0106e-09 
  7.7209e+01   6.0175e-09 
  7.7229e+01   6.0135e-09 
  7.7249e+01   6.0309e-09 
  7.7269e+01   6.1076e-09 
  7.7289e+01   6.1187e-09 
  7.7309e+01   6.0083e-09 
  7.7329e+01   8.7918e-09 
  7.7349e+01   6.2142e-09 
  7.7369e+01   6.0091e-09 
  7.7389e+01   6.0051e-09 
  7.7409e+01   6.0047e-09 
  7.7429e+01   6.0943e-09 
  7.7449e+01   6.0037e-09 
  7.7469e+01   6.0018e-09 
  7.7489e+01   6.0254e-09 
  7.7509e+01   6.0044e-09 
  7.7529e+01   6.0629e-09 
  7.7549e+01   5.9984e-09 
  7.7569e+01   6.0320e-09 
  7.7589e+01   5.9989e-09 
  7.7609e+01   6.1441e-09 
  7.7629e+01   5.9972e-09 
  7.7649e+01   6.0451e-09 
  7.7669e+01   6.0243e-09 
  7.7689e+01   6.0041e-09 
  7.7709e+01   6.1826e-09 
  7.7729e+01   2.3032e-08 
  7.7749e+01   5.9921e-09 
  7.7769e+01   5.9923e-09 
  7.7789e+01   5.9946e-09 
  7.7809e+01   6.0022e-09 
  7.7829e+01   6.0153e-09 
  7.7849e+01   5.9906e-09 
  7.7869e+01   6.0347e-09 
  7.7889e+01   5.9865e-09 
  7.7909e+01   6.0156e-09 
  7.7929e+01   6.0057e-09 
  7.7949e+01   5.9869e-09 
  7.7969e+01   5.9827e-09 
  7.7989e+01   6.0382e-09 
  7.8009e+01   5.9851e-09 
  7.8029e+01   6.0258e-09 
  7.8049e+01   5.9968e-09 
  7.8069e+01   5.9850e-09 
  7.8089e+01   6.3533e-09 
  7.8109e+01   5.9791e-09 
  7.8129e+01   5.9945e-09 
  7.8149e+01   6.2180e-09 
  7.8169e+01   5.9772e-09 
  7.8189e+01   6.0784e-09 
  7.8209e+01   5.9774e-09 
  7.8229e+01   6.1719e-09 
  7.8249e+01   5.9733e-09 
  7.8269e+01   1.2602e-08 
  7.8289e+01   5.9736e-09 
  7.8309e+01   2.1212e-08 
  7.8329e+01   5.9718e-09 
  7.8349e+01   2.2508e-08 
  7.8369e+01   5.9721e-09 
  7.8389e+01   5.9679e-09 
  7.8409e+01   6.1153e-09 
  7.8429e+01   6.0641e-09 
  7.8449e+01   5.9734e-09 
  7.8469e+01   5.9663e-09 
  7.8489e+01   5.9687e-09 
  7.8509e+01   6.1406e-09 
  7.8529e+01   5.9646e-09 
  7.8549e+01   5.9648e-09 
  7.8569e+01   6.5084e-09 
  7.8589e+01   5.9651e-09 
  7.8609e+01   5.9608e-09 
  7.8629e+01   5.9631e-09 
  7.8649e+01   5.9633e-09 
  7.8669e+01   5.9940e-09 
  7.8689e+01   6.1932e-09 
  7.8709e+01   5.9615e-09 
  7.8729e+01   5.9594e-09 
  7.8749e+01   5.9572e-09 
  7.8769e+01   5.9573e-09 
  7.8789e+01   5.9573e-09 
  7.8809e+01   5.9551e-09 
  7.8829e+01   5.9530e-09 
  7.8849e+01   5.9575e-09 
  7.8869e+01   5.9530e-09 
  7.8889e+01   5.9531e-09 
  7.8909e+01   6.1364e-09 
  7.8929e+01   5.9509e-09 
  7.8949e+01   5.9509e-09 
  7.8969e+01   5.9487e-09 
  7.8989e+01   5.9488e-09 
  7.9009e+01   5.9510e-09 
  7.9029e+01   5.9466e-09 
  7.9049e+01   5.9444e-09 
  7.9069e+01   5.9466e-09 
  7.9089e+01   5.9466e-09 
  7.9109e+01   5.9656e-09 
  7.9129e+01   5.9422e-09 
  7.9149e+01   5.9444e-09 
  7.9169e+01   6.1814e-09 
  7.9189e+01   5.9400e-09 
  7.9209e+01   5.9422e-09 
  7.9229e+01   5.9400e-09 
  7.9249e+01   6.1023e-09 
  7.9269e+01   5.9380e-09 
  7.9289e+01   5.9403e-09 
  7.9309e+01   5.9360e-09 
  7.9329e+01   5.9361e-09 
  7.9349e+01   5.9362e-09 
  7.9369e+01   5.9363e-09 
  7.9389e+01   5.9347e-09 
  7.9409e+01   5.9343e-09 
  7.9429e+01   5.9344e-09 
  7.9449e+01   5.9323e-09 
  7.9469e+01   5.9301e-09 
  7.9489e+01   5.9325e-09 
  7.9509e+01   5.9326e-09 
  7.9529e+01   6.5579e-09 
  7.9549e+01   5.9283e-09 
  7.9569e+01   5.9306e-09 
  7.9589e+01   5.9285e-09 
  7.9609e+01   5.9286e-09 
  7.9629e+01   5.9264e-09 
  7.9649e+01   5.9265e-09 
  7.9669e+01   5.9266e-09 
  7.9689e+01   5.9244e-09 
  7.9709e+01   5.9681e-09 
  7.9729e+01   5.9268e-09 
  7.9749e+01   6.1180e-09 
  7.9769e+01   5.9202e-09 
  7.9789e+01   5.9248e-09 
  7.9809e+01   5.9204e-09 
  7.9829e+01   5.9205e-09 
  7.9849e+01   5.9205e-09 
  7.9869e+01   5.9206e-09 
  7.9889e+01   5.9184e-09 
  7.9909e+01   5.9185e-09 
  7.9929e+01   5.9186e-09 
  7.9949e+01   5.9164e-09 
  7.9969e+01   5.9164e-09 
  7.9989e+01   5.9165e-09 
  8.0009e+01   5.9165e-09 
  8.0029e+01   5.9143e-09 
  8.0049e+01   5.9144e-09 
  8.0069e+01   5.9144e-09 
  8.0089e+01   5.9145e-09 
  8.0109e+01   5.9100e-09 
  8.0129e+01   5.9100e-09 
  8.0149e+01   5.9124e-09 
  8.0169e+01   5.9101e-09 
  8.0189e+01   5.9367e-09 
  8.0209e+01   5.9102e-09 
  8.0229e+01   5.9538e-09 
  8.0249e+01   6.0118e-09 
  8.0269e+01   5.9057e-09 
  8.0289e+01   5.9078e-09 
  8.0309e+01   5.9054e-09 
  8.0329e+01   5.9029e-09 
  8.0349e+01   5.9073e-09 
  8.0369e+01   5.9031e-09 
  8.0389e+01   5.9024e-09 
  8.0409e+01   3.1941e-08 
  8.0429e+01   6.2453e-09 
  8.0449e+01   6.1916e-09 
  8.0469e+01   5.8972e-09 
  8.0489e+01   5.9016e-09 
  8.0509e+01   5.9006e-09 
  8.0529e+01   5.8966e-09 
  8.0549e+01   5.8981e-09 
  8.0569e+01   5.8963e-09 
  8.0589e+01   5.8961e-09 
  8.0609e+01   5.8936e-09 
  8.0629e+01   5.8911e-09 
  8.0649e+01   5.8932e-09 
  8.0669e+01   5.8907e-09 
  8.0689e+01   5.8882e-09 
  8.0709e+01   5.8903e-09 
  8.0729e+01   5.8901e-09 
  8.0749e+01   5.8876e-09 
  8.0769e+01   5.8851e-09 
  8.0789e+01   5.8873e-09 
  8.0809e+01   5.8917e-09 
  8.0829e+01   5.8848e-09 
  8.0849e+01   5.8848e-09 
  8.0869e+01   5.8847e-09 
  8.0889e+01   5.8824e-09 
  8.0909e+01   5.8823e-09 
  8.0929e+01   5.8823e-09 
  8.0949e+01   5.8805e-09 
  8.0969e+01   5.8798e-09 
  8.0989e+01   5.8797e-09 
  8.1009e+01   5.8820e-09 
  8.1029e+01   5.8773e-09 
  8.1049e+01   5.8749e-09 
  8.1069e+01   5.8795e-09 
  8.1089e+01   5.8888e-09 
  8.1109e+01   5.8747e-09 
  8.1129e+01   5.8746e-09 
  8.1149e+01   5.8768e-09 
  8.1169e+01   5.8721e-09 
  8.1189e+01   5.8720e-09 
  8.1209e+01   5.8743e-09 
  8.1229e+01   5.8719e-09 
  8.1249e+01   5.8718e-09 
  8.1269e+01   5.8693e-09 
  8.1289e+01   5.9281e-09 
  8.1309e+01   5.8677e-09 
  8.1329e+01   5.8689e-09 
  8.1349e+01   6.0273e-09 
  8.1369e+01   5.9695e-09 
  8.1389e+01   5.8941e-09 
  8.1409e+01   6.0226e-09 
  8.1429e+01   5.8898e-09 
  8.1449e+01   5.8629e-09 
  8.1469e+01   5.8627e-09 
  8.1489e+01   6.3018e-09 
  8.1509e+01   5.8622e-09 
  8.1529e+01   5.9416e-09 
  8.1549e+01   5.8571e-09 
  8.1569e+01   5.8615e-09 
  8.1589e+01   5.8589e-09 
  8.1609e+01   5.8563e-09 
  8.1629e+01   5.8561e-09 
  8.1649e+01   5.8582e-09 
  8.1669e+01   5.8556e-09 
  8.1689e+01   5.8728e-09 
  8.1709e+01   5.8551e-09 
  8.1729e+01   5.8548e-09 
  8.1749e+01   5.8499e-09 
  8.1769e+01   5.8520e-09 
  8.1789e+01   5.8618e-09 
  8.1809e+01   5.8491e-09 
  8.1829e+01   5.8644e-09 
  8.1849e+01   5.8728e-09 
  8.1869e+01   5.8549e-09 
  8.1889e+01   5.8704e-09 
  8.1909e+01   2.1805e-08 
  8.1929e+01   5.8480e-09 
  8.1949e+01   5.8599e-09 
  8.1969e+01   5.8897e-09 
  8.1989e+01   5.8452e-09 
  8.2009e+01   1.9948e-08 
  8.2029e+01   3.1524e-08 
  8.2049e+01   5.8571e-09 
  8.2069e+01   5.8564e-09 
  8.2089e+01   5.8421e-09 
  8.2109e+01   5.8372e-09 
  8.2129e+01   5.8988e-09 
  8.2149e+01   5.8414e-09 
  8.2169e+01   5.8444e-09 
  8.2189e+01   5.8366e-09 
  8.2209e+01   5.8364e-09 
  8.2229e+01   5.8484e-09 
  8.2249e+01   5.9029e-09 
  8.2269e+01   5.8506e-09 
  8.2289e+01   5.9168e-09 
  8.2309e+01   5.9626e-09 
  8.2329e+01   5.8311e-09 
  8.2349e+01   5.8352e-09 
  8.2369e+01   5.8335e-09 
  8.2389e+01   5.9390e-09 
  8.2409e+01   5.8730e-09 
  8.2429e+01   5.8296e-09 
  8.2449e+01   5.8333e-09 
  8.2469e+01   5.8835e-09 
  8.2489e+01   5.8514e-09 
  8.2509e+01   5.8285e-09 
  8.2529e+01   5.9459e-09 
  8.2549e+01   5.8256e-09 
  8.2569e+01   7.3840e-09 
  8.2589e+01   7.4360e-09 
  8.2609e+01   5.8199e-09 
  8.2629e+01   1.0450e-08 
  8.2649e+01   5.8242e-09 
  8.2669e+01   5.8377e-09 
  8.2689e+01   5.8212e-09 
  8.2709e+01   1.4783e-08 
  8.2729e+01   5.8206e-09 
  8.2749e+01   5.8155e-09 
  8.2769e+01   5.8176e-09 
  8.2789e+01   7.1390e-08 
  8.2809e+01   5.8406e-09 
  8.2829e+01   6.0791e-09 
  8.2849e+01   5.8164e-09 
  8.2869e+01   6.1006e-09 
  8.2889e+01   5.8498e-09 
  8.2909e+01   5.8107e-09 
  8.2929e+01   5.8152e-09 
  8.2949e+01   5.8101e-09 
  8.2969e+01   5.8350e-09 
  8.2989e+01   8.8863e-09 
  8.3009e+01   5.8116e-09 
  8.3029e+01   5.8065e-09 
  8.3049e+01   9.3075e-09 
  8.3069e+01   5.8082e-09 
  8.3089e+01   5.8055e-09 
  8.3109e+01   1.6314e-08 
  8.3129e+01   5.8073e-09 
  8.3149e+01   5.8046e-09 
  8.3169e+01   5.8043e-09 
  8.3189e+01   1.4098e-08 
  8.3209e+01   5.8037e-09 
  8.3229e+01   5.8009e-09 
  8.3249e+01   5.8006e-09 
  8.3269e+01   5.8119e-09 
  8.3289e+01   5.8000e-09 
  8.3309e+01   5.7972e-09 
  8.3329e+01   5.7969e-09 
  8.3349e+01   5.7990e-09 
  8.3369e+01   5.7986e-09 
  8.3389e+01   5.7959e-09 
  8.3409e+01   5.7931e-09 
  8.3429e+01   5.7952e-09 
  8.3449e+01   5.7949e-09 
  8.3469e+01   5.7921e-09 
  8.3489e+01   5.7942e-09 
  8.3509e+01   6.2613e-09 
  8.3529e+01   5.7911e-09 
  8.3549e+01   5.7884e-09 
  8.3569e+01   5.9990e-09 
  8.3589e+01   7.3010e-09 
  8.3609e+01   5.7850e-09 
  8.3629e+01   9.6887e-09 
  8.3649e+01   5.7880e-09 
  8.3669e+01   7.6905e-09 
  8.3689e+01   5.7862e-09 
  8.3709e+01   7.3659e-09 
  8.3729e+01   5.7860e-09 
  8.3749e+01   6.6534e-09 
  8.3769e+01   6.2655e-09 
  8.3789e+01   5.7850e-09 
  8.3809e+01   5.7818e-09 
  8.3829e+01   5.7790e-09 
  8.3849e+01   5.7881e-09 
  8.3869e+01   5.7889e-09 
  8.3889e+01   5.7974e-09 
  8.3909e+01   2.4726e-08 
  8.3929e+01   5.7797e-09 
  8.3949e+01   7.8703e-09 
  8.3969e+01   5.8975e-09 
  8.3989e+01   1.4779e-08 
  8.4009e+01   5.7783e-09 
  8.4029e+01   6.7574e-09 
  8.4049e+01   5.7864e-09 
  8.4069e+01   5.7748e-09 
  8.4089e+01   5.9597e-09 
  8.4109e+01   5.9135e-09 
  8.4129e+01   5.8023e-09 
  8.4149e+01   6.9301e-09 
  8.4169e+01   5.7702e-09 
  8.4189e+01   5.7673e-09 
  8.4209e+01   5.7693e-09 
  8.4229e+01   5.7689e-09 
  8.4249e+01   5.7660e-09 
  8.4269e+01   5.7655e-09 
  8.4289e+01   5.7675e-09 
  8.4309e+01   5.7646e-09 
  8.4329e+01   5.7617e-09 
  8.4349e+01   5.7666e-09 
  8.4369e+01   5.7632e-09 
  8.4389e+01   5.7603e-09 
  8.4409e+01   5.7598e-09 
  8.4429e+01   5.7618e-09 
  8.4449e+01   5.7589e-09 
  8.4469e+01   5.7584e-09 
  8.4489e+01   5.7876e-09 
  8.4509e+01   5.7575e-09 
  8.4529e+01   5.7570e-09 
  8.4549e+01   5.7541e-09 
  8.4569e+01   5.7585e-09 
  8.4589e+01   5.7556e-09 
  8.4609e+01   5.7501e-09 
  8.4629e+01   5.7546e-09 
  8.4649e+01   5.7541e-09 
  8.4669e+01   5.7512e-09 
  8.4689e+01   5.7483e-09 
  8.4709e+01   5.7528e-09 
  8.4729e+01   5.7499e-09 
  8.4749e+01   5.7499e-09 
  8.4769e+01   5.7691e-09 
  8.4789e+01   5.7510e-09 
  8.4809e+01   5.7456e-09 
  8.4829e+01   5.7509e-09 
  8.4849e+01   5.7660e-09 
  8.4869e+01   5.7467e-09 
  8.4889e+01   5.7457e-09 
  8.4909e+01   5.7644e-09 
  8.4929e+01   5.7454e-09 
  8.4949e+01   5.7714e-09 
  8.4969e+01   5.7419e-09 
  8.4989e+01   5.7415e-09 
  8.5009e+01   5.7410e-09 
  8.5029e+01   5.7405e-09 
  8.5049e+01   5.7888e-09 
  8.5069e+01   5.7396e-09 
  8.5089e+01   5.7391e-09 
  8.5109e+01   5.7336e-09 
  8.5129e+01   5.7357e-09 
  8.5149e+01   5.7377e-09 
  8.5169e+01   5.7347e-09 
  8.5189e+01   5.8084e-09 
  8.5209e+01   5.7683e-09 
  8.5229e+01   5.7332e-09 
  8.5249e+01   5.7313e-09 
  8.5269e+01   5.7324e-09 
  8.5289e+01   5.7320e-09 
  8.5309e+01   5.7291e-09 
  8.5329e+01   5.7442e-09 
  8.5349e+01   5.7308e-09 
  8.5369e+01   5.7304e-09 
  8.5389e+01   5.7274e-09 
  8.5409e+01   6.7970e-09 
  8.5429e+01   5.7291e-09 
  8.5449e+01   5.7262e-09 
  8.5469e+01   5.7562e-09 
  8.5489e+01   5.7442e-09 
  8.5509e+01   5.7249e-09 
  8.5529e+01   5.7244e-09 
  8.5549e+01   5.7215e-09 
  8.5569e+01   5.8527e-09 
  8.5589e+01   5.8305e-09 
  8.5609e+01   5.7177e-09 
  8.5629e+01   5.8397e-09 
  8.5649e+01   5.7263e-09 
  8.5669e+01   5.7279e-09 
  8.5689e+01   5.7184e-09 
  8.5709e+01   5.7205e-09 
  8.5729e+01   5.7551e-09 
  8.5749e+01   5.9621e-09 
  8.5769e+01   5.7166e-09 
  8.5789e+01   5.7187e-09 
  8.5809e+01   5.7608e-09 
  8.5829e+01   5.7152e-09 
  8.5849e+01   5.7146e-09 
  8.5869e+01   5.7165e-09 
  8.5889e+01   5.7552e-09 
  8.5909e+01   5.7102e-09 
  8.5929e+01   5.7383e-09 
  8.5949e+01   5.8147e-09 
  8.5969e+01   5.7085e-09 
  8.5989e+01   5.7104e-09 
  8.6009e+01   5.7098e-09 
  8.6029e+01   5.8376e-09 
  8.6049e+01   5.7060e-09 
  8.6069e+01   5.7080e-09 
  8.6089e+01   5.7074e-09 
  8.6109e+01   2.7503e-08 
  8.6129e+01   5.7036e-09 
  8.6149e+01   2.9005e-08 
  8.6169e+01   5.7023e-09 
  8.6189e+01   5.6992e-09 
  8.6209e+01   5.7036e-09 
  8.6229e+01   5.7241e-09 
  8.6249e+01   5.9177e-09 
  8.6269e+01   5.7159e-09 
  8.6289e+01   5.6986e-09 
  8.6309e+01   5.6954e-09 
  8.6329e+01   5.6973e-09 
  8.6349e+01   1.0109e-08 
  8.6369e+01   7.4293e-09 
  8.6389e+01   5.6992e-09 
  8.6409e+01   5.6922e-09 
  8.6429e+01   5.6941e-09 
  8.6449e+01   5.6935e-09 
  8.6469e+01   5.6913e-09 
  8.6489e+01   5.6923e-09 
  8.6509e+01   5.6917e-09 
  8.6529e+01   5.6907e-09 
  8.6549e+01   1.2162e-08 
  8.6569e+01   5.6898e-09 
  8.6589e+01   5.6891e-09 
  8.6609e+01   5.6834e-09 
  8.6629e+01   5.6879e-09 
  8.6649e+01   5.6872e-09 
  8.6669e+01   5.6840e-09 
  8.6689e+01   6.0610e-09 
  8.6709e+01   5.6853e-09 
  8.6729e+01   5.6821e-09 
  8.6749e+01   5.6815e-09 
  8.6769e+01   5.6808e-09 
  8.6789e+01   5.6827e-09 
  8.6809e+01   5.6795e-09 
  8.6829e+01   5.7489e-09 
  8.6849e+01   5.6818e-09 
  8.6869e+01   5.6816e-09 
  8.6889e+01   5.6808e-09 
  8.6909e+01   5.6737e-09 
  8.6929e+01   5.6782e-09 
  8.6949e+01   5.6753e-09 
  8.6969e+01   5.6717e-09 
  8.6989e+01   5.6826e-09 
  8.7009e+01   5.6759e-09 
  8.7029e+01   6.5030e-09 
  8.7049e+01   5.6715e-09 
  8.7069e+01   5.9213e-09 
  8.7089e+01   5.6734e-09 
  8.7109e+01   5.6667e-09 
  8.7129e+01   5.6685e-09 
  8.7149e+01   5.8346e-09 
  8.7169e+01   5.6644e-09 
  8.7189e+01   8.3248e-09 
  8.7209e+01   5.6681e-09 
  8.7229e+01   5.9783e-09 
  8.7249e+01   5.6642e-09 
  8.7269e+01   5.6610e-09 
  8.7289e+01   5.6655e-09 
  8.7309e+01   5.6597e-09 
  8.7329e+01   5.6617e-09 
  8.7349e+01   1.0604e-08 
  8.7369e+01   6.1937e-09 
  8.7389e+01   5.6572e-09 
  8.7409e+01   5.6591e-09 
  8.7429e+01   5.6611e-09 
  8.7449e+01   5.6552e-09 
  8.7469e+01   5.6665e-09 
  8.7489e+01   5.6565e-09 
  8.7509e+01   5.6585e-09 
  8.7529e+01   5.6632e-09 
  8.7549e+01   5.7144e-09 
  8.7569e+01   5.6565e-09 
  8.7589e+01   5.6533e-09 
  8.7609e+01   5.7303e-09 
  8.7629e+01   5.6982e-09 
  8.7649e+01   5.6822e-09 
  8.7669e+01   5.6508e-09 
  8.7689e+01   5.8684e-09 
  8.7709e+01   5.6653e-09 
  8.7729e+01   6.9612e-09 
  8.7749e+01   5.7035e-09 
  8.7769e+01   5.6479e-09 
  8.7789e+01   5.6473e-09 
  8.7809e+01   5.6608e-09 
  8.7829e+01   8.8485e-09 
  8.7849e+01   5.6482e-09 
  8.7869e+01   5.6450e-09 
  8.7889e+01   7.5090e-09 
  8.7909e+01   5.6438e-09 
  8.7929e+01   5.6459e-09 
  8.7949e+01   5.6426e-09 
  8.7969e+01   5.6420e-09 
  8.7989e+01   5.6692e-09 
  8.8009e+01   5.6446e-09 
  8.8029e+01   5.6495e-09 
  8.8049e+01   5.6396e-09 
  8.8069e+01   5.6417e-09 
  8.8089e+01   3.6261e-07 
  8.8109e+01   1.8272e-07 
  8.8129e+01   5.7073e-09 
  8.8149e+01   5.6392e-09 
  8.8169e+01   5.6414e-09 
  8.8189e+01   5.6380e-09 
  8.8209e+01   5.6413e-09 
  8.8229e+01   5.7108e-09 
  8.8249e+01   5.6362e-09 
  8.8269e+01   5.8406e-09 
  8.8289e+01   5.6350e-09 
  8.8309e+01   5.6318e-09 
  8.8329e+01   5.6338e-09 
  8.8349e+01   5.6378e-09 
  8.8369e+01   8.1808e-09 
  8.8389e+01   5.6294e-09 
  8.8409e+01   5.6315e-09 
  8.8429e+01   5.6309e-09 
  8.8449e+01   5.6303e-09 
  8.8469e+01   1.9338e-08 
  8.8489e+01   8.2718e-09 
  8.8509e+01   5.9691e-09 
  8.8529e+01   5.6355e-09 
  8.8549e+01   8.0786e-09 
  8.8569e+01   9.7514e-09 
  8.8589e+01   5.6261e-09 
  8.8609e+01   5.6298e-09 
  8.8629e+01   5.6687e-09 
  8.8649e+01   5.6387e-09 
  8.8669e+01   1.1084e-08 
  8.8689e+01   6.1425e-09 
  8.8709e+01   5.6251e-09 
  8.8729e+01   5.6245e-09 
  8.8749e+01   1.2265e-08 
  8.8769e+01   5.6206e-09 
  8.8789e+01   5.6300e-09 
  8.8809e+01   7.0034e-09 
  8.8829e+01   5.6956e-09 
  8.8849e+01   1.1209e-08 
  8.8869e+01   5.6201e-09 
  8.8889e+01   8.9649e-09 
  8.8909e+01   1.4179e-08 
  8.8929e+01   5.6201e-09 
  8.8949e+01   5.6170e-09 
  8.8969e+01   5.6184e-09 
  8.8989e+01   5.6180e-09 
  8.9009e+01   5.6156e-09 
  8.9029e+01   5.6192e-09 
  8.9049e+01   5.6111e-09 
  8.9069e+01   5.8469e-09 
  8.9089e+01   5.6110e-09 
  8.9109e+01   5.6099e-09 
  8.9129e+01   5.6073e-09 
  8.9149e+01   5.6278e-09 
  8.9169e+01   5.6065e-09 
  8.9189e+01   5.6053e-09 
  8.9209e+01   5.6506e-09 
  8.9229e+01   7.2892e-09 
  8.9249e+01   5.8252e-09 
  8.9269e+01   6.0025e-09 
  8.9289e+01   5.6023e-09 
  8.9309e+01   5.5984e-09 
  8.9329e+01   5.5973e-09 
  8.9349e+01   5.5988e-09 
  8.9369e+01   3.0956e-08 
  8.9389e+01   5.6431e-09 
  8.9409e+01   5.5926e-09 
  8.9429e+01   5.5942e-09 
  8.9449e+01   6.2231e-09 
  8.9469e+01   5.5929e-09 
  8.9489e+01   5.5907e-09 
  8.9509e+01   5.5895e-09 
  8.9529e+01   1.7428e-08 
  8.9549e+01   5.5943e-09 
  8.9569e+01   5.5871e-09 
  8.9589e+01   5.6090e-09 
  8.9609e+01   2.5103e-08 
  8.9629e+01   5.5845e-09 
  8.9649e+01   5.5865e-09 
  8.9669e+01   5.5863e-09 
  8.9689e+01   5.5851e-09 
  8.9709e+01   5.5844e-09 
  8.9729e+01   5.5810e-09 
  8.9749e+01   5.5857e-09 
  8.9769e+01   5.5841e-09 
  8.9789e+01   5.5891e-09 
  8.9809e+01   5.5846e-09 
  8.9829e+01   5.6007e-09 
  8.9849e+01   5.5794e-09 
  8.9869e+01   5.6344e-09 
  8.9889e+01   5.9978e-09 
  8.9909e+01   5.6135e-09 
  8.9929e+01   5.5870e-09 
  8.9949e+01   5.5757e-09 
  8.9969e+01   5.5812e-09 
  8.9989e+01   5.5770e-09 
  9.0009e+01   6.3985e-09 
  9.0029e+01   5.6191e-09 
  9.0049e+01   5.5748e-09 
  9.0069e+01   5.5829e-09 
  9.0089e+01   5.5733e-09 
  9.0109e+01   6.6940e-09 
  9.0129e+01   5.6061e-09 
  9.0149e+01   5.5791e-09 
  9.0169e+01   5.5703e-09 
  9.0189e+01   5.5934e-09 
  9.0209e+01   5.5741e-09 
  9.0229e+01   2.3885e-08 
  9.0249e+01   5.5723e-09 
  9.0269e+01   5.5731e-09 
  9.0289e+01   5.6211e-09 
  9.0309e+01   5.6176e-09 
  9.0329e+01   5.5659e-09 
  9.0349e+01   5.6048e-09 
  9.0369e+01   5.5962e-09 
  9.0389e+01   5.5899e-09 
  9.0409e+01   1.2347e-08 
  9.0429e+01   5.6116e-09 
  9.0449e+01   5.6102e-09 
  9.0469e+01   5.5623e-09 
  9.0489e+01   5.6441e-09 
  9.0509e+01   5.5631e-09 
  9.0529e+01   1.0784e-08 
  9.0549e+01   5.5586e-09 
  9.0569e+01   5.5631e-09 
  9.0589e+01   5.5567e-09 
  9.0609e+01   5.5947e-09 
  9.0629e+01   5.5576e-09 
  9.0649e+01   5.5771e-09 
  9.0669e+01   5.6154e-09 
  9.0689e+01   5.5548e-09 
  9.0709e+01   5.5639e-09 
  9.0729e+01   5.5529e-09 
  9.0749e+01   5.5547e-09 
  9.0769e+01   5.5537e-09 
  9.0789e+01   7.4837e-09 
  9.0809e+01   5.5518e-09 
  9.0829e+01   5.5481e-09 
  9.0849e+01   5.6651e-09 
  9.0869e+01   5.5517e-09 
  9.0889e+01   5.5712e-09 
  9.0909e+01   7.4574e-09 
  9.0929e+01   5.5491e-09 
  9.0949e+01   5.9666e-09 
  9.0969e+01   5.5473e-09 
  9.0989e+01   5.5437e-09 
  9.1009e+01   5.5756e-09 
  9.1029e+01   8.0674e-09 
  9.1049e+01   6.4951e-09 
  9.1069e+01   3.4349e-08 
  9.1089e+01   6.0697e-09 
  9.1109e+01   5.5739e-09 
  9.1129e+01   5.5585e-09 
  9.1149e+01   5.7301e-09 
  9.1169e+01   5.9671e-09 
  9.1189e+01   1.5763e-08 
  9.1209e+01   5.5174e-08 
  9.1229e+01   7.2526e-09 
  9.1249e+01   5.5408e-09 
  9.1269e+01   5.5400e-09 
  9.1289e+01   5.5634e-09 
  9.1309e+01   5.5755e-09 
  9.1329e+01   5.7077e-09 
  9.1349e+01   5.8690e-09 
  9.1369e+01   5.8347e-09 
  9.1389e+01   5.5349e-09 
  9.1409e+01   5.5593e-09 
  9.1429e+01   5.6417e-09 
  9.1449e+01   5.5325e-09 
  9.1469e+01   5.5372e-09 
  9.1489e+01   5.5393e-09 
  9.1509e+01   5.5522e-09 
  9.1529e+01   5.6050e-09 
  9.1549e+01   5.5717e-09 
  9.1569e+01   6.1650e-09 
  9.1589e+01   5.5634e-09 
  9.1609e+01   5.5584e-09 
  9.1629e+01   6.0712e-09 
  9.1649e+01   5.7397e-09 
  9.1669e+01   5.5315e-09 
  9.1689e+01   5.7985e-09 
  9.1709e+01   5.8443e-09 
  9.1729e+01   5.5682e-09 
  9.1749e+01   5.5506e-09 
  9.1769e+01   5.6741e-09 
  9.1789e+01   5.5313e-09 
  9.1809e+01   5.5308e-09 
  9.1829e+01   5.5303e-09 
  9.1849e+01   5.7292e-09 
  9.1869e+01   5.5529e-09 
  9.1889e+01   7.1003e-09 
  9.1909e+01   1.1671e-08 
  9.1929e+01   5.6597e-09 
  9.1949e+01   5.8960e-09 
  9.1969e+01   6.7333e-08 
  9.1989e+01   5.6205e-09 
  9.2009e+01   5.6214e-09 
  9.2029e+01   5.7396e-09 
  9.2049e+01   5.6874e-09 
  9.2069e+01   5.6963e-09 
  9.2089e+01   5.6330e-09 
  9.2109e+01   5.7101e-09 
  9.2129e+01   5.5753e-09 
  9.2149e+01   5.6925e-09 
  9.2169e+01   5.6155e-09 
  9.2189e+01   5.7735e-09 
  9.2209e+01   5.6756e-09 
  9.2229e+01   5.8855e-09 
  9.2249e+01   5.6723e-09 
  9.2269e+01   5.6004e-09 
  9.2289e+01   5.6736e-09 
  9.2309e+01   5.5858e-09 
  9.2329e+01   5.7024e-09 
  9.2349e+01   5.5575e-09 
  9.2369e+01   5.5288e-09 
  9.2389e+01   5.6498e-09 
  9.2409e+01   7.5469e-09 
  9.2429e+01   5.5211e-09 
  9.2449e+01   5.5199e-09 
  9.2469e+01   5.5697e-09 
  9.2489e+01   5.5218e-09 
  9.2509e+01   5.5596e-09 
  9.2529e+01   5.5151e-09 
  9.2549e+01   5.5168e-09 
  9.2569e+01   5.5195e-09 
  9.2589e+01   5.5179e-09 
  9.2609e+01   5.5455e-09 
  9.2629e+01   5.5618e-09 
  9.2649e+01   5.5136e-09 
  9.2669e+01   5.5140e-09 
  9.2689e+01   5.6005e-09 
  9.2709e+01   5.5341e-09 
  9.2729e+01   5.5060e-09 
  9.2749e+01   5.5104e-09 
  9.2769e+01   5.5236e-09 
  9.2789e+01   5.5080e-09 
  9.2809e+01   5.5040e-09 
  9.2829e+01   5.5202e-09 
  9.2849e+01   5.7048e-09 
  9.2869e+01   5.6478e-09 
  9.2889e+01   5.5020e-09 
  9.2909e+01   5.5010e-09 
  9.2929e+01   5.5311e-09 
  9.2949e+01   5.5019e-09 
  9.2969e+01   5.5009e-09 
  9.2989e+01   5.5000e-09 
  9.3009e+01   5.5086e-09 
  9.3029e+01   5.5049e-09 
  9.3049e+01   5.5369e-09 
  9.3069e+01   1.0791e-08 
  9.3089e+01   5.4980e-09 
  9.3109e+01   6.4513e-09 
  9.3129e+01   5.4960e-09 
  9.3149e+01   5.5008e-09 
  9.3169e+01   8.2427e-09 
  9.3189e+01   5.4959e-09 
  9.3209e+01   5.4978e-09 
  9.3229e+01   5.4940e-09 
  9.3249e+01   5.4963e-09 
  9.3269e+01   5.4953e-09 
  9.3289e+01   5.4939e-09 
  9.3309e+01   5.6818e-09 
  9.3329e+01   5.4948e-09 
  9.3349e+01   5.4938e-09 
  9.3369e+01   5.4928e-09 
  9.3389e+01   5.4918e-09 
  9.3409e+01   1.4960e-08 
  9.3429e+01   5.4932e-09 
  9.3449e+01   6.5442e-09 
  9.3469e+01   1.0515e-08 
  9.3489e+01   5.5532e-09 
  9.3509e+01   5.4956e-09 
  9.3529e+01   7.7113e-09 
  9.3549e+01   5.4866e-09 
  9.3569e+01   5.4893e-09 
  9.3589e+01   5.4846e-09 
  9.3609e+01   5.4894e-09 
  9.3629e+01   6.0339e-09 
  9.3649e+01   8.3323e-09 
  9.3669e+01   5.4836e-09 
  9.3689e+01   5.4826e-09 
  9.3709e+01   5.4874e-09 
  9.3729e+01   5.4835e-09 
  9.3749e+01   5.4825e-09 
  9.3769e+01   5.4844e-09 
  9.3789e+01   5.5727e-09 
  9.3809e+01   5.4824e-09 
  9.3829e+01   6.3412e-09 
  9.3849e+01   5.4834e-09 
  9.3869e+01   5.4824e-09 
  9.3889e+01   5.4814e-09 
  9.3909e+01   5.4775e-09 
  9.3929e+01   3.8042e-07 
  9.3949e+01   5.4784e-09 
  9.3969e+01   5.4803e-09 
  9.3989e+01   5.4764e-09 
  9.4009e+01   5.4783e-09 
  9.4029e+01   5.5749e-09 
  9.4049e+01   5.4763e-09 
  9.4069e+01   5.4782e-09 
  9.4089e+01   5.5065e-09 
  9.4109e+01   5.4995e-09 
  9.4129e+01   5.4751e-09 
  9.4149e+01   5.4741e-09 
  9.4169e+01   5.4760e-09 
  9.4189e+01   5.4721e-09 
  9.4209e+01   5.4739e-09 
  9.4229e+01   5.4729e-09 
  9.4249e+01   5.4757e-09 
  9.4269e+01   5.5487e-09 
  9.4289e+01   5.4728e-09 
  9.4309e+01   6.1982e-09 
  9.4329e+01   5.4986e-09 
  9.4349e+01   5.4737e-09 
  9.4369e+01   5.6235e-09 
  9.4389e+01   5.4907e-09 
  9.4409e+01   5.4691e-09 
  9.4429e+01   5.4680e-09 
  9.4449e+01   5.4669e-09 
  9.4469e+01   5.4687e-09 
  9.4489e+01   8.5037e-09 
  9.4509e+01   5.4670e-09 
  9.4529e+01   5.4654e-09 
  9.4549e+01   5.4672e-09 
  9.4569e+01   5.4661e-09 
  9.4589e+01   5.4621e-09 
  9.4609e+01   5.4668e-09 
  9.4629e+01   5.4628e-09 
  9.4649e+01   5.5000e-09 
  9.4669e+01   5.4877e-09 
  9.4689e+01   5.4832e-09 
  9.4709e+01   5.4612e-09 
  9.4729e+01   6.3591e-09 
  9.4749e+01   5.4619e-09 
  9.4769e+01   5.4608e-09 
  9.4789e+01   5.4722e-09 
  9.4809e+01   5.4585e-09 
  9.4829e+01   5.4603e-09 
  9.4849e+01   5.5455e-09 
  9.4869e+01   5.4581e-09 
  9.4889e+01   5.6797e-09 
  9.4909e+01   5.4558e-09 
  9.4929e+01   5.4576e-09 
  9.4949e+01   5.4564e-09 
  9.4969e+01   5.4553e-09 
  9.4989e+01   5.7003e-09 
  9.5009e+01   5.5274e-09 
  9.5029e+01   5.4519e-09 
  9.5049e+01   5.4537e-09 
  9.5069e+01   5.4526e-09 
  9.5089e+01   5.4515e-09 
  9.5109e+01   5.4534e-09 
  9.5129e+01   5.4523e-09 
  9.5149e+01   5.4512e-09 
  9.5169e+01   5.4501e-09 
  9.5189e+01   5.4519e-09 
  9.5209e+01   5.4508e-09 
  9.5229e+01   5.4497e-09 
  9.5249e+01   5.7580e-09 
  9.5269e+01   5.4475e-09 
  9.5289e+01   5.4494e-09 
  9.5309e+01   5.4482e-09 
  9.5329e+01   5.4471e-09 
  9.5349e+01   5.4490e-09 
  9.5369e+01   5.4479e-09 
  9.5389e+01   1.9590e-08 
  9.5409e+01   5.4456e-09 
  9.5429e+01   6.3757e-09 
  9.5449e+01   5.4434e-09 
  9.5469e+01   5.4452e-09 
  9.5489e+01   2.4138e-08 
  9.5509e+01   6.2815e-09 
  9.5529e+01   5.4418e-09 
  9.5549e+01   6.0105e-09 
  9.5569e+01   5.4425e-09 
  9.5589e+01   5.4414e-09 
  9.5609e+01   5.4432e-09 
  9.5629e+01   5.4391e-09 
  9.5649e+01   8.4556e-09 
  9.5669e+01   5.4368e-09 
  9.5689e+01   5.4387e-09 
  9.5709e+01   5.4405e-09 
  9.5729e+01   5.4394e-09 
  9.5749e+01   6.1190e-09 
  9.5769e+01   5.5283e-09 
  9.5789e+01   5.4389e-09 
  9.5809e+01   5.6349e-09 
  9.5829e+01   5.4365e-09 
  9.5849e+01   5.4383e-09 
  9.5869e+01   6.3413e-09 
  9.5889e+01   5.4329e-09 
  9.5909e+01   5.8888e-09 
  9.5929e+01   5.4336e-09 
  9.5949e+01   5.4354e-09 
  9.5969e+01   5.4342e-09 
  9.5989e+01   5.4330e-09 
  9.6009e+01   5.4559e-09 
  9.6029e+01   5.4336e-09 
  9.6049e+01   5.4294e-09 
  9.6069e+01   5.4312e-09 
  9.6089e+01   5.4300e-09 
  9.6109e+01   5.4318e-09 
  9.6129e+01   4.2074e-08 
  9.6149e+01   5.4294e-09 
  9.6169e+01   5.4282e-09 
  9.6189e+01   4.6311e-08 
  9.6209e+01   5.4287e-09 
  9.6229e+01   5.4245e-09 
  9.6249e+01   5.4293e-09 
  9.6269e+01   5.4251e-09 
  9.6289e+01   5.4299e-09 
  9.6309e+01   5.4690e-09 
  9.6329e+01   5.4244e-09 
  9.6349e+01   5.4262e-09 
  9.6369e+01   1.9476e-08 
  9.6389e+01   5.8086e-09 
  9.6409e+01   5.4352e-09 
  9.6429e+01   5.6535e-09 
  9.6449e+01   3.0461e-08 
  9.6469e+01   5.4219e-09 
  9.6489e+01   5.4238e-09 
  9.6509e+01   6.4524e-09 
  9.6529e+01   5.4805e-09 
  9.6549e+01   5.9152e-09 
  9.6569e+01   5.4218e-09 
  9.6589e+01   5.4175e-09 
  9.6609e+01   5.4820e-09 
  9.6629e+01   5.4181e-09 
  9.6649e+01   5.4199e-09 
  9.6669e+01   5.4187e-09 
  9.6689e+01   5.4144e-09 
  9.6709e+01   5.4193e-09 
  9.6729e+01   5.4150e-09 
  9.6749e+01   5.4168e-09 
  9.6769e+01   5.4156e-09 
  9.6789e+01   1.4959e-08 
  9.6809e+01   5.4500e-09 
  9.6829e+01   5.4149e-09 
  9.6849e+01   5.4136e-09 
  9.6869e+01   5.4155e-09 
  9.6889e+01   5.4112e-09 
  9.6909e+01   5.4130e-09 
  9.6929e+01   5.4117e-09 
  9.6949e+01   5.4135e-09 
  9.6969e+01   5.4123e-09 
  9.6989e+01   5.4079e-09 
  9.7009e+01   5.4128e-09 
  9.7029e+01   5.4085e-09 
  9.7049e+01   5.4103e-09 
  9.7069e+01   1.5347e-08 
  9.7089e+01   5.4078e-09 
  9.7109e+01   5.4096e-09 
  9.7129e+01   5.4083e-09 
  9.7149e+01   2.1196e-08 
  9.7169e+01   5.4088e-09 
  9.7189e+01   5.4045e-09 
  9.7209e+01   5.4063e-09 
  9.7229e+01   1.3578e-08 
  9.7249e+01   5.4068e-09 
  9.7269e+01   5.4048e-09 
  9.7289e+01   5.4020e-09 
  9.7309e+01   5.3991e-09 
  9.7329e+01   5.3993e-09 
  9.7349e+01   5.3965e-09 
  9.7369e+01   5.3967e-09 
  9.7389e+01   6.1401e-09 
  9.7409e+01   5.3879e-09 
  9.7429e+01   5.3912e-09 
  9.7449e+01   5.3852e-09 
  9.7469e+01   5.3854e-09 
  9.7489e+01   8.9011e-08 
  9.7509e+01   6.4165e-09 
  9.7529e+01   5.3772e-09 
  9.7549e+01   5.3739e-09 
  9.7569e+01   5.3845e-09 
  9.7589e+01   5.3712e-09 
  9.7609e+01   5.3714e-09 
  9.7629e+01   5.3655e-09 
  9.7649e+01   5.5494e-09 
  9.7669e+01   5.3628e-09 
  9.7689e+01   5.3630e-09 
  9.7709e+01   5.3601e-09 
  9.7729e+01   1.1147e-08 
  9.7749e+01   5.8289e-09 
  9.7769e+01   5.3545e-09 
  9.7789e+01   5.3516e-09 
  9.7809e+01   5.3487e-09 
  9.7829e+01   5.3489e-09 
  9.7849e+01   5.3460e-09 
  9.7869e+01   5.3462e-09 
  9.7889e+01   5.3962e-09 
  9.7909e+01   5.3405e-09 
  9.7929e+01   5.3376e-09 
  9.7949e+01   5.3377e-09 
  9.7969e+01   5.3318e-09 
  9.7989e+01   5.3320e-09 
  9.8009e+01   5.3321e-09 
  9.8029e+01   6.0299e-09 
  9.8049e+01   5.3247e-09 
  9.8069e+01   5.3329e-09 
  9.8089e+01   5.3250e-09 
  9.8109e+01   2.6689e-07 
  9.8129e+01   5.3253e-09 
  9.8149e+01   5.3270e-09 
  9.8169e+01   5.3225e-09 
  9.8189e+01   2.0513e-08 
  9.8209e+01   6.2202e-09 
  9.8229e+01   5.5337e-09 
  9.8249e+01   5.3231e-09 
  9.8269e+01   5.2708e-07 
  9.8289e+01   5.3234e-09 
  9.8309e+01   5.3220e-09 
  9.8329e+01   5.3206e-09 
  9.8349e+01   5.3337e-09 
  9.8369e+01   5.8492e-09 
  9.8389e+01   5.3257e-09 
  9.8409e+01   5.3181e-09 
  9.8429e+01   5.3198e-09 
  9.8449e+01   5.3184e-09 
  9.8469e+01   5.4125e-09 
  9.8489e+01   5.3187e-09 
  9.8509e+01   5.3917e-09 
  9.8529e+01   5.3159e-09 
  9.8549e+01   5.3523e-09 
  9.8569e+01   5.3161e-09 
  9.8589e+01   5.3147e-09 
  9.8609e+01   5.3133e-09 
  9.8629e+01   5.3150e-09 
  9.8649e+01   5.3136e-09 
  9.8669e+01   5.3122e-09 
  9.8689e+01   5.3107e-09 
  9.8709e+01   5.6950e-09 
  9.8729e+01   5.3079e-09 
  9.8749e+01   5.3127e-09 
  9.8769e+01   5.8663e-09 
  9.8789e+01   5.3098e-09 
  9.8809e+01   5.3084e-09 
  9.8829e+01   6.0685e-09 
  9.8849e+01   5.4738e-09 
  9.8869e+01   5.3104e-09 
  9.8889e+01   5.3059e-09 
  9.8909e+01   5.3076e-09 
  9.8929e+01   5.3093e-09 
  9.8949e+01   5.3048e-09 
  9.8969e+01   5.3065e-09 
  9.8989e+01   5.3051e-09 
  9.9009e+01   5.3079e-09 
  9.9029e+01   5.3054e-09 
  9.9049e+01   5.3039e-09 
  9.9069e+01   5.3057e-09 
  9.9089e+01   1.1584e-08 
  9.9109e+01   6.9019e-09 
  9.9129e+01   5.3014e-09 
  9.9149e+01   5.5837e-09 
  9.9169e+01   8.3087e-09 
  9.9189e+01   9.0181e-09 
  9.9209e+01   5.3058e-09 
  9.9229e+01   5.3236e-09 
  9.9249e+01   5.3022e-09 
  9.9269e+01   5.3846e-09 
  9.9289e+01   5.8619e-09 
  9.9309e+01   5.3040e-09 
  9.9329e+01   5.2980e-09 
  9.9349e+01   5.2981e-09 
  9.9369e+01   5.2998e-09 
  9.9389e+01   5.2952e-09 
  9.9409e+01   5.3011e-09 
  9.9429e+01   5.2971e-09 
  9.9449e+01   5.3055e-09 
  9.9469e+01   5.2942e-09 
  9.9489e+01   5.2974e-09 
  9.9509e+01   5.2986e-09 
  9.9529e+01   5.2945e-09 
  9.9549e+01   5.2972e-09 
  9.9569e+01   5.3090e-09 
  9.9589e+01   5.2917e-09 
  9.9609e+01   5.2934e-09 
  9.9629e+01   5.2995e-09 
  9.9649e+01   5.2920e-09 
  9.9669e+01   5.2905e-09 
  9.9689e+01   6.0898e-09 
  9.9709e+01   5.8368e-09 
  9.9729e+01   5.2892e-09 
  9.9749e+01   5.2908e-09 
  9.9769e+01   5.2909e-09 
  9.9789e+01   6.2039e-09 
  9.9809e+01   5.2863e-09 
  9.9829e+01   5.2864e-09 
  9.9849e+01   5.2881e-09 
  9.9869e+01   5.2866e-09 
  9.9889e+01   5.2851e-09 
  9.9909e+01   5.2851e-09 
  9.9929e+01   5.7305e-09 
  9.9949e+01   5.3495e-09 
  9.9969e+01   5.4281e-09 
  9.9989e+01   5.2854e-09 
  1.0001e+02   5.2838e-09 
  1.0003e+02   5.2895e-09 
  1.0005e+02   5.2807e-09 
  1.0007e+02   5.2824e-09 
  1.0009e+02   5.2808e-09 
  1.0011e+02   5.9660e-09 
  1.0013e+02   5.3843e-09 
  1.0015e+02   5.2810e-09 
  1.0017e+02   5.2778e-09 
  1.0019e+02   5.2779e-09 
  1.0021e+02   5.2795e-09 
  1.0023e+02   5.2763e-09 
  1.0025e+02   5.3392e-08 
  1.0027e+02   5.2764e-09 
  1.0029e+02   5.2764e-09 
  1.0031e+02   5.2749e-09 
  1.0033e+02   5.3912e-09 
  1.0035e+02   5.2765e-09 
  1.0037e+02   5.2750e-09 
  1.0039e+02   6.0082e-09 
  1.0041e+02   6.3789e-09 
  1.0043e+02   6.3892e-09 
  1.0045e+02   5.2713e-09 
  1.0047e+02   5.4045e-09 
  1.0049e+02   5.2708e-09 
  1.0051e+02   5.2901e-09 
  1.0053e+02   5.2686e-09 
  1.0055e+02   5.3204e-09 
  1.0057e+02   5.2732e-09 
  1.0059e+02   5.2646e-09 
  1.0061e+02   6.3532e-09 
  1.0063e+02   5.2640e-09 
  1.0065e+02   5.2654e-09 
  1.0067e+02   5.2635e-09 
  1.0069e+02   5.2616e-09 
  1.0071e+02   5.5909e-08 
  1.0073e+02   6.6611e-09 
  1.0075e+02   6.4991e-09 
  1.0077e+02   6.9629e-09 
  1.0079e+02   5.2769e-09 
  1.0081e+02   5.2583e-09 
  1.0083e+02   5.2564e-09 
  1.0085e+02   5.5439e-09 
  1.0087e+02   5.2558e-09 
  1.0089e+02   4.4323e-08 
  1.0091e+02   5.2536e-09 
  1.0093e+02   5.2533e-09 
  1.0095e+02   5.2530e-09 
  1.0097e+02   5.2922e-09 
  1.0099e+02   5.2524e-09 
  1.0101e+02   5.3100e-09 
  1.0103e+02   5.2486e-09 
  1.0105e+02   5.2767e-09 
  1.0107e+02   5.2496e-09 
  1.0109e+02   5.3408e-09 
  1.0111e+02   5.3021e-09 
  1.0113e+02   5.2854e-09 
  1.0115e+02   5.3714e-09 
  1.0117e+02   5.2433e-09 
  1.0119e+02   5.3449e-09 
  1.0121e+02   5.2442e-09 
  1.0123e+02   8.1399e-09 
  1.0125e+02   9.0729e-09 
  1.0127e+02   5.2708e-09 
  1.0129e+02   5.2428e-09 
  1.0131e+02   6.6100e-09 
  1.0133e+02   5.2399e-09 
  1.0135e+02   8.4875e-09 
  1.0137e+02   5.3545e-09 
  1.0139e+02   7.3298e-09 
  1.0141e+02   5.2545e-09 
  1.0143e+02   5.3479e-09 
  1.0145e+02   6.8566e-09 
  1.0147e+02   5.2691e-09 
  1.0149e+02   5.2941e-09 
  1.0151e+02   5.2607e-09 
  1.0153e+02   5.2369e-09 
  1.0155e+02   1.9974e-08 
  1.0157e+02   5.2434e-09 
  1.0159e+02   5.2417e-09 
  1.0161e+02   5.2393e-09 
  1.0163e+02   5.2346e-09 
  1.0165e+02   5.2728e-09 
  1.0167e+02   5.2535e-09 
  1.0169e+02   5.3039e-09 
  1.0171e+02   5.2838e-09 
  1.0173e+02   6.6934e-09 
  1.0175e+02   5.2502e-09 
  1.0177e+02   5.2427e-09 
  1.0179e+02   5.2942e-09 
  1.0181e+02   5.3578e-09 
  1.0183e+02   5.2836e-09 
  1.0185e+02   5.2581e-09 
  1.0187e+02   5.2970e-09 
  1.0189e+02   5.3204e-09 
  1.0191e+02   5.4090e-09 
  1.0193e+02   5.2882e-09 
  1.0195e+02   5.8978e-09 
  1.0197e+02   5.2401e-09 
  1.0199e+02   5.2326e-09 
  1.0201e+02   5.2328e-09 
  1.0203e+02   5.2297e-09 
  1.0205e+02   5.2315e-09 
  1.0207e+02   5.4032e-09 
  1.0209e+02   5.2529e-09 
  1.0211e+02   5.2295e-09 
  1.0213e+02   5.2293e-09 
  1.0215e+02   5.2292e-09 
  1.0217e+02   5.2605e-09 
  1.0219e+02   5.2255e-09 
  1.0221e+02   5.2286e-09 
  1.0223e+02   7.5609e-09 
  1.0225e+02   5.6405e-09 
  1.0227e+02   5.2363e-09 
  1.0229e+02   5.3566e-09 
  1.0231e+02   5.2788e-09 
  1.0233e+02   5.2744e-09 
  1.0235e+02   2.1591e-07 
  1.0237e+02   5.3430e-09 
  1.0239e+02   1.2401e-07 
  1.0241e+02   5.9099e-08 
  1.0243e+02   5.2215e-09 
  1.0245e+02   5.2197e-09 
  1.0247e+02   6.1005e-09 
  1.0249e+02   1.9030e-07 
  1.0251e+02   2.5786e-08 
  1.0253e+02   5.2156e-09 
  1.0255e+02   2.4276e-07 
  1.0257e+02   5.2184e-09 
  1.0259e+02   5.2140e-09 
  1.0261e+02   5.2220e-09 
  1.0263e+02   5.2129e-09 
  1.0265e+02   5.2160e-09 
  1.0267e+02   5.2250e-09 
  1.0269e+02   6.8713e-09 
  1.0271e+02   5.2369e-09 
  1.0273e+02   5.2101e-09 
  1.0275e+02   5.2730e-09 
  1.0277e+02   5.2097e-09 
  1.0279e+02   5.2095e-09 
  1.0281e+02   5.2076e-09 
  1.0283e+02   5.2163e-09 
  1.0285e+02   5.2431e-09 
  1.0287e+02   5.2086e-09 
  1.0289e+02   5.2067e-09 
  1.0291e+02   1.3230e-07 
  1.0293e+02   5.2114e-09 
  1.0295e+02   5.2031e-09 
  1.0297e+02   5.2047e-09 
  1.0299e+02   5.2047e-09 
  1.0301e+02   5.2063e-09 
  1.0303e+02   5.2094e-09 
  1.0305e+02   5.2078e-09 
  1.0307e+02   5.2045e-09 
  1.0309e+02   2.6257e-07 
  1.0311e+02   5.2027e-09 
  1.0313e+02   5.2010e-09 
  1.0315e+02   5.2058e-09 
  1.0317e+02   5.2052e-09 
  1.0319e+02   5.2063e-09 
  1.0321e+02   5.2532e-09 
  1.0323e+02   5.1974e-09 
  1.0325e+02   5.2007e-09 
  1.0327e+02   5.1973e-09 
  1.0329e+02   5.1989e-09 
  1.0331e+02   5.1972e-09 
  1.0333e+02   5.2021e-09 
  1.0335e+02   5.1987e-09 
  1.0337e+02   5.2675e-09 
  1.0339e+02   5.1953e-09 
  1.0341e+02   5.6635e-09 
  1.0343e+02   5.1968e-09 
  1.0345e+02   5.1934e-09 
  1.0347e+02   5.1933e-09 
  1.0349e+02   5.1949e-09 
  1.0351e+02   5.1949e-09 
  1.0353e+02   5.1931e-09 
  1.0355e+02   5.1914e-09 
  1.0357e+02   5.2185e-09 
  1.0359e+02   5.3321e-09 
  1.0361e+02   5.1928e-09 
  1.0363e+02   5.2041e-09 
  1.0365e+02   5.4031e-09 
  1.0367e+02   5.1940e-09 
  1.0369e+02   5.2723e-09 
  1.0371e+02   5.2706e-09 
  1.0373e+02   5.1890e-09 
  1.0375e+02   5.1947e-09 
  1.0377e+02   5.1933e-09 
  1.0379e+02   5.1958e-09 
  1.0381e+02   5.2124e-09 
  1.0383e+02   5.1852e-09 
  1.0385e+02   5.1885e-09 
  1.0387e+02   5.1929e-09 
  1.0389e+02   5.1850e-09 
  1.0391e+02   5.2126e-09 
  1.0393e+02   1.4239e-07 
  1.0395e+02   5.1970e-09 
  1.0397e+02   5.4738e-09 
  1.0399e+02   5.1862e-09 
  1.0401e+02   5.1877e-09 
  1.0403e+02   5.6316e-09 
  1.0405e+02   5.1809e-09 
  1.0407e+02   5.1842e-09 
  1.0409e+02   1.4250e-08 
  1.0411e+02   5.1840e-09 
  1.0413e+02   5.1805e-09 
  1.0415e+02   5.1885e-09 
  1.0417e+02   5.2417e-09 
  1.0419e+02   5.3537e-09 
  1.0421e+02   5.1818e-09 
  1.0423e+02   5.1783e-09 
  1.0425e+02   5.1799e-09 
  1.0427e+02   5.1855e-09 
  1.0429e+02   5.1780e-09 
  1.0431e+02   5.2154e-09 
  1.0433e+02   5.1761e-09 
  1.0435e+02   5.1776e-09 
  1.0437e+02   5.1758e-09 
  1.0439e+02   5.1774e-09 
  1.0441e+02   5.1739e-09 
  1.0443e+02   5.1772e-09 
  1.0445e+02   5.1773e-09 
  1.0447e+02   5.1753e-09 
  1.0449e+02   5.1734e-09 
  1.0451e+02   5.1984e-09 
  1.0453e+02   5.2063e-09 
  1.0455e+02   5.1714e-09 
  1.0457e+02   5.3238e-09 
  1.0459e+02   5.1815e-09 
  1.0461e+02   5.1889e-09 
  1.0463e+02   5.1692e-09 
  1.0465e+02   5.1725e-09 
  1.0467e+02   5.1689e-09 
  1.0469e+02   5.1687e-09 
  1.0471e+02   5.1720e-09 
  1.0473e+02   5.1800e-09 
  1.0475e+02   5.4721e-09 
  1.0477e+02   5.1681e-09 
  1.0479e+02   5.1759e-09 
  1.0481e+02   8.3057e-08 
  1.0483e+02   5.1693e-09 
  1.0485e+02   5.1811e-09 
  1.0487e+02   1.0315e-08 
  1.0489e+02   5.1671e-09 
  1.0491e+02   5.1726e-09 
  1.0493e+02   5.1651e-09 
  1.0495e+02   5.1632e-09 
  1.0497e+02   5.1647e-09 
  1.0499e+02   5.2186e-09 
  1.0501e+02   5.1783e-09 
  1.0503e+02   5.2940e-09 
  1.0505e+02   5.4430e-09 
  1.0507e+02   5.1639e-09 
  1.0509e+02   5.1603e-09 
  1.0511e+02   5.1711e-09 
  1.0513e+02   5.1599e-09 
  1.0515e+02   5.1597e-09 
  1.0517e+02   5.1595e-09 
  1.0519e+02   5.1673e-09 
  1.0521e+02   5.1948e-09 
  1.0523e+02   5.1573e-09 
  1.0525e+02   5.1648e-09 
  1.0527e+02   5.1569e-09 
  1.0529e+02   5.1567e-09 
  1.0531e+02   5.1565e-09 
  1.0533e+02   5.1546e-09 
  1.0535e+02   5.1579e-09 
  1.0537e+02   5.1594e-09 
  1.0539e+02   5.1558e-09 
  1.0541e+02   5.3096e-09 
  1.0543e+02   5.1554e-09 
  1.0545e+02   5.1517e-09 
  1.0547e+02   5.1634e-09 
  1.0549e+02   5.1513e-09 
  1.0551e+02   5.1529e-09 
  1.0553e+02   5.1527e-09 
  1.0555e+02   5.1490e-09 
  1.0557e+02   5.1523e-09 
  1.0559e+02   5.1504e-09 
  1.0561e+02   5.1519e-09 
  1.0563e+02   5.1483e-09 
  1.0565e+02   5.1552e-09 
  1.0567e+02   5.1497e-09 
  1.0569e+02   5.1478e-09 
  1.0571e+02   5.1493e-09 
  1.0573e+02   5.1457e-09 
  1.0575e+02   5.1490e-09 
  1.0577e+02   5.1470e-09 
  1.0579e+02   5.1745e-09 
  1.0581e+02   5.1449e-09 
  1.0583e+02   5.4867e-09 
  1.0585e+02   5.1463e-09 
  1.0587e+02   5.1444e-09 
  1.0589e+02   5.1459e-09 
  1.0591e+02   5.1440e-09 
  1.0593e+02   5.1455e-09 
  1.0595e+02   5.1419e-09 
  1.0597e+02   5.1434e-09 
  1.0599e+02   6.1825e-09 
  1.0601e+02   5.1448e-09 
  1.0603e+02   5.1411e-09 
  1.0605e+02   1.6312e-08 
  1.0607e+02   5.1424e-09 
  1.0609e+02   3.3407e-08 
  1.0611e+02   5.1565e-09 
  1.0613e+02   5.3034e-09 
  1.0615e+02   5.1399e-09 
  1.0617e+02   5.1380e-09 
  1.0619e+02   4.8561e-08 
  1.0621e+02   5.6885e-09 
  1.0623e+02   5.1373e-09 
  1.0625e+02   5.1389e-09 
  1.0627e+02   5.1723e-09 
  1.0629e+02   5.1385e-09 
  1.0631e+02   5.4610e-09 
  1.0633e+02   5.3497e-09 
  1.0635e+02   5.1453e-09 
  1.0637e+02   5.2266e-09 
  1.0639e+02   5.1490e-09 
  1.0641e+02   5.1337e-09 
  1.0643e+02   5.2263e-09 
  1.0645e+02   5.4959e-09 
  1.0647e+02   5.2839e-09 
  1.0649e+02   5.1501e-09 
  1.0651e+02   5.1940e-09 
  1.0653e+02   5.1304e-09 
  1.0655e+02   5.1659e-09 
  1.0657e+02   5.1316e-09 
  1.0659e+02   5.1296e-09 
  1.0661e+02   5.3166e-09 
  1.0663e+02   5.1272e-09 
  1.0665e+02   5.1369e-09 
  1.0667e+02   5.1357e-09 
  1.0669e+02   5.1264e-09 
  1.0671e+02   5.1296e-09 
  1.0673e+02   5.1925e-09 
  1.0675e+02   5.1273e-09 
  1.0677e+02   5.1252e-09 
  1.0679e+02   5.1267e-09 
  1.0681e+02   6.0649e-09 
  1.0683e+02   5.1244e-09 
  1.0685e+02   5.1241e-09 
  1.0687e+02   5.1238e-09 
  1.0689e+02   5.1975e-09 
  1.0691e+02   5.1214e-09 
  1.0693e+02   5.1229e-09 
  1.0695e+02   5.1226e-09 
  1.0697e+02   5.1223e-09 
  1.0699e+02   5.1334e-09 
  1.0701e+02   5.1217e-09 
  1.0703e+02   5.1196e-09 
  1.0705e+02   5.1193e-09 
  1.0707e+02   5.1190e-09 
  1.0709e+02   5.1187e-09 
  1.0711e+02   5.9011e-09 
  1.0713e+02   5.1163e-09 
  1.0715e+02   5.2523e-09 
  1.0717e+02   5.1157e-09 
  1.0719e+02   5.1154e-09 
  1.0721e+02   5.1219e-09 
  1.0723e+02   5.1148e-09 
  1.0725e+02   5.1162e-09 
  1.0727e+02   5.8839e-09 
  1.0729e+02   5.1210e-09 
  1.0731e+02   5.1434e-09 
  1.0733e+02   5.5002e-09 
  1.0735e+02   5.1128e-09 
  1.0737e+02   5.1125e-09 
  1.0739e+02   5.1122e-09 
  1.0741e+02   6.5546e-09 
  1.0743e+02   5.1116e-09 
  1.0745e+02   5.1210e-09 
  1.0747e+02   5.1127e-09 
  1.0749e+02   5.1089e-09 
  1.0751e+02   5.1104e-09 
  1.0753e+02   5.1175e-09 
  1.0755e+02   5.1062e-09 
  1.0757e+02   5.1094e-09 
  1.0759e+02   5.3447e-09 
  1.0761e+02   5.7881e-09 
  1.0763e+02   5.2854e-09 
  1.0765e+02   5.1082e-09 
  1.0767e+02   5.1043e-09 
  1.0769e+02   5.1615e-09 
  1.0771e+02   5.3910e-09 
  1.0773e+02   5.3093e-09 
  1.0775e+02   5.1066e-09 
  1.0777e+02   5.1075e-09 
  1.0779e+02   5.2205e-09 
  1.0781e+02   5.1281e-09 
  1.0783e+02   5.1331e-09 
  1.0785e+02   5.1033e-09 
  1.0787e+02   3.6985e-08 
  1.0789e+02   5.1008e-09 
  1.0791e+02   5.2480e-09 
  1.0793e+02   5.1257e-09 
  1.0795e+02   5.0981e-09 
  1.0797e+02   5.1634e-09 
  1.0799e+02   5.0974e-09 
  1.0801e+02   5.1006e-09 
  1.0803e+02   5.1289e-09 
  1.0805e+02   5.3090e-09 
  1.0807e+02   5.1365e-09 
  1.0809e+02   7.4123e-09 
  1.0811e+02   5.0972e-09 
  1.0813e+02   5.0991e-09 
  1.0815e+02   5.6123e-09 
  1.0817e+02   5.0944e-09 
  1.0819e+02   5.1179e-09 
  1.0821e+02   5.0955e-09 
  1.0823e+02   5.0934e-09 
  1.0825e+02   5.0948e-09 
  1.0827e+02   5.1033e-09 
  1.0829e+02   5.1350e-09 
  1.0831e+02   6.1283e-09 
  1.0833e+02   5.0898e-09 
  1.0835e+02   5.0970e-09 
  1.0837e+02   3.7161e-08 
  1.0839e+02   5.1314e-09 
  1.0841e+02   5.0885e-09 
  1.0843e+02   5.4677e-09 
  1.0845e+02   5.1026e-09 
  1.0847e+02   5.0911e-09 
  1.0849e+02   5.1230e-09 
  1.0851e+02   5.0886e-09 
  1.0853e+02   5.0864e-09 
  1.0855e+02   5.0861e-09 
  1.0857e+02   5.2766e-09 
  1.0859e+02   5.0854e-09 
  1.0861e+02   5.0868e-09 
  1.0863e+02   5.0856e-09 
  1.0865e+02   5.0861e-09 
  1.0867e+02   5.4384e-09 
  1.0869e+02   5.0836e-09 
  1.0871e+02   5.0851e-09 
  1.0873e+02   5.0811e-09 
  1.0875e+02   5.0844e-09 
  1.0877e+02   5.2262e-09 
  1.0879e+02   5.0836e-09 
  1.0881e+02   5.0797e-09 
  1.0883e+02   5.1098e-09 
  1.0885e+02   5.0807e-09 
  1.0887e+02   5.0804e-09 
  1.0889e+02   5.0818e-09 
  1.0891e+02   5.0778e-09 
  1.0893e+02   5.0793e-09 
  1.0895e+02   5.0789e-09 
  1.0897e+02   5.0786e-09 
  1.0899e+02   5.0782e-09 
  1.0901e+02   5.0778e-09 
  1.0903e+02   6.2500e-09 
  1.0905e+02   5.0753e-09 
  1.0907e+02   6.3923e-09 
  1.0909e+02   5.0745e-09 
  1.0911e+02   5.0759e-09 
  1.0913e+02   5.0738e-09 
  1.0915e+02   5.0770e-09 
  1.0917e+02   5.0730e-09 
  1.0919e+02   5.0726e-09 
  1.0921e+02   5.0741e-09 
  1.0923e+02   5.1419e-09 
  1.0925e+02   6.4976e-09 
  1.0927e+02   5.3021e-09 
  1.0929e+02   7.2083e-09 
  1.0931e+02   6.6870e-09 
  1.0933e+02   5.0701e-09 
  1.0935e+02   5.0715e-09 
  1.0937e+02   5.0907e-09 
  1.0939e+02   5.0708e-09 
  1.0941e+02   5.0687e-09 
  1.0943e+02   5.0683e-09 
  1.0945e+02   5.0866e-09 
  1.0947e+02   8.2632e-09 
  1.0949e+02   5.0672e-09 
  1.0951e+02   5.0687e-09 
  1.0953e+02   5.1535e-09 
  1.0955e+02   5.0643e-09 
  1.0957e+02   5.1708e-09 
  1.0959e+02   5.0654e-09 
  1.0961e+02   5.0669e-09 
  1.0963e+02   5.1170e-09 
  1.0965e+02   5.0662e-09 
  1.0967e+02   5.1382e-09 
  1.0969e+02   5.0636e-09 
  1.0971e+02   5.0632e-09 
  1.0973e+02   5.0629e-09 
  1.0975e+02   5.6350e-09 
  1.0977e+02   5.0603e-09 
  1.0979e+02   5.5217e-09 
  1.0981e+02   5.7081e-09 
  1.0983e+02   5.0592e-09 
  1.0985e+02   5.0625e-09 
  1.0987e+02   5.3080e-09 
  1.0989e+02   5.0652e-09 
  1.0991e+02   5.1842e-09 
  1.0993e+02   5.9024e-09 
  1.0995e+02   5.0569e-09 
  1.0997e+02   1.0517e-08 
  1.0999e+02   5.0580e-09 
  1.1001e+02   5.0576e-09 
  1.1003e+02   5.1058e-09 
  1.1005e+02   5.0689e-09 
  1.1007e+02   5.0583e-09 
  1.1009e+02   5.3128e-09 
  1.1011e+02   5.0557e-09 
  1.1013e+02   5.0691e-09 
  1.1015e+02   5.0567e-09 
  1.1017e+02   5.0527e-09 
  1.1019e+02   5.0916e-09 
  1.1021e+02   5.0556e-09 
  1.1023e+02   5.0515e-09 
  1.1025e+02   5.0547e-09 
  1.1027e+02   5.0524e-09 
  1.1029e+02   5.0538e-09 
  1.1031e+02   6.1298e-09 
  1.1033e+02   5.0511e-09 
  1.1035e+02   5.0525e-09 
  1.1037e+02   5.0483e-09 
  1.1039e+02   5.0560e-09 
  1.1041e+02   5.0492e-09 
  1.1043e+02   5.4202e-09 
  1.1045e+02   5.0465e-09 
  1.1047e+02   5.0497e-09 
  1.1049e+02   5.0474e-09 
  1.1051e+02   5.5769e-09 
  1.1053e+02   5.4831e-09 
  1.1055e+02   5.1522e-09 
  1.1057e+02   5.5920e-09 
  1.1059e+02   5.4482e-09 
  1.1061e+02   5.0520e-09 
  1.1063e+02   7.9520e-09 
  1.1065e+02   5.0455e-09 
  1.1067e+02   5.1507e-09 
  1.1069e+02   5.0427e-09 
  1.1071e+02   5.0541e-09 
  1.1073e+02   5.0418e-09 
  1.1075e+02   5.0839e-09 
  1.1077e+02   5.0408e-09 
  1.1079e+02   5.0470e-09 
  1.1081e+02   5.0399e-09 
  1.1083e+02   5.0394e-09 
  1.1085e+02   5.0408e-09 
  1.1087e+02   5.0384e-09 
  1.1089e+02   5.0417e-09 
  1.1091e+02   5.0375e-09 
  1.1093e+02   5.0388e-09 
  1.1095e+02   5.0365e-09 
  1.1097e+02   5.1937e-09 
  1.1099e+02   5.0355e-09 
  1.1101e+02   5.1055e-09 
  1.1103e+02   5.0346e-09 
  1.1105e+02   5.0359e-09 
  1.1107e+02   5.0354e-09 
  1.1109e+02   5.0349e-09 
  1.1111e+02   7.3169e-08 
  1.1113e+02   5.0340e-09 
  1.1115e+02   5.0392e-09 
  1.1117e+02   6.3316e-09 
  1.1119e+02   5.0306e-09 
  1.1121e+02   5.1313e-09 
  1.1123e+02   5.0315e-09 
  1.1125e+02   5.0310e-09 
  1.1127e+02   1.9619e-08 
  1.1129e+02   5.0319e-09 
  1.1131e+02   5.0277e-09 
  1.1133e+02   5.0291e-09 
  1.1135e+02   5.0305e-09 
  1.1137e+02   5.0281e-09 
  1.1139e+02   5.0295e-09 
  1.1141e+02   5.0349e-09 
  1.1143e+02   5.0286e-09 
  1.1145e+02   5.0262e-09 
  1.1147e+02   5.0276e-09 
  1.1149e+02   5.0252e-09 
  1.1151e+02   5.0266e-09 
  1.1153e+02   5.0261e-09 
  1.1155e+02   1.6464e-08 
  1.1157e+02   5.0252e-09 
  1.1159e+02   5.0228e-09 
  1.1161e+02   5.0605e-09 
  1.1163e+02   5.4151e-09 
  1.1165e+02   5.0251e-09 
  1.1167e+02   5.0344e-09 
  1.1169e+02   5.1911e-09 
  1.1171e+02   8.3752e-09 
  1.1173e+02   5.0212e-09 
  1.1175e+02   1.2732e-08 
  1.1177e+02   5.0202e-09 
  1.1179e+02   5.0259e-09 
  1.1181e+02   1.3529e-08 
  1.1183e+02   5.0187e-09 
  1.1185e+02   5.4805e-09 
  1.1187e+02   9.0214e-09 
  1.1189e+02   5.0842e-09 
  1.1191e+02   5.0185e-09 
  1.1193e+02   5.0180e-09 
  1.1195e+02   5.0156e-09 
  1.1197e+02   5.2667e-09 
  1.1199e+02   5.5289e-09 
  1.1201e+02   5.0221e-09 
  1.1203e+02   5.0155e-09 
  1.1205e+02   5.0131e-09 
  1.1207e+02   5.0170e-09 
  1.1209e+02   5.0120e-09 
  1.1211e+02   5.7484e-09 
  1.1213e+02   5.0129e-09 
  1.1215e+02   5.2270e-09 
  1.1217e+02   5.0119e-09 
  1.1219e+02   5.0113e-09 
  1.1221e+02   5.0127e-09 
  1.1223e+02   5.0103e-09 
  1.1225e+02   5.0116e-09 
  1.1227e+02   1.3108e-08 
  1.1229e+02   5.0104e-09 
  1.1231e+02   5.2855e-09 
  1.1233e+02   5.0072e-09 
  1.1235e+02   5.0085e-09 
  1.1237e+02   5.0079e-09 
  1.1239e+02   5.0073e-09 
  1.1241e+02   5.0067e-09 
  1.1243e+02   5.0061e-09 
  1.1245e+02   5.0055e-09 
  1.1247e+02   5.0049e-09 
  1.1249e+02   5.0043e-09 
  1.1251e+02   5.5631e-09 
  1.1253e+02   5.0050e-09 
  1.1255e+02   5.0025e-09 
  1.1257e+02   5.0037e-09 
  1.1259e+02   5.0012e-09 
  1.1261e+02   5.0025e-09 
  1.1263e+02   5.0000e-09 
  1.1265e+02   5.0434e-09 
  1.1267e+02   5.0007e-09 
  1.1269e+02   4.9981e-09 
  1.1271e+02   4.9994e-09 
  1.1273e+02   4.9988e-09 
  1.1275e+02   5.1945e-09 
  1.1277e+02   4.9956e-09 
  1.1279e+02   5.1131e-09 
  1.1281e+02   4.9963e-09 
  1.1283e+02   4.9957e-09 
  1.1285e+02   4.9970e-09 
  1.1287e+02   4.9944e-09 
  1.1289e+02   5.3930e-09 
  1.1291e+02   4.9932e-09 
  1.1293e+02   4.9986e-09 
  1.1295e+02   4.9938e-09 
  1.1297e+02   5.0223e-09 
  1.1299e+02   5.0053e-09 
  1.1301e+02   4.9900e-09 
  1.1303e+02   4.9932e-09 
  1.1305e+02   4.9906e-09 
  1.1307e+02   4.9900e-09 
  1.1309e+02   5.3942e-09 
  1.1311e+02   4.9906e-09 
  1.1313e+02   5.1678e-09 
  1.1315e+02   5.0069e-09 
  1.1317e+02   5.0574e-09 
  1.1319e+02   4.9975e-09 
  1.1321e+02   4.9874e-09 
  1.1323e+02   4.9868e-09 
  1.1325e+02   4.9861e-09 
  1.1327e+02   5.0513e-09 
  1.1329e+02   4.9869e-09 
  1.1331e+02   4.9825e-09 
  1.1333e+02   5.1049e-09 
  1.1335e+02   4.9948e-09 
  1.1337e+02   4.9828e-09 
  1.1339e+02   4.9841e-09 
  1.1341e+02   4.9835e-09 
  1.1343e+02   4.9830e-09 
  1.1345e+02   6.0382e-09 
  1.1347e+02   5.0276e-09 
  1.1349e+02   5.4505e-09 
  1.1351e+02   5.0426e-09 
  1.1353e+02   4.9820e-09 
  1.1355e+02   4.9795e-09 
  1.1357e+02   4.9809e-09 
  1.1359e+02   5.0920e-09 
  1.1361e+02   5.0154e-09 
  1.1363e+02   5.0065e-09 
  1.1365e+02   4.9786e-09 
  1.1367e+02   4.9780e-09 
  1.1369e+02   4.9755e-09 
  1.1371e+02   4.9788e-09 
  1.1373e+02   4.9789e-09 
  1.1375e+02   5.0859e-09 
  1.1377e+02   5.0556e-09 
  1.1379e+02   4.9764e-09 
  1.1381e+02   5.0131e-09 
  1.1383e+02   4.9928e-09 
  1.1385e+02   4.9864e-09 
  1.1387e+02   4.9722e-09 
  1.1389e+02   4.9735e-09 
  1.1391e+02   5.9408e-09 
  1.1393e+02   4.9743e-09 
  1.1395e+02   4.9923e-09 
  1.1397e+02   4.9731e-09 
  1.1399e+02   9.9517e-09 
  1.1401e+02   4.9699e-09 
  1.1403e+02   4.9713e-09 
  1.1405e+02   5.3920e-09 
  1.1407e+02   9.6440e-09 
  1.1409e+02   4.9675e-09 
  1.1411e+02   4.9708e-09 
  1.1413e+02   2.7533e-08 
  1.1415e+02   4.9696e-09 
  1.1417e+02   4.9725e-09 
  1.1419e+02   4.9665e-09 
  1.1421e+02   4.9678e-09 
  1.1423e+02   8.8106e-09 
  1.1425e+02   2.1711e-08 
  1.1427e+02   5.0323e-09 
  1.1429e+02   4.9673e-09 
  1.1431e+02   1.5791e-08 
  1.1433e+02   4.9623e-09 
  1.1435e+02   5.3348e-09 
  1.1437e+02   4.9631e-09 
  1.1439e+02   4.9645e-09 
  1.1441e+02   4.9619e-09 
  1.1443e+02   4.9652e-09 
  1.1445e+02   4.9608e-09 
  1.1447e+02   5.1479e-09 
  1.1449e+02   4.9596e-09 
  1.1451e+02   4.9610e-09 
  1.1453e+02   4.9623e-09 
  1.1455e+02   4.9940e-09 
  1.1457e+02   4.9611e-09 
  1.1459e+02   4.9586e-09 
  1.1461e+02   4.9600e-09 
  1.1463e+02   4.9594e-09 
  1.1465e+02   4.9588e-09 
  1.1467e+02   4.9582e-09 
  1.1469e+02   4.9576e-09 
  1.1471e+02   4.9590e-09 
  1.1473e+02   4.9564e-09 
  1.1475e+02   4.9578e-09 
  1.1477e+02   4.9552e-09 
  1.1479e+02   4.9585e-09 
  1.1481e+02   4.9540e-09 
  1.1483e+02   4.9554e-09 
  1.1485e+02   4.9548e-09 
  1.1487e+02   4.9542e-09 
  1.1489e+02   4.9555e-09 
  1.1491e+02   5.2622e-09 
  1.1493e+02   4.9563e-09 
  1.1495e+02   4.9622e-09 
  1.1497e+02   4.9531e-09 
  1.1499e+02   4.9525e-09 
  1.1501e+02   4.9519e-09 
  1.1503e+02   4.9532e-09 
  1.1505e+02   4.9507e-09 
  1.1507e+02   4.9520e-09 
  1.1509e+02   4.9494e-09 
  1.1511e+02   4.9546e-09 
  1.1513e+02   4.9502e-09 
  1.1515e+02   4.9495e-09 
  1.1517e+02   4.9525e-09 
  1.1519e+02   4.9483e-09 
  1.1521e+02   5.1635e-09 
  1.1523e+02   7.0474e-09 
  1.1525e+02   1.0295e-08 
  1.1527e+02   4.9534e-09 
  1.1529e+02   5.0317e-09 
  1.1531e+02   4.9465e-09 
  1.1533e+02   8.4903e-09 
  1.1535e+02   4.9472e-09 
  1.1537e+02   4.9446e-09 
  1.1539e+02   2.5186e-08 
  1.1541e+02   4.9433e-09 
  1.1543e+02   7.4077e-09 
  1.1545e+02   4.9419e-09 
  1.1547e+02   4.9452e-09 
  1.1549e+02   4.9425e-09 
  1.1551e+02   4.9418e-09 
  1.1553e+02   2.2635e-08 
  1.1555e+02   4.9468e-09 
  1.1557e+02   4.9437e-09 
  1.1559e+02   4.9391e-09 
  1.1561e+02   4.9424e-09 
  1.1563e+02   4.9397e-09 
  1.1565e+02   4.9450e-09 
  1.1567e+02   4.9383e-09 
  1.1569e+02   4.9376e-09 
  1.1571e+02   4.9389e-09 
  1.1573e+02   4.9382e-09 
  1.1575e+02   4.9375e-09 
  1.1577e+02   4.9412e-09 
  1.1579e+02   4.9381e-09 
  1.1581e+02   4.9354e-09 
  1.1583e+02   2.1842e-07 
  1.1585e+02   4.9360e-09 
  1.1587e+02   4.9333e-09 
  1.1589e+02   4.9400e-09 
  1.1591e+02   4.9391e-09 
  1.1593e+02   4.9352e-09 
  1.1595e+02   5.1657e-09 
  1.1597e+02   4.9338e-09 
  1.1599e+02   4.9331e-09 
  1.1601e+02   4.9304e-09 
  1.1603e+02   4.9337e-09 
  1.1605e+02   4.9351e-09 
  1.1607e+02   4.9322e-09 
  1.1609e+02   5.2866e-09 
  1.1611e+02   4.9308e-09 
  1.1613e+02   4.9281e-09 
  1.1615e+02   4.9314e-09 
  1.1617e+02   4.9287e-09 
  1.1619e+02   4.9331e-09 
  1.1621e+02   4.9292e-09 
  1.1623e+02   4.9297e-09 
  1.1625e+02   4.9278e-09 
  1.1627e+02   4.9271e-09 
  1.1629e+02   4.9264e-09 
  1.1631e+02   4.9299e-09 
  1.1633e+02   4.9249e-09 
  1.1635e+02   4.8560e-08 
  1.1637e+02   4.9235e-09 
  1.1639e+02   4.9268e-09 
  1.1641e+02   5.0043e-09 
  1.1643e+02   2.8905e-08 
  1.1645e+02   4.9226e-09 
  1.1647e+02   4.9239e-09 
  1.1649e+02   4.9352e-09 
  1.1651e+02   5.2449e-09 
  1.1653e+02   4.9218e-09 
  1.1655e+02   4.9211e-09 
  1.1657e+02   5.3145e-09 
  1.1659e+02   4.9217e-09 
  1.1661e+02   4.9209e-09 
  1.1663e+02   4.9182e-09 
  1.1665e+02   4.9195e-09 
  1.1667e+02   4.9223e-09 
  1.1669e+02   1.6121e-07 
  1.1671e+02   4.9194e-09 
  1.1673e+02   4.9171e-09 
  1.1675e+02   4.9825e-09 
  1.1677e+02   4.9173e-09 
  1.1679e+02   4.9165e-09 
  1.1681e+02   6.8515e-09 
  1.1683e+02   4.9151e-09 
  1.1685e+02   4.9812e-09 
  1.1687e+02   4.9137e-09 
  1.1689e+02   4.9170e-09 
  1.1691e+02   4.9122e-09 
  1.1693e+02   4.9155e-09 
  1.1695e+02   4.9128e-09 
  1.1697e+02   7.2553e-09 
  1.1699e+02   4.9155e-09 
  1.1701e+02   5.0827e-09 
  1.1703e+02   5.5403e-09 
  1.1705e+02   4.9091e-09 
  1.1707e+02   4.9125e-09 
  1.1709e+02   4.9097e-09 
  1.1711e+02   4.9152e-09 
  1.1713e+02   4.9082e-09 
  1.1715e+02   4.9116e-09 
  1.1717e+02   4.9088e-09 
  1.1719e+02   5.4173e-09 
  1.1721e+02   4.9357e-09 
  1.1723e+02   6.2592e-09 
  1.1725e+02   4.9099e-09 
  1.1727e+02   4.9170e-09 
  1.1729e+02   4.9671e-09 
  1.1731e+02   5.6827e-09 
  1.1733e+02   2.6865e-08 
  1.1735e+02   4.9082e-09 
  1.1737e+02   4.9088e-09 
  1.1739e+02   4.9071e-09 
  1.1741e+02   4.8978e-08 
  1.1743e+02   5.2249e-09 
  1.1745e+02   4.9042e-09 
  1.1747e+02   6.7723e-09 
  1.1749e+02   7.5548e-09 
  1.1751e+02   4.9338e-09 
  1.1753e+02   4.9036e-09 
  1.1755e+02   4.9008e-09 
  1.1757e+02   4.9041e-09 
  1.1759e+02   4.8992e-09 
  1.1761e+02   5.3970e-09 
  1.1763e+02   4.8997e-09 
  1.1765e+02   4.9538e-09 
  1.1767e+02   4.8982e-09 
  1.1769e+02   4.8994e-09 
  1.1771e+02   4.8987e-09 
  1.1773e+02   4.8979e-09 
  1.1775e+02   4.8992e-09 
  1.1777e+02   4.8963e-09 
  1.1779e+02   4.8976e-09 
  1.1781e+02   5.3855e-09 
  1.1783e+02   4.9492e-09 
  1.1785e+02   1.3313e-07 
  1.1787e+02   4.9042e-09 
  1.1789e+02   4.8957e-09 
  1.1791e+02   4.8950e-09 
  1.1793e+02   4.9061e-09 
  1.1795e+02   4.8934e-09 
  1.1797e+02   4.8947e-09 
  1.1799e+02   4.8918e-09 
  1.1801e+02   4.9001e-09 
  1.1803e+02   4.9206e-09 
  1.1805e+02   4.8915e-09 
  1.1807e+02   4.8928e-09 
  1.1809e+02   4.8899e-09 
  1.1811e+02   4.8932e-09 
  1.1813e+02   4.9517e-09 
  1.1815e+02   4.8916e-09 
  1.1817e+02   4.9793e-09 
  1.1819e+02   4.9084e-09 
  1.1821e+02   4.8913e-09 
  1.1823e+02   4.8864e-09 
  1.1825e+02   4.8897e-09 
  1.1827e+02   4.8868e-09 
  1.1829e+02   4.8881e-09 
  1.1831e+02   4.8852e-09 
  1.1833e+02   4.8865e-09 
  1.1835e+02   4.8857e-09 
  1.1837e+02   4.8849e-09 
  1.1839e+02   4.8861e-09 
  1.1841e+02   4.8853e-09 
  1.1843e+02   4.8845e-09 
  1.1845e+02   4.8883e-09 
  1.1847e+02   4.9230e-09 
  1.1849e+02   4.8821e-09 
  1.1851e+02   4.8813e-09 
  1.1853e+02   4.8846e-09 
  1.1855e+02   4.8797e-09 
  1.1857e+02   4.8927e-09 
  1.1859e+02   4.8801e-09 
  1.1861e+02   4.8834e-09 
  1.1863e+02   4.0452e-08 
  1.1865e+02   4.8880e-09 
  1.1867e+02   5.9105e-09 
  1.1869e+02   4.8781e-09 
  1.1871e+02   4.8793e-09 
  1.1873e+02   4.8785e-09 
  1.1875e+02   4.8777e-09 
  1.1877e+02   4.8768e-09 
  1.1879e+02   4.8802e-09 
  1.1881e+02   4.8752e-09 
  1.1883e+02   4.8764e-09 
  1.1885e+02   4.8756e-09 
  1.1887e+02   4.8748e-09 
  1.1889e+02   4.8883e-09 
  1.1891e+02   4.8752e-09 
  1.1893e+02   4.8777e-09 
  1.1895e+02   4.8736e-09 
  1.1897e+02   6.3084e-08 
  1.1899e+02   4.8719e-09 
  1.1901e+02   4.8766e-09 
  1.1903e+02   4.8723e-09 
  1.1905e+02   4.8745e-09 
  1.1907e+02   4.9021e-09 
  1.1909e+02   4.8753e-09 
  1.1911e+02   4.8992e-09 
  1.1913e+02   4.8705e-09 
  1.1915e+02   4.8718e-09 
  1.1917e+02   4.8685e-09 
  1.1919e+02   4.8677e-09 
  1.1921e+02   4.8710e-09 
  1.1923e+02   4.8681e-09 
  1.1925e+02   4.8740e-09 
  1.1927e+02   4.8685e-09 
  1.1929e+02   4.8676e-09 
  1.1931e+02   9.3795e-09 
  1.1933e+02   7.2013e-08 
  1.1935e+02   4.8672e-09 
  1.1937e+02   4.8642e-09 
  1.1939e+02   4.8655e-09 
  1.1941e+02   4.8706e-09 
  1.1943e+02   4.8659e-09 
  1.1945e+02   4.9127e-09 
  1.1947e+02   4.8696e-09 
  1.1949e+02   4.8633e-09 
  1.1951e+02   4.8685e-09 
  1.1953e+02   4.8637e-09 
  1.1955e+02   4.8608e-09 
  1.1957e+02   4.8641e-09 
  1.1959e+02   4.8591e-09 
  1.1961e+02   4.8624e-09 
  1.1963e+02   4.8594e-09 
  1.1965e+02   4.8628e-09 
  1.1967e+02   1.6840e-08 
  1.1969e+02   4.8590e-09 
  1.1971e+02   4.8602e-09 
  1.1973e+02   4.8573e-09 
  1.1975e+02   4.8606e-09 
  1.1977e+02   4.8644e-09 
  1.1979e+02   4.8712e-09 
  1.1981e+02   4.8580e-09 
  1.1983e+02   1.0815e-08 
  1.1985e+02   4.8584e-09 
  1.1987e+02   4.8555e-09 
  1.1989e+02   4.8567e-09 
  1.1991e+02   4.8538e-09 
  1.1993e+02   4.8551e-09 
  1.1995e+02   4.8542e-09 
  1.1997e+02   4.9372e-09 
  1.1999e+02   4.8525e-09 
  1.2003e+02   2.5634e-08 
  1.2010e+02   1.7084e-08 
  1.2017e+02   1.7256e-08 
  1.2024e+02   1.9203e-08 
  1.2031e+02   1.9865e-07 
  1.2038e+02   2.1240e-08 
  1.2045e+02   4.0570e-08 
  1.2052e+02   1.6418e-07 
  1.2059e+02   1.6951e-08 
  1.2066e+02   1.6948e-08 
  1.2073e+02   1.6938e-08 
  1.2080e+02   1.8351e-08 
  1.2087e+02   1.9289e-08 
  1.2094e+02   2.0352e-08 
  1.2101e+02   1.8647e-08 
  1.2108e+02   4.3211e-08 
  1.2115e+02   2.6278e-08 
  1.2122e+02   2.0621e-08 
  1.2129e+02   1.7666e-08 
  1.2136e+02   1.6936e-08 
  1.2143e+02   1.6888e-08 
  1.2150e+02   1.6875e-08 
  1.2157e+02   1.6860e-08 
  1.2164e+02   1.6889e-08 
  1.2171e+02   1.6886e-08 
  1.2178e+02   1.6949e-08 
  1.2185e+02   1.8857e-08 
  1.2192e+02   1.7660e-08 
  1.2199e+02   1.6826e-08 
  1.2206e+02   1.6819e-08 
  1.2213e+02   1.7479e-08 
  1.2220e+02   1.6796e-08 
  1.2227e+02   1.6800e-08 
  1.2234e+02   1.6795e-08 
  1.2241e+02   1.6793e-08 
  1.2248e+02   9.0115e-07 
  1.2255e+02   1.6783e-08 
  1.2262e+02   1.6776e-08 
  1.2269e+02   3.6223e-07 
  1.2276e+02   1.6762e-08 
  1.2283e+02   1.6763e-08 
  1.2290e+02   1.6763e-08 
  1.2297e+02   5.2716e-08 
  1.2304e+02   2.9752e-08 
  1.2311e+02   1.7409e-08 
  1.2318e+02   1.6740e-08 
  1.2325e+02   1.6737e-08 
  1.2332e+02   1.6731e-08 
  1.2339e+02   1.7039e-08 
  1.2346e+02   1.6966e-08 
  1.2353e+02   1.6719e-08 
  1.2360e+02   1.6707e-08 
  1.2367e+02   1.6711e-08 
  1.2374e+02   1.6926e-08 
  1.2381e+02   1.6729e-08 
  1.2388e+02   1.6697e-08 
  1.2395e+02   1.9601e-08 
  1.2402e+02   2.0464e-08 
  1.2409e+02   1.6791e-08 
  1.2416e+02   1.6692e-08 
  1.2423e+02   1.6669e-08 
  1.2430e+02   1.6670e-08 
  1.2437e+02   1.6667e-08 
  1.2444e+02   1.6679e-08 
  1.2451e+02   1.6652e-08 
  1.2458e+02   1.6663e-08 
  1.2465e+02   1.6650e-08 
  1.2472e+02   1.6646e-08 
  1.2479e+02   2.2811e-08 
  1.2486e+02   1.6646e-08 
  1.2493e+02   1.6649e-08 
  1.2500e+02   1.6626e-08 
  1.2507e+02   1.6790e-08 
  1.2514e+02   1.6799e-08 
  1.2521e+02   1.6641e-08 
  1.2528e+02   1.6608e-08 
  1.2535e+02   1.8482e-08 
  1.2542e+02   1.6598e-08 
  1.2549e+02   2.0374e-08 
  1.2556e+02   1.6968e-08 
  1.2563e+02   1.6686e-08 
  1.2570e+02   1.6575e-08 
  1.2577e+02   1.6575e-08 
  1.2584e+02   1.6574e-08 
  1.2591e+02   1.6574e-08 
  1.2598e+02   1.6541e-08 
  1.2605e+02   1.6529e-08 
  1.2612e+02   1.6520e-08 
  1.2619e+02   1.6498e-08 
  1.2626e+02   1.6477e-08 
  1.2633e+02   1.7528e-08 
  1.2640e+02   1.6450e-08 
  1.2647e+02   2.5458e-08 
  1.2654e+02   1.6411e-08 
  1.2661e+02   1.6402e-08 
  1.2668e+02   1.6386e-08 
  1.2675e+02   1.6370e-08 
  1.2682e+02   3.4686e-08 
  1.2689e+02   1.6341e-08 
  1.2696e+02   1.6322e-08 
  1.2703e+02   1.6306e-08 
  1.2710e+02   1.6283e-08 
  1.2717e+02   1.6318e-08 
  1.2724e+02   1.6359e-08 
  1.2731e+02   1.6259e-08 
  1.2738e+02   1.7645e-08 
  1.2745e+02   1.6242e-08 
  1.2752e+02   1.6240e-08 
  1.2759e+02   1.9037e-08 
  1.2766e+02   1.6375e-07 
  1.2773e+02   1.9653e-08 
  1.2780e+02   1.6640e-08 
  1.2787e+02   2.7345e-08 
  1.2794e+02   2.2138e-08 
  1.2801e+02   1.6193e-08 
  1.2808e+02   3.2299e-08 
  1.2815e+02   5.9571e-08 
  1.2822e+02   2.4955e-08 
  1.2829e+02   1.6652e-08 
  1.2836e+02   1.6318e-08 
  1.2843e+02   5.5671e-08 
  1.2850e+02   1.4581e-07 
  1.2857e+02   1.6262e-08 
  1.2864e+02   1.6637e-08 
  1.2871e+02   1.7108e-08 
  1.2878e+02   1.6156e-08 
  1.2885e+02   1.6137e-08 
  1.2892e+02   1.6229e-08 
  1.2899e+02   1.6587e-08 
  1.2906e+02   1.6292e-08 
  1.2913e+02   1.6138e-08 
  1.2920e+02   1.6371e-08 
  1.2927e+02   1.6312e-08 
  1.2934e+02   1.6486e-08 
  1.2941e+02   1.6123e-08 
  1.2948e+02   1.6108e-08 
  1.2955e+02   1.6102e-08 
  1.2962e+02   1.6225e-08 
  1.2969e+02   1.6180e-08 
  1.2976e+02   1.5824e-07 
  1.2983e+02   1.6086e-08 
  1.2990e+02   3.0980e-07 
  1.2997e+02   3.5738e-08 
  1.3004e+02   4.5613e-08 
  1.3011e+02   1.6094e-08 
  1.3018e+02   1.6088e-08 
  1.3025e+02   1.9171e-08 
  1.3032e+02   1.6060e-08 
  1.3039e+02   1.7162e-07 
  1.3046e+02   1.6157e-08 
  1.3053e+02   1.8034e-08 
  1.3060e+02   1.6181e-08 
  1.3067e+02   1.6110e-08 
  1.3074e+02   1.6035e-08 
  1.3081e+02   1.6032e-08 
  1.3088e+02   1.6027e-08 
  1.3095e+02   1.7479e-07 
  1.3102e+02   1.6271e-08 
  1.3109e+02   1.6048e-08 
  1.3116e+02   1.6018e-08 
  1.3123e+02   4.7826e-08 
  1.3130e+02   1.6350e-08 
  1.3137e+02   3.0896e-08 
  1.3144e+02   1.6176e-08 
  1.3151e+02   1.5988e-08 
  1.3158e+02   2.5812e-08 
  1.3165e+02   1.6896e-08 
  1.3172e+02   1.5984e-08 
  1.3179e+02   1.6390e-08 
  1.3186e+02   1.6308e-08 
  1.3193e+02   3.3485e-08 
  1.3200e+02   1.6187e-08 
  1.3207e+02   1.5998e-08 
  1.3214e+02   1.6101e-08 
  1.3221e+02   9.8892e-08 
  1.3228e+02   1.7950e-07 
  1.3235e+02   1.6007e-08 
  1.3242e+02   1.6196e-08 
  1.3249e+02   1.5945e-08 
  1.3256e+02   1.6274e-08 
  1.3263e+02   1.8581e-08 
  1.3270e+02   1.5989e-08 
  1.3277e+02   6.0737e-08 
  1.3284e+02   7.4383e-08 
  1.3291e+02   2.1502e-08 
  1.3298e+02   1.6036e-08 
  1.3305e+02   1.5921e-08 
  1.3312e+02   1.6429e-08 
  1.3319e+02   1.6050e-08 
  1.3326e+02   1.9325e-08 
  1.3333e+02   1.5907e-08 
  1.3340e+02   1.5980e-08 
  1.3347e+02   5.0455e-08 
  1.3354e+02   5.4762e-08 
  1.3361e+02   1.6189e-08 
  1.3368e+02   1.5892e-08 
  1.3375e+02   4.4166e-08 
  1.3382e+02   1.5906e-08 
  1.3389e+02   2.5568e-08 
  1.3396e+02   3.4514e-08 
  1.3403e+02   1.6085e-08 
  1.3410e+02   1.6673e-08 
  1.3417e+02   1.5928e-08 
  1.3424e+02   4.3946e-08 
  1.3431e+02   1.5863e-08 
  1.3438e+02   1.5859e-08 
  1.3445e+02   1.5863e-08 
  1.3452e+02   1.5984e-08 
  1.3459e+02   1.5859e-08 
  1.3466e+02   1.5890e-08 
  1.3473e+02   1.5861e-08 
  1.3480e+02   1.5843e-08 
  1.3487e+02   2.2232e-08 
  1.3494e+02   3.1197e-08 
  1.3501e+02   3.9203e-08 
  1.3508e+02   1.5849e-08 
  1.3515e+02   1.5823e-08 
  1.3522e+02   1.5819e-08 
  1.3529e+02   1.6539e-08 
  1.3536e+02   2.0810e-08 
  1.3543e+02   2.0820e-08 
  1.3550e+02   2.8612e-08 
  1.3557e+02   1.6663e-08 
  1.3564e+02   1.5798e-08 
  1.3571e+02   1.6323e-08 
  1.3578e+02   1.6487e-08 
  1.3585e+02   1.4016e-07 
  1.3592e+02   1.5790e-08 
  1.3599e+02   1.5784e-08 
  1.3606e+02   1.5794e-08 
  1.3613e+02   1.5823e-08 
  1.3620e+02   1.5815e-08 
  1.3627e+02   2.1432e-08 
  1.3634e+02   1.9496e-08 
  1.3641e+02   1.5764e-08 
  1.3648e+02   3.0901e-08 
  1.3655e+02   1.5760e-08 
  1.3662e+02   1.5756e-08 
  1.3669e+02   1.7074e-08 
  1.3676e+02   1.5742e-08 
  1.3683e+02   1.5747e-08 
  1.3690e+02   1.5853e-08 
  1.3697e+02   1.5740e-08 
  1.3704e+02   1.5733e-08 
  1.3711e+02   1.5734e-08 
  1.3718e+02   9.2370e-08 
  1.3725e+02   1.5730e-08 
  1.3732e+02   1.7392e-08 
  1.3739e+02   1.6011e-08 
  1.3746e+02   1.5721e-08 
  1.3753e+02   2.5946e-07 
  1.3760e+02   1.5743e-08 
  1.3767e+02   1.5711e-08 
  1.3774e+02   1.5709e-08 
  1.3781e+02   1.5707e-08 
  1.3788e+02   1.5702e-08 
  1.3795e+02   1.5807e-08 
  1.3802e+02   1.5757e-08 
  1.3809e+02   1.5695e-08 
  1.3816e+02   1.5693e-08 
  1.3823e+02   1.5683e-08 
  1.3830e+02   1.5685e-08 
  1.3837e+02   3.4074e-08 
  1.3844e+02   1.6196e-08 
  1.3851e+02   1.5836e-08 
  1.3858e+02   4.8867e-08 
  1.3865e+02   8.4612e-08 
  1.3872e+02   1.6128e-08 
  1.3879e+02   1.7534e-08 
  1.3886e+02   2.0454e-08 
  1.3893e+02   1.5844e-08 
  1.3900e+02   1.5698e-08 
  1.3907e+02   1.7076e-08 
  1.3914e+02   1.5669e-08 
  1.3921e+02   1.5633e-08 
  1.3928e+02   1.5670e-08 
  1.3935e+02   1.5751e-08 
  1.3942e+02   1.5706e-08 
  1.3949e+02   1.5615e-08 
  1.3956e+02   1.5673e-08 
  1.3963e+02   1.5653e-08 
  1.3970e+02   1.5629e-08 
  1.3977e+02   1.5603e-08 
  1.3984e+02   1.5613e-08 
  1.3991e+02   1.6905e-08 
  1.3998e+02   1.5790e-08 
  1.4005e+02   1.5879e-08 
  1.4012e+02   1.5766e-08 
  1.4019e+02   1.6873e-08 
  1.4026e+02   1.5584e-08 
  1.4033e+02   1.5564e-08 
  1.4040e+02   1.5565e-08 
  1.4047e+02   1.5599e-08 
  1.4054e+02   1.5591e-08 
  1.4061e+02   2.3844e-07 
  1.4068e+02   1.5550e-08 
  1.4075e+02   1.5594e-08 
  1.4082e+02   1.5538e-08 
  1.4089e+02   1.5543e-08 
  1.4096e+02   5.2863e-08 
  1.4103e+02   1.7187e-07 
  1.4110e+02   1.5834e-08 
  1.4117e+02   1.5589e-08 
  1.4124e+02   1.5532e-08 
  1.4131e+02   1.5522e-08 
  1.4138e+02   1.5604e-08 
  1.4145e+02   1.5536e-08 
  1.4152e+02   1.5562e-08 
  1.4159e+02   1.6024e-08 
  1.4166e+02   2.0902e-08 
  1.4173e+02   1.5504e-08 
  1.4180e+02   1.5534e-08 
  1.4187e+02   1.5551e-08 
  1.4194e+02   1.5497e-08 
  1.4201e+02   1.5487e-08 
  1.4208e+02   1.5524e-08 
  1.4215e+02   1.5972e-08 
  1.4222e+02   1.5484e-08 
  1.4229e+02   1.5942e-08 
  1.4236e+02   2.2317e-08 
  1.4243e+02   1.0285e-07 
  1.4250e+02   1.3494e-07 
  1.4257e+02   1.9624e-08 
  1.4264e+02   1.6498e-07 
  1.4271e+02   6.0842e-08 
  1.4278e+02   1.5474e-08 
  1.4285e+02   1.5454e-08 
  1.4292e+02   1.5455e-08 
  1.4299e+02   1.5558e-08 
  1.4306e+02   1.8588e-08 
  1.4313e+02   1.5445e-08 
  1.4320e+02   1.0593e-06 
  1.4327e+02   7.5669e-07 
  1.4334e+02   8.9158e-08 
  1.4341e+02   6.2872e-08 
  1.4348e+02   1.5458e-08 
  1.4355e+02   1.6036e-08 
  1.4362e+02   1.5427e-08 
  1.4369e+02   1.5433e-08 
  1.4376e+02   1.5413e-08 
  1.4383e+02   1.5768e-08 
  1.4390e+02   1.5592e-08 
  1.4397e+02   1.5408e-08 
  1.4404e+02   1.5406e-08 
  1.4411e+02   1.5462e-08 
  1.4418e+02   1.5740e-08 
  1.4425e+02   1.5420e-08 
  1.4432e+02   4.3612e-07 
  1.4439e+02   1.5392e-08 
  1.4446e+02   1.5390e-08 
  1.4453e+02   1.5383e-08 
  1.4460e+02   1.5430e-08 
  1.4467e+02   1.5380e-08 
  1.4474e+02   2.6195e-08 
  1.4481e+02   1.5376e-08 
  1.4488e+02   2.8796e-08 
  1.4495e+02   4.6746e-08 
  1.4502e+02   1.6824e-08 
  1.4509e+02   1.5366e-08 
  1.4516e+02   1.7261e-08 
  1.4523e+02   1.5362e-08 
  1.4530e+02   1.5351e-08 
  1.4537e+02   1.5359e-08 
  1.4544e+02   1.5401e-08 
  1.4551e+02   1.5348e-08 
  1.4558e+02   1.5345e-08 
  1.4565e+02   1.5355e-08 
  1.4572e+02   1.5397e-08 
  1.4579e+02   1.7231e-08 
  1.4586e+02   1.5363e-08 
  1.4593e+02   1.5366e-08 
  1.4600e+02   1.6995e-08 
  1.4607e+02   1.5594e-08 
  1.4614e+02   1.5436e-08 
  1.4621e+02   1.5319e-08 
  1.4628e+02   1.5326e-08 
  1.4635e+02   1.5438e-08 
  1.4642e+02   1.5339e-08 
  1.4649e+02   1.5460e-08 
  1.4656e+02   1.5305e-08 
  1.4663e+02   1.5336e-08 
  1.4670e+02   1.5313e-08 
  1.4677e+02   1.5465e-08 
  1.4684e+02   1.5299e-08 
  1.4691e+02   1.5494e-08 
  1.4698e+02   1.5288e-08 
  1.4705e+02   1.5282e-08 
  1.4712e+02   1.0082e-07 
  1.4719e+02   1.5467e-08 
  1.4726e+02   8.2610e-08 
  1.4733e+02   2.9506e-08 
  1.4740e+02   1.5270e-08 
  1.4747e+02   2.6928e-08 
  1.4754e+02   1.7840e-08 
  1.4761e+02   1.7026e-08 
  1.4768e+02   1.5267e-08 
  1.4775e+02   3.9252e-07 
  1.4782e+02   1.5561e-08 
  1.4789e+02   1.5249e-08 
  1.4796e+02   1.5488e-08 
  1.4803e+02   1.5243e-08 
  1.4810e+02   1.5243e-08 
  1.4817e+02   1.9186e-08 
  1.4824e+02   1.5767e-08 
  1.4831e+02   1.6272e-08 
  1.4838e+02   1.5268e-08 
  1.4845e+02   1.5229e-08 
  1.4852e+02   1.5223e-08 
  1.4859e+02   1.5226e-08 
  1.4866e+02   1.5222e-08 
  1.4873e+02   1.6323e-08 
  1.4880e+02   1.6253e-08 
  1.4887e+02   1.8133e-08 
  1.4894e+02   1.8279e-08 
  1.4901e+02   1.5215e-08 
  1.4908e+02   1.5625e-08 
  1.4915e+02   1.5411e-08 
  1.4922e+02   1.5213e-08 
  1.4929e+02   1.6165e-08 
  1.4936e+02   1.5861e-08 
  1.4943e+02   1.6014e-08 
  1.4950e+02   1.5186e-08 
  1.4957e+02   1.5670e-08 
  1.4964e+02   1.5183e-08 
  1.4971e+02   1.5279e-08 
  1.4978e+02   1.5174e-08 
  1.4985e+02   1.5177e-08 
  1.4992e+02   2.1665e-08 
  1.4999e+02   1.5840e-08 
  1.5006e+02   1.0154e-06 
  1.5013e+02   5.1535e-07 
  1.5020e+02   1.5599e-08 
  1.5027e+02   1.5158e-08 
  1.5034e+02   1.5158e-08 
  1.5041e+02   1.5159e-08 
  1.5048e+02   1.5195e-08 
  1.5055e+02   1.5242e-08 
  1.5062e+02   1.5148e-08 
  1.5069e+02   1.5142e-08 
  1.5076e+02   1.5184e-08 
  1.5083e+02   1.5644e-08 
  1.5090e+02   1.7668e-08 
  1.5097e+02   1.5138e-08 
  1.5104e+02   1.6085e-08 
  1.5111e+02   1.5132e-08 
  1.5118e+02   1.5131e-08 
  1.5125e+02   1.5121e-08 
  1.5132e+02   1.5147e-08 
  1.5139e+02   1.2111e-07 
  1.5146e+02   1.5117e-08 
  1.5153e+02   1.8036e-08 
  1.5160e+02   1.4892e-07 
  1.5167e+02   1.5107e-08 
  1.5174e+02   1.5115e-08 
  1.5181e+02   1.5558e-08 
  1.5188e+02   2.3417e-08 
  1.5195e+02   1.5102e-08 
  1.5202e+02   1.5093e-08 
  1.5209e+02   1.5112e-08 
  1.5216e+02   1.9015e-08 
  1.5223e+02   1.5108e-08 
  1.5230e+02   1.5084e-08 
  1.5237e+02   1.5083e-08 
  1.5244e+02   1.5121e-08 
  1.5251e+02   1.5085e-08 
  1.5258e+02   1.5204e-08 
  1.5265e+02   1.5080e-08 
  1.5272e+02   1.5094e-08 
  1.5279e+02   1.5070e-08 
  1.5286e+02   1.5112e-08 
  1.5293e+02   1.5074e-08 
  1.5300e+02   1.5927e-08 
  1.5307e+02   1.7282e-08 
  1.5314e+02   1.5755e-08 
  1.5321e+02   1.7558e-08 
  1.5328e+02   1.5048e-08 
  1.5335e+02   1.5047e-08 
  1.5342e+02   1.5043e-08 
  1.5349e+02   1.5396e-08 
  1.5356e+02   1.5717e-08 
  1.5363e+02   1.8550e-08 
  1.5370e+02   1.5065e-08 
  1.5377e+02   1.5794e-08 
  1.5384e+02   1.5075e-08 
  1.5391e+02   1.6907e-08 
  1.5398e+02   1.5030e-08 
  1.5405e+02   1.5018e-08 
  1.5412e+02   1.5023e-08 
  1.5419e+02   1.6898e-08 
  1.5426e+02   1.5496e-08 
  1.5433e+02   1.5011e-08 
  1.5440e+02   3.4387e-08 
  1.5447e+02   1.5044e-08 
  1.5454e+02   1.5028e-08 
  1.5461e+02   3.4600e-08 
  1.5468e+02   2.1319e-08 
  1.5475e+02   1.4996e-08 
  1.5482e+02   1.5001e-08 
  1.5489e+02   3.5933e-08 
  1.5496e+02   1.4993e-08 
  1.5503e+02   1.4988e-08 
  1.5510e+02   1.5400e-08 
  1.5517e+02   1.4983e-08 
  1.5524e+02   1.4985e-08 
  1.5531e+02   1.7316e-08 
  1.5538e+02   1.5157e-08 
  1.5545e+02   1.4978e-08 
  1.5552e+02   1.4971e-08 
  1.5559e+02   1.4972e-08 
  1.5566e+02   1.4971e-08 
  1.5573e+02   1.4967e-08 
  1.5580e+02   1.6851e-08 
  1.5587e+02   1.5094e-08 
  1.5594e+02   1.5339e-08 
  1.5601e+02   1.5191e-08 
  1.5608e+02   1.5093e-08 
  1.5615e+02   1.5143e-08 
  1.5622e+02   1.5118e-08 
  1.5629e+02   1.5697e-08 
  1.5636e+02   1.4944e-08 
  1.5643e+02   1.4974e-08 
  1.5650e+02   1.4937e-08 
  1.5657e+02   1.4939e-08 
  1.5664e+02   5.6783e-08 
  1.5671e+02   1.4009e-07 
  1.5678e+02   1.6069e-08 
  1.5685e+02   3.8579e-08 
  1.5692e+02   1.5080e-08 
  1.5699e+02   4.5126e-08 
  1.5706e+02   1.4920e-08 
  1.5713e+02   1.4915e-08 
  1.5720e+02   1.4917e-08 
  1.5727e+02   1.4911e-08 
  1.5734e+02   1.4915e-08 
  1.5741e+02   1.4905e-08 
  1.5748e+02   1.4906e-08 
  1.5755e+02   1.5012e-08 
  1.5762e+02   1.5846e-08 
  1.5769e+02   1.4897e-08 
  1.5776e+02   7.3377e-08 
  1.5783e+02   1.5172e-08 
  1.5790e+02   1.4972e-08 
  1.5797e+02   1.4901e-08 
  1.5804e+02   1.4885e-08 
  1.5811e+02   1.8462e-08 
  1.5818e+02   1.8873e-08 
  1.5825e+02   1.7689e-08 
  1.5832e+02   1.4868e-08 
  1.5839e+02   1.4857e-08 
  1.5846e+02   1.4856e-08 
  1.5853e+02   1.4852e-08 
  1.5860e+02   1.4848e-08 
  1.5867e+02   1.5149e-08 
  1.5874e+02   1.4931e-08 
  1.5881e+02   1.4835e-08 
  1.5888e+02   1.5468e-08 
  1.5895e+02   1.4823e-08 
  1.5902e+02   1.4862e-08 
  1.5909e+02   1.5028e-07 
  1.5916e+02   1.6006e-08 
  1.5923e+02   1.6239e-08 
  1.5930e+02   1.4827e-08 
  1.5937e+02   1.4908e-08 
  1.5944e+02   1.4791e-08 
  1.5951e+02   1.4787e-08 
  1.5958e+02   1.4993e-08 
  1.5965e+02   1.4785e-08 
  1.5972e+02   1.4770e-08 
  1.5979e+02   1.8083e-08 
  1.5986e+02   1.8599e-08 
  1.5993e+02   1.4769e-08 
  1.6000e+02   7.3856e-08 
  1.6007e+02   1.4764e-08 
  1.6014e+02   1.5331e-08 
  1.6021e+02   1.4750e-08 
  1.6028e+02   1.5838e-08 
  1.6035e+02   1.4751e-08 
  1.6042e+02   1.6419e-08 
  1.6049e+02   1.4743e-08 
  1.6056e+02   1.5528e-08 
  1.6063e+02   1.4766e-08 
  1.6070e+02   1.4732e-08 
  1.6077e+02   1.4726e-08 
  1.6084e+02   1.4726e-08 
  1.6091e+02   1.4735e-08 
  1.6098e+02   2.3547e-08 
  1.6105e+02   1.4715e-08 
  1.6112e+02   1.5152e-08 
  1.6119e+02   1.4792e-08 
  1.6126e+02   1.4713e-08 
  1.6133e+02   1.4707e-08 
  1.6140e+02   2.5044e-08 
  1.6147e+02   1.4701e-08 
  1.6154e+02   1.4766e-08 
  1.6161e+02   4.1117e-07 
  1.6168e+02   1.4695e-08 
  1.6175e+02   6.3881e-07 
  1.6182e+02   1.4876e-08 
  1.6189e+02   1.4686e-08 
  1.6196e+02   1.4692e-08 
  1.6203e+02   1.4680e-08 
  1.6210e+02   1.4690e-08 
  1.6217e+02   1.5289e-08 
  1.6224e+02   1.4678e-08 
  1.6231e+02   1.4762e-08 
  1.6238e+02   1.4686e-08 
  1.6245e+02   1.4669e-08 
  1.6252e+02   1.5768e-08 
  1.6259e+02   1.4969e-08 
  1.6266e+02   1.4666e-08 
  1.6273e+02   1.4660e-08 
  1.6280e+02   1.4838e-08 
  1.6287e+02   1.4657e-08 
  1.6294e+02   8.4649e-08 
  1.6301e+02   1.4651e-08 
  1.6308e+02   1.4644e-08 
  1.6315e+02   1.4651e-08 
  1.6322e+02   1.5938e-08 
  1.6329e+02   1.4650e-08 
  1.6336e+02   1.4638e-08 
  1.6343e+02   1.4639e-08 
  1.6350e+02   1.4631e-08 
  1.6357e+02   1.4844e-08 
  1.6364e+02   1.4704e-08 
  1.6371e+02   1.4628e-08 
  1.6378e+02   1.4970e-08 
  1.6385e+02   1.4622e-08 
  1.6392e+02   1.4622e-08 
  1.6399e+02   1.4615e-08 
  1.6406e+02   1.4615e-08 
  1.6413e+02   2.3397e-07 
  1.6420e+02   1.4608e-08 
  1.6427e+02   1.4605e-08 
  1.6434e+02   1.4608e-08 
  1.6441e+02   1.4598e-08 
  1.6448e+02   1.4602e-08 
  1.6455e+02   1.9322e-08 
  1.6462e+02   1.4595e-08 
  1.6469e+02   1.4625e-08 
  1.6476e+02   1.4592e-08 
  1.6483e+02   7.3409e-07 
  1.6490e+02   3.6492e-08 
  1.6497e+02   1.4581e-08 
  1.6504e+02   1.4585e-08 
  1.6511e+02   2.5550e-08 
  1.6518e+02   1.4581e-08 
  1.6525e+02   1.4776e-08 
  1.6532e+02   1.7036e-08 
  1.6539e+02   1.4582e-08 
  1.6546e+02   1.4882e-08 
  1.6553e+02   3.5939e-08 
  1.6560e+02   1.4864e-08 
  1.6567e+02   1.4561e-08 
  1.6574e+02   1.4564e-08 
  1.6581e+02   1.4560e-08 
  1.6588e+02   1.4557e-08 
  1.6595e+02   1.4571e-08 
  1.6602e+02   1.4550e-08 
  1.6609e+02   1.4553e-08 
  1.6616e+02   1.4549e-08 
  1.6623e+02   1.4546e-08 
  1.6630e+02   1.4545e-08 
  1.6637e+02   1.4542e-08 
  1.6644e+02   1.4541e-08 
  1.6651e+02   1.4538e-08 
  1.6658e+02   1.4534e-08 
  1.6665e+02   1.4743e-08 
  1.6672e+02   1.4674e-08 
  1.6679e+02   1.4582e-08 
  1.6686e+02   1.4748e-08 
  1.6693e+02   1.5275e-08 
  1.6700e+02   1.4524e-08 
  1.6707e+02   1.6207e-08 
  1.6714e+02   1.4555e-08 
  1.6721e+02   1.7875e-08 
  1.6728e+02   1.4521e-08 
  1.6735e+02   1.4663e-08 
  1.6742e+02   1.2551e-07 
  1.6749e+02   4.8081e-08 
  1.6756e+02   1.4514e-08 
  1.6763e+02   2.5133e-07 
  1.6770e+02   2.9174e-07 
  1.6777e+02   1.4508e-08 
  1.6784e+02   7.4376e-08 
  1.6791e+02   3.1150e-07 
  1.6798e+02   1.4508e-08 
  1.6805e+02   1.4501e-08 
  1.6812e+02   1.4501e-08 
  1.6819e+02   1.4851e-08 
  1.6826e+02   1.6547e-08 
  1.6833e+02   1.7301e-08 
  1.6840e+02   2.0330e-07 
  1.6847e+02   1.4617e-08 
  1.6854e+02   1.4494e-08 
  1.6861e+02   1.5331e-08 
  1.6868e+02   1.4491e-08 
  1.6875e+02   1.0705e-07 
  1.6882e+02   2.5769e-07 
  1.6889e+02   5.4033e-07 
  1.6896e+02   1.4487e-08 
  1.6903e+02   1.7566e-08 
  1.6910e+02   1.4484e-08 
  1.6917e+02   1.4989e-08 
  1.6924e+02   1.4480e-08 
  1.6931e+02   1.4480e-08 
  1.6938e+02   1.4473e-08 
  1.6945e+02   1.4612e-08 
  1.6952e+02   1.4472e-08 
  1.6959e+02   1.7103e-08 
  1.6966e+02   1.4469e-08 
  1.6973e+02   1.4472e-08 
  1.6980e+02   1.4465e-08 
  1.6987e+02   1.4468e-08 
  1.6994e+02   1.4464e-08 
  1.7001e+02   1.4464e-08 
  1.7008e+02   1.4465e-08 
  1.7015e+02   1.4460e-08 
  1.7022e+02   2.7315e-08 
  1.7029e+02   1.4460e-08 
  1.7036e+02   1.4456e-08 
  1.7043e+02   1.4459e-08 
  1.7050e+02   1.4452e-08 
  1.7057e+02   1.4491e-08 
  1.7064e+02   2.9529e-08 
  1.7071e+02   1.4451e-08 
  1.7078e+02   1.4451e-08 
  1.7085e+02   1.4450e-08 
  1.7092e+02   1.4443e-08 
  1.7099e+02   1.4450e-08 
  1.7106e+02   4.0029e-06 
  1.7113e+02   1.4545e-08 
  1.7120e+02   1.4627e-08 
  1.7127e+02   1.4445e-08 
  1.7134e+02   1.4441e-08 
  1.7141e+02   1.4436e-08 
  1.7148e+02   1.4436e-08 
  1.7155e+02   3.1411e-07 
  1.7162e+02   2.5892e-07 
  1.7169e+02   2.2110e-08 
  1.7176e+02   1.4434e-08 
  1.7183e+02   1.5297e-08 
  1.7190e+02   1.4626e-08 
  1.7197e+02   1.4511e-08 
  1.7204e+02   1.4429e-08 
  1.7211e+02   1.4424e-08 
  1.7218e+02   3.9790e-06 
  1.7225e+02   1.4423e-08 
  1.7232e+02   1.4423e-08 
  1.7239e+02   1.5189e-08 
  1.7246e+02   1.4489e-08 
  1.7253e+02   1.4417e-08 
  1.7260e+02   1.4417e-08 
  1.7267e+02   1.4416e-08 
  1.7274e+02   1.4415e-08 
  1.7281e+02   1.4620e-08 
  1.7288e+02   1.4410e-08 
  1.7295e+02   1.4839e-06 
  1.7302e+02   1.4715e-08 
  1.7309e+02   2.9530e-06 
  1.7316e+02   1.4762e-08 
  1.7323e+02   1.4473e-08 
  1.7330e+02   1.4403e-08 
  1.7337e+02   1.5843e-08 
  1.7344e+02   1.4401e-08 
  1.7351e+02   1.4400e-08 
  1.7358e+02   1.4399e-08 
  1.7365e+02   1.4399e-08 
  1.7372e+02   1.6074e-08 
  1.7379e+02   1.5392e-08 
  1.7386e+02   1.4392e-08 
  1.7393e+02   9.3296e-08 
  1.7400e+02   2.0822e-08 
  1.7407e+02   1.4416e-08 
  1.7414e+02   1.4389e-08 
  1.7421e+02   1.4388e-08 
  1.7428e+02   1.4387e-08 
  1.7435e+02   1.4386e-08 
  1.7442e+02   1.5667e-08 
  1.7449e+02   1.4384e-08 
  1.7456e+02   5.1592e-08 
  1.7463e+02   1.4379e-08 
  1.7470e+02   1.4381e-08 
  1.7477e+02   1.4377e-08 
  1.7484e+02   1.4427e-08 
  1.7491e+02   1.4375e-08 
  1.7498e+02   1.4921e-08 
  1.7505e+02   1.4372e-08 
  1.7512e+02   1.4617e-08 
  1.7519e+02   1.4381e-08 
  1.7526e+02   1.5236e-08 
  1.7533e+02   1.4368e-08 
  1.7540e+02   1.4385e-08 
  1.7547e+02   1.5093e-08 
  1.7554e+02   1.4365e-08 
  1.7561e+02   1.4364e-08 
  1.7568e+02   1.4366e-08 
  1.7575e+02   1.4358e-08 
  1.7582e+02   1.5025e-08 
  1.7589e+02   1.4355e-08 
  1.7596e+02   1.4362e-08 
  1.7603e+02   1.4946e-08 
  1.7610e+02   8.3252e-08 
  1.7617e+02   1.4747e-08 
  1.7624e+02   1.4353e-08 
  1.7631e+02   1.4392e-08 
  1.7638e+02   1.4584e-08 
  1.7645e+02   1.4353e-08 
  1.7652e+02   1.4372e-08 
  1.7659e+02   1.7928e-08 
  1.7666e+02   1.4345e-08 
  1.7673e+02   9.4065e-07 
  1.7680e+02   1.4343e-08 
  1.7687e+02   1.4345e-08 
  1.7694e+02   4.0941e-07 
  1.7701e+02   1.4342e-08 
  1.7708e+02   1.4337e-08 
  1.7715e+02   1.4356e-08 
  1.7722e+02   3.8652e-08 
  1.7729e+02   1.4341e-08 
  1.7736e+02   1.4331e-08 
  1.7743e+02   1.4338e-08 
  1.7750e+02   1.4328e-08 
  1.7757e+02   1.5018e-08 
  1.7764e+02   1.4373e-08 
  1.7771e+02   1.4328e-08 
  1.7778e+02   1.4326e-08 
  1.7785e+02   1.4559e-08 
  1.7792e+02   1.4323e-08 
  1.7799e+02   1.4330e-08 
  1.7806e+02   1.4479e-08 
  1.7813e+02   1.5097e-08 
  1.7820e+02   1.4325e-08 
  1.7827e+02   1.4319e-08 
  1.7834e+02   1.4318e-08 
  1.7841e+02   1.6423e-08 
  1.7848e+02   1.4319e-08 
  1.7855e+02   2.0323e-08 
  1.7862e+02   1.4316e-08 
  1.7869e+02   1.4352e-08 
  1.7876e+02   1.4576e-08 
  1.7883e+02   1.4772e-08 
  1.7890e+02   1.5277e-08 
  1.7897e+02   1.4308e-08 
  1.7904e+02   1.4310e-08 
  1.7911e+02   1.4304e-08 
  1.7918e+02   1.5237e-08 
  1.7925e+02   1.4714e-08 
  1.7932e+02   1.4347e-08 
  1.7939e+02   1.4768e-08 
  1.7946e+02   1.4304e-08 
  1.7953e+02   1.7367e-08 
  1.7960e+02   1.4304e-08 
  1.7967e+02   1.4298e-08 
  1.7974e+02   1.4304e-08 
  1.7981e+02   1.4303e-08 
  1.7988e+02   1.4293e-08 
  1.7995e+02   3.4115e-08 
  1.8002e+02   3.9670e-08 
  1.8009e+02   1.4296e-08 
  1.8016e+02   1.4294e-08 
  1.8023e+02   1.5125e-08 
  1.8030e+02   1.9187e-07 
  1.8037e+02   3.9542e-08 
  1.8044e+02   1.6029e-08 
  1.8051e+02   5.4972e-08 
  1.8058e+02   1.4291e-08 
  1.8065e+02   1.4288e-08 
  1.8072e+02   1.9018e-08 
  1.8079e+02   1.4284e-08 
  1.8086e+02   1.4282e-08 
  1.8093e+02   1.4281e-08 
  1.8100e+02   1.4322e-08 
  1.8107e+02   1.4464e-08 
  1.8114e+02   1.4565e-08 
  1.8121e+02   1.4280e-08 
  1.8128e+02   1.4274e-08 
  1.8135e+02   1.4276e-08 
  1.8142e+02   1.4270e-08 
  1.8149e+02   4.7040e-08 
  1.8156e+02   2.0410e-08 
  1.8163e+02   1.4271e-08 
  1.8170e+02   1.4269e-08 
  1.8177e+02   1.5654e-08 
  1.8184e+02   5.6217e-08 
  1.8191e+02   1.1512e-07 
  1.8198e+02   1.8007e-07 
  1.8205e+02   1.4266e-08 
  1.8212e+02   8.2602e-08 
  1.8219e+02   1.4557e-08 
  1.8226e+02   9.2761e-08 
  1.8233e+02   1.4817e-08 
  1.8240e+02   1.4258e-08 
  1.8247e+02   1.4256e-08 
  1.8254e+02   1.4258e-08 
  1.8261e+02   1.4256e-08 
  1.8268e+02   1.0940e-07 
  1.8275e+02   1.4251e-08 
  1.8282e+02   2.3374e-07 
  1.8289e+02   2.5253e-07 
  1.8296e+02   1.4256e-08 
  1.8303e+02   1.4245e-08 
  1.8310e+02   1.4251e-08 
  1.8317e+02   1.4245e-08 
  1.8324e+02   1.4250e-08 
  1.8331e+02   1.4864e-08 
  1.8338e+02   3.4318e-07 
  1.8345e+02   7.8797e-07 
  1.8352e+02   2.3637e-08 
  1.8359e+02   1.4242e-08 
  1.8366e+02   1.4240e-08 
  1.8373e+02   1.4242e-08 
  1.8380e+02   1.4235e-08 
  1.8387e+02   1.4241e-08 
  1.8394e+02   9.8798e-07 
  1.8401e+02   1.4240e-08 
  1.8408e+02   1.9723e-06 
  1.8415e+02   1.4235e-08 
  1.8422e+02   2.2429e-08 
  1.8429e+02   1.6230e-08 
  1.8436e+02   1.4232e-08 
  1.8443e+02   1.4229e-08 
  1.8450e+02   8.1451e-08 
  1.8457e+02   2.2997e-08 
  1.8464e+02   1.4230e-08 
  1.8471e+02   3.5492e-08 
  1.8478e+02   1.4225e-08 
  1.8485e+02   1.6165e-08 
  1.8492e+02   3.4030e-08 
  1.8499e+02   1.4555e-08 
  1.8506e+02   2.2869e-08 
  1.8513e+02   1.4220e-08 
  1.8520e+02   1.0084e-06 
  1.8527e+02   1.4219e-08 
  1.8534e+02   1.4331e-08 
  1.8541e+02   1.7045e-08 
  1.8548e+02   1.4219e-08 
  1.8555e+02   1.4217e-08 
  1.8562e+02   1.4265e-08 
  1.8569e+02   1.0221e-07 
  1.8576e+02   1.4505e-08 
  1.8583e+02   1.4279e-08 
  1.8590e+02   1.4211e-08 
  1.8597e+02   1.4213e-08 
  1.8604e+02   1.4611e-08 
  1.8611e+02   1.4207e-08 
  1.8618e+02   1.5240e-08 
  1.8625e+02   1.4210e-08 
  1.8632e+02   1.4207e-08 
  1.8639e+02   1.5282e-08 
  1.8646e+02   1.4206e-08 
  1.8653e+02   1.4207e-08 
  1.8660e+02   1.5125e-06 
  1.8667e+02   1.4602e-08 
  1.8674e+02   1.4203e-08 
  1.8681e+02   7.0283e-08 
  1.8688e+02   2.1916e-08 
  1.8695e+02   2.7286e-08 
  1.8702e+02   1.4876e-08 
  1.8709e+02   2.6984e-08 
  1.8716e+02   1.6721e-08 
  1.8723e+02   3.2546e-08 
  1.8730e+02   1.5013e-08 
  1.8737e+02   1.4270e-08 
  1.8744e+02   1.4444e-08 
  1.8751e+02   1.5288e-08 
  1.8758e+02   1.5882e-08 
  1.8765e+02   1.4195e-08 
  1.8772e+02   1.4678e-08 
  1.8779e+02   1.4198e-08 
  1.8786e+02   1.4190e-08 
  1.8793e+02   2.1810e-08 
  1.8800e+02   9.7743e-07 
  1.8807e+02   1.4190e-08 
  1.8814e+02   4.4941e-08 
  1.8821e+02   2.4971e-08 
  1.8828e+02   1.6316e-08 
  1.8835e+02   1.4187e-08 
  1.8842e+02   1.4297e-08 
  1.8849e+02   1.4212e-08 
  1.8856e+02   1.8686e-08 
  1.8863e+02   2.5102e-08 
  1.8870e+02   1.7528e-07 
  1.8877e+02   1.4186e-08 
  1.8884e+02   3.5465e-07 
  1.8891e+02   1.4184e-08 
  1.8898e+02   1.4273e-08 
  1.8905e+02   1.4182e-08 
  1.8912e+02   1.4213e-08 
  1.8919e+02   1.4180e-08 
  1.8926e+02   1.4941e-08 
  1.8933e+02   1.4534e-08 
  1.8940e+02   1.4178e-08 
  1.8947e+02   2.1159e-08 
  1.8954e+02   5.1220e-08 
  1.8961e+02   1.4173e-08 
  1.8968e+02   1.4173e-08 
  1.8975e+02   1.4175e-08 
  1.8982e+02   1.4168e-08 
  1.8989e+02   1.4980e-08 
  1.8996e+02   1.4488e-08 
  1.9003e+02   1.9369e-08 
  1.9010e+02   2.0119e-08 
  1.9017e+02   1.4427e-08 
  1.9024e+02   1.4626e-08 
  1.9031e+02   1.4153e-08 
  1.9038e+02   1.6615e-08 
  1.9045e+02   1.4152e-08 
  1.9052e+02   1.4158e-08 
  1.9059e+02   2.4994e-08 
  1.9066e+02   1.7883e-07 
  1.9073e+02   1.4147e-08 
  1.9080e+02   1.4138e-08 
  1.9087e+02   1.4138e-08 
  1.9094e+02   6.1687e-08 
  1.9101e+02   1.4943e-08 
  1.9108e+02   1.4258e-08 
  1.9115e+02   1.4317e-08 
  1.9122e+02   1.4182e-08 
  1.9129e+02   2.9531e-07 
  1.9136e+02   6.7909e-07 
  1.9143e+02   2.7911e-08 
  1.9150e+02   1.9335e-08 
  1.9157e+02   4.3633e-08 
  1.9164e+02   1.4115e-08 
  1.9171e+02   1.4119e-08 
  1.9178e+02   2.7010e-08 
  1.9185e+02   1.4114e-08 
  1.9192e+02   3.0968e-08 
  1.9199e+02   1.4108e-08 
  1.9206e+02   1.4108e-08 
  1.9213e+02   1.4103e-08 
  1.9220e+02   1.4103e-08 
  1.9227e+02   1.4102e-08 
  1.9234e+02   1.8943e-08 
  1.9241e+02   2.2564e-08 
  1.9248e+02   1.4094e-08 
  1.9255e+02   1.4092e-08 
  1.9262e+02   1.4415e-08 
  1.9269e+02   1.5023e-08 
  1.9276e+02   2.2414e-06 
  1.9283e+02   1.1068e-06 
  1.9290e+02   3.1335e-06 
  1.9297e+02   1.4075e-08 
  1.9304e+02   1.4074e-08 
  1.9311e+02   1.4135e-08 
  1.9318e+02   1.4071e-08 
  1.9325e+02   1.4065e-08 
  1.9332e+02   1.4167e-08 
  1.9339e+02   1.4347e-08 
  1.9346e+02   1.4356e-08 
  1.9353e+02   3.9791e-08 
  1.9360e+02   1.4054e-08 
  1.9367e+02   1.4434e-08 
  1.9374e+02   1.4201e-08 
  1.9381e+02   1.4045e-08 
  1.9388e+02   2.2982e-06 
  1.9395e+02   1.4353e-08 
  1.9402e+02   3.7073e-08 
  1.9409e+02   1.2027e-07 
  1.9416e+02   2.4193e-08 
  1.9423e+02   1.4031e-08 
  1.9430e+02   1.4025e-08 
  1.9437e+02   1.7464e-06 
  1.9444e+02   1.4877e-08 
  1.9451e+02   1.4021e-08 
  1.9458e+02   1.4363e-08 
  1.9465e+02   1.7048e-08 
  1.9472e+02   1.4012e-08 
  1.9479e+02   1.4010e-08 
  1.9486e+02   1.4028e-08 
  1.9493e+02   2.2751e-08 
  1.9500e+02   2.4168e-08 
  1.9507e+02   1.7826e-08 
  1.9514e+02   5.4752e-08 
  1.9521e+02   1.3996e-08 
  1.9528e+02   2.6777e-07 
  1.9535e+02   1.3995e-08 
  1.9542e+02   1.4191e-08 
  1.9549e+02   1.3991e-08 
  1.9556e+02   1.4380e-08 
  1.9563e+02   1.4881e-08 
  1.9570e+02   1.3992e-08 
  1.9577e+02   1.3988e-08 
  1.9584e+02   1.3988e-08 
  1.9591e+02   1.3988e-08 
  1.9598e+02   3.1067e-08 
  1.9605e+02   1.3984e-08 
  1.9612e+02   1.4073e-08 
  1.9619e+02   1.3985e-08 
  1.9626e+02   1.3985e-08 
  1.9633e+02   1.3985e-08 
  1.9640e+02   1.7571e-08 
  1.9647e+02   1.3981e-08 
  1.9654e+02   1.4738e-08 
  1.9661e+02   1.4311e-08 
  1.9668e+02   1.3982e-08 
  1.9675e+02   1.4595e-08 
  1.9682e+02   1.4254e-08 
  1.9689e+02   1.4353e-08 
  1.9696e+02   1.4058e-08 
  1.9703e+02   1.3999e-08 
  1.9710e+02   1.5072e-08 
  1.9717e+02   1.3983e-08 
  1.9724e+02   1.3979e-08 
  1.9731e+02   2.5868e-08 
  1.9738e+02   1.3974e-08 
  1.9745e+02   2.0820e-08 
  1.9752e+02   1.3975e-08 
  1.9759e+02   1.3987e-08 
  1.9766e+02   2.1232e-08 
  1.9773e+02   1.6035e-08 
  1.9780e+02   1.4274e-08 
  1.9787e+02   1.3975e-08 
  1.9794e+02   1.3975e-08 
  1.9801e+02   2.1076e-08 
  1.9808e+02   1.4959e-08 
  1.9815e+02   1.3975e-08 
  1.9822e+02   1.3971e-08 
  1.9829e+02   8.9867e-08 
  1.9836e+02   1.3968e-08 
  1.9843e+02   1.3980e-08 
  1.9850e+02   1.3968e-08 
  1.9857e+02   6.4377e-08 
  1.9864e+02   2.8828e-08 
  1.9871e+02   1.3972e-08 
  1.9878e+02   1.3999e-08 
  1.9885e+02   3.0284e-08 
  1.9892e+02   1.3970e-08 
  1.9899e+02   1.6279e-08 
  1.9906e+02   1.3970e-08 
  1.9913e+02   1.8504e-08 
  1.9920e+02   1.3981e-08 
  1.9927e+02   1.3965e-08 
  1.9934e+02   1.6720e-08 
  1.9941e+02   1.3964e-08 
  1.9948e+02   3.7733e-08 
  1.9955e+02   1.4315e-08 
  1.9962e+02   1.6057e-08 
  1.9969e+02   1.9794e-08 
  1.9976e+02   1.7627e-08 
  1.9983e+02   3.5969e-08 
  1.9990e+02   1.4432e-08 
  1.9997e+02   3.7661e-08 
  2.0004e+02   2.2533e-08 
  2.0011e+02   1.3985e-08 
  2.0018e+02   3.5693e-08 
  2.0025e+02   1.4365e-08 
  2.0032e+02   1.3962e-08 
  2.0039e+02   1.3959e-08 
  2.0046e+02   4.1116e-08 
  2.0053e+02   2.2469e-08 
  2.0060e+02   1.3961e-08 
  2.0067e+02   1.3960e-08 
  2.0074e+02   1.3958e-08 
  2.0081e+02   7.7583e-08 
  2.0088e+02   1.3955e-08 
  2.0095e+02   1.2762e-06 
  2.0102e+02   1.4424e-08 
  2.0109e+02   4.3488e-08 
  2.0116e+02   1.3954e-08 
  2.0123e+02   1.3958e-08 
  2.0130e+02   1.4196e-08 
  2.0137e+02   1.3955e-08 
  2.0144e+02   1.3975e-08 
  2.0151e+02   1.4202e-08 
  2.0158e+02   1.4723e-08 
  2.0165e+02   4.5979e-07 
  2.0172e+02   1.3951e-08 
  2.0179e+02   1.4022e-08 
  2.0186e+02   1.4651e-08 
  2.0193e+02   1.3952e-08 
  2.0200e+02   1.3952e-08 
  2.0207e+02   6.1768e-07 
  2.0214e+02   1.3951e-08 
  2.0221e+02   1.5098e-08 
  2.0228e+02   1.4202e-08 
  2.0235e+02   3.4567e-08 
  2.0242e+02   1.4023e-08 
  2.0249e+02   1.3949e-08 
  2.0256e+02   1.4058e-08 
  2.0263e+02   3.7472e-08 
  2.0270e+02   1.4130e-08 
  2.0277e+02   1.3950e-08 
  2.0284e+02   1.6470e-08 
  2.0291e+02   1.6724e-07 
  2.0298e+02   1.3951e-08 
  2.0305e+02   3.2461e-07 
  2.0312e+02   1.3954e-08 
  2.0319e+02   1.4035e-08 
  2.0326e+02   1.4755e-08 
  2.0333e+02   2.4511e-07 
  2.0340e+02   1.3947e-08 
  2.0347e+02   1.3947e-08 
  2.0354e+02   1.3946e-08 
  2.0361e+02   1.3946e-08 
  2.0368e+02   1.3947e-08 
  2.0375e+02   1.4424e-08 
  2.0382e+02   1.6175e-08 
  2.0389e+02   1.4064e-08 
  2.0396e+02   1.3957e-08 
  2.0403e+02   1.3942e-08 
  2.0410e+02   1.3946e-08 
  2.0417e+02   1.3948e-08 
  2.0424e+02   1.4111e-08 
  2.0431e+02   1.3946e-08 
  2.0438e+02   1.3958e-08 
  2.0445e+02   1.3945e-08 
  2.0452e+02   1.3942e-08 
  2.0459e+02   1.3944e-08 
  2.0466e+02   1.4397e-08 
  2.0473e+02   1.4797e-08 
  2.0480e+02   1.3939e-08 
  2.0487e+02   1.3944e-08 
  2.0494e+02   2.2533e-08 
  2.0501e+02   1.3990e-08 
  2.0508e+02   1.4031e-08 
  2.0515e+02   1.3961e-08 
  2.0522e+02   1.5266e-08 
  2.0529e+02   1.3976e-08 
  2.0536e+02   1.3939e-08 
  2.0543e+02   1.3943e-08 
  2.0550e+02   1.3940e-08 
  2.0557e+02   1.4313e-08 
  2.0564e+02   1.3949e-08 
  2.0571e+02   1.3943e-08 
  2.0578e+02   6.0843e-07 
  2.0585e+02   1.4326e-08 
  2.0592e+02   1.8715e-08 
  2.0599e+02   1.3940e-08 
  2.0606e+02   1.3942e-08 
  2.0613e+02   1.5819e-08 
  2.0620e+02   1.3943e-08 
  2.0627e+02   1.3942e-08 
  2.0634e+02   1.8290e-08 
  2.0641e+02   1.4068e-08 
  2.0648e+02   1.4026e-08 
  2.0655e+02   1.4512e-08 
  2.0662e+02   1.4708e-08 
  2.0669e+02   1.4129e-08 
  2.0676e+02   1.4418e-08 
  2.0683e+02   1.3998e-08 
  2.0690e+02   1.3948e-08 
  2.0697e+02   1.3941e-08 
  2.0704e+02   1.3943e-08 
  2.0711e+02   1.3940e-08 
  2.0718e+02   1.9184e-06 
  2.0725e+02   1.0247e-07 
  2.0732e+02   4.0707e-07 
  2.0739e+02   1.3990e-08 
  2.0746e+02   4.3129e-08 
  2.0753e+02   1.6172e-08 
  2.0760e+02   1.3944e-08 
  2.0767e+02   1.3944e-08 
  2.0774e+02   1.4100e-08 
  2.0781e+02   1.3945e-08 
  2.0788e+02   1.4008e-08 
  2.0795e+02   1.3946e-08 
  2.0802e+02   1.3942e-08 
  2.0809e+02   1.4399e-08 
  2.0816e+02   1.3941e-08 
  2.0823e+02   1.3948e-08 
  2.0830e+02   3.9554e-07 
  2.0837e+02   1.3992e-08 
  2.0844e+02   1.3944e-08 
  2.0851e+02   5.5728e-07 
  2.0858e+02   4.6444e-07 
  2.0865e+02   1.9651e-08 
  2.0872e+02   3.9868e-07 
  2.0879e+02   1.5273e-08 
  2.0886e+02   3.1302e-08 
  2.0893e+02   2.4684e-07 
  2.0900e+02   1.7592e-08 
  2.0907e+02   1.8498e-08 
  2.0914e+02   1.4312e-08 
  2.0921e+02   3.5523e-08 
  2.0928e+02   7.2389e-07 
  2.0935e+02   1.4471e-08 
  2.0942e+02   1.4722e-08 
  2.0949e+02   1.3949e-08 
  2.0956e+02   1.4072e-08 
  2.0963e+02   2.7112e-08 
  2.0970e+02   1.5256e-08 
  2.0977e+02   1.3951e-08 
  2.0984e+02   1.4707e-08 
  2.0991e+02   1.2087e-07 
  2.0998e+02   1.3953e-08 
  2.1005e+02   1.3950e-08 
  2.1012e+02   1.3956e-08 
  2.1019e+02   5.4710e-08 
  2.1026e+02   1.4389e-08 
  2.1033e+02   1.4429e-08 
  2.1040e+02   1.3989e-08 
  2.1047e+02   8.3841e-08 
  2.1054e+02   1.3956e-08 
  2.1061e+02   6.4316e-07 
  2.1068e+02   1.3956e-08 
  2.1075e+02   6.5983e-08 
  2.1082e+02   1.3957e-08 
  2.1089e+02   2.0615e-08 
  2.1096e+02   2.2882e-07 
  2.1103e+02   5.1222e-07 
  2.1110e+02   1.4009e-08 
  2.1117e+02   1.4276e-08 
  2.1124e+02   1.3994e-08 
  2.1131e+02   1.5218e-06 
  2.1138e+02   1.3957e-08 
  2.1145e+02   1.3961e-08 
  2.1152e+02   1.4175e-08 
  2.1159e+02   1.3961e-08 
  2.1166e+02   1.4096e-08 
  2.1173e+02   1.7343e-08 
  2.1180e+02   1.3961e-08 
  2.1187e+02   1.3962e-08 
  2.1194e+02   1.4069e-08 
  2.1201e+02   1.3963e-08 
  2.1208e+02   1.3980e-08 
  2.1215e+02   2.2545e-07 
  2.1222e+02   1.4590e-08 
  2.1229e+02   1.3967e-08 
  2.1236e+02   2.0489e-08 
  2.1243e+02   1.4004e-08 
  2.1250e+02   1.4239e-08 
  2.1257e+02   1.6517e-08 
  2.1264e+02   1.3968e-08 
  2.1271e+02   1.4009e-08 
  2.1278e+02   1.4019e-08 
  2.1285e+02   1.4221e-08 
  2.1292e+02   1.3973e-08 
  2.1299e+02   1.4538e-08 
  2.1306e+02   1.3974e-08 
  2.1313e+02   1.3990e-08 
  2.1320e+02   1.3974e-08 
  2.1327e+02   1.3976e-08 
  2.1334e+02   1.3975e-08 
  2.1341e+02   1.6859e-08 
  2.1348e+02   9.5883e-08 
  2.1355e+02   2.4469e-07 
  2.1362e+02   4.9639e-07 
  2.1369e+02   5.7198e-07 
  2.1376e+02   1.4349e-08 
  2.1383e+02   1.3975e-08 
  2.1390e+02   1.3985e-08 
  2.1397e+02   1.3383e-07 
  2.1404e+02   1.5500e-06 
  2.1411e+02   1.3978e-08 
  2.1418e+02   1.3097e-06 
  2.1425e+02   1.3981e-08 
  2.1432e+02   1.5067e-08 
  2.1439e+02   1.5168e-08 
  2.1446e+02   1.4547e-08 
  2.1453e+02   1.4021e-08 
  2.1460e+02   1.4130e-08 
  2.1467e+02   4.9096e-08 
  2.1474e+02   1.7752e-08 
  2.1481e+02   1.4200e-08 
  2.1488e+02   1.3986e-08 
  2.1495e+02   1.4302e-08 
  2.1502e+02   7.1541e-07 
  2.1509e+02   2.1359e-06 
  2.1516e+02   7.6368e-07 
  2.1523e+02   3.4879e-06 
  2.1530e+02   4.0356e-08 
  2.1537e+02   1.8748e-08 
  2.1544e+02   1.4532e-08 
  2.1551e+02   6.6571e-07 
  2.1558e+02   1.7242e-08 
  2.1565e+02   1.3996e-08 
  2.1572e+02   1.5282e-08 
  2.1579e+02   1.3996e-08 
  2.1586e+02   4.6263e-07 
  2.1593e+02   6.3623e-08 
  2.1600e+02   2.2554e-08 
  2.1607e+02   1.6080e-08 
  2.1614e+02   2.2776e-08 
  2.1621e+02   1.4001e-08 
  2.1628e+02   1.4494e-08 
  2.1635e+02   1.4004e-08 
  2.1642e+02   1.4636e-08 
  2.1649e+02   1.4022e-08 
  2.1656e+02   1.4726e-08 
  2.1663e+02   1.9833e-08 
  2.1670e+02   1.4004e-08 
  2.1677e+02   1.4330e-08 
  2.1684e+02   1.4079e-08 
  2.1691e+02   1.6161e-08 
  2.1698e+02   1.4022e-08 
  2.1705e+02   1.5070e-08 
  2.1712e+02   4.7268e-08 
  2.1719e+02   1.4079e-08 
  2.1726e+02   1.4149e-08 
  2.1733e+02   1.9896e-08 
  2.1740e+02   1.4014e-08 
  2.1747e+02   1.4239e-08 
  2.1754e+02   1.4978e-08 
  2.1761e+02   1.5023e-08 
  2.1768e+02   1.4016e-08 
  2.1775e+02   1.4014e-08 
  2.1782e+02   3.6429e-08 
  2.1789e+02   1.4013e-08 
  2.1796e+02   1.4020e-08 
  2.1803e+02   1.4016e-08 
  2.1810e+02   1.4900e-08 
  2.1817e+02   1.1244e-06 
  2.1824e+02   1.4423e-08 
  2.1831e+02   1.2828e-06 
  2.1838e+02   1.2622e-07 
  2.1845e+02   1.7328e-08 
  2.1852e+02   1.4021e-08 
  2.1859e+02   1.4089e-08 
  2.1866e+02   1.4023e-08 
  2.1873e+02   1.4027e-08 
  2.1880e+02   1.4202e-08 
  2.1887e+02   1.4026e-08 
  2.1894e+02   2.7043e-08 
  2.1901e+02   1.4281e-08 
  2.1908e+02   1.4026e-08 
  2.1915e+02   4.0656e-08 
  2.1922e+02   1.4030e-08 
  2.1929e+02   1.4032e-08 
  2.1936e+02   1.4030e-08 
  2.1943e+02   1.4368e-08 
  2.1950e+02   1.4140e-08 
  2.1957e+02   1.5056e-08 
  2.1964e+02   1.4108e-08 
  2.1971e+02   1.4038e-08 
  2.1978e+02   1.4033e-08 
  2.1985e+02   2.5027e-08 
  2.1992e+02   1.6466e-08 
  2.1999e+02   1.4036e-08 
  2.2006e+02   3.4674e-07 
  2.2013e+02   1.4038e-08 
  2.2020e+02   1.4041e-08 
  2.2027e+02   1.4211e-08 
  2.2034e+02   8.5431e-06 
  2.2041e+02   3.0692e-07 
  2.2048e+02   1.4045e-08 
  2.2055e+02   1.5198e-08 
  2.2062e+02   1.4046e-08 
  2.2069e+02   1.4041e-08 
  2.2076e+02   1.4048e-08 
  2.2083e+02   1.4049e-08 
  2.2090e+02   1.4586e-08 
  2.2097e+02   1.4107e-08 
  2.2104e+02   1.4051e-08 
  2.2111e+02   1.4046e-08 
  2.2118e+02   5.9602e-06 
  2.2125e+02   1.5301e-08 
  2.2132e+02   2.0494e-08 
  2.2139e+02   9.3354e-07 
  2.2146e+02   1.4056e-08 
  2.2153e+02   1.5610e-08 
  2.2160e+02   1.6998e-08 
  2.2167e+02   1.4621e-08 
  2.2174e+02   1.4372e-08 
  2.2181e+02   1.4390e-08 
  2.2188e+02   1.1721e-07 
  2.2195e+02   1.4070e-08 
  2.2202e+02   1.4056e-08 
  2.2209e+02   1.4099e-08 
  2.2216e+02   1.4060e-08 
  2.2223e+02   1.4061e-08 
  2.2230e+02   1.4061e-08 
  2.2237e+02   1.6184e-08 
  2.2244e+02   1.4063e-08 
  2.2251e+02   1.4063e-08 
  2.2258e+02   1.4850e-08 
  2.2265e+02   1.4068e-08 
  2.2272e+02   1.4065e-08 
  2.2279e+02   1.5634e-07 
  2.2286e+02   1.4067e-08 
  2.2293e+02   1.4838e-08 
  2.2300e+02   1.5031e-08 
  2.2307e+02   1.4075e-08 
  2.2314e+02   2.8881e-07 
  2.2321e+02   1.4777e-07 
  2.2328e+02   2.4381e-08 
  2.2335e+02   1.4074e-08 
  2.2342e+02   1.4078e-08 
  2.2349e+02   1.4071e-08 
  2.2356e+02   1.4076e-08 
  2.2363e+02   9.9981e-08 
  2.2370e+02   1.4074e-08 
  2.2377e+02   2.4798e-08 
  2.2384e+02   1.4073e-08 
  2.2391e+02   1.4109e-08 
  2.2398e+02   1.4071e-08 
  2.2405e+02   1.0881e-07 
  2.2412e+02   1.4072e-08 
  2.2419e+02   1.4243e-08 
  2.2426e+02   1.9570e-06 
  2.2433e+02   1.4067e-08 
  2.2440e+02   1.4172e-08 
  2.2447e+02   1.4065e-08 
  2.2454e+02   3.2539e-08 
  2.2461e+02   1.4063e-08 
  2.2468e+02   1.4065e-08 
  2.2475e+02   7.1608e-08 
  2.2482e+02   1.4673e-08 
  2.2489e+02   1.4059e-08 
  2.2496e+02   1.4089e-08 
  2.2503e+02   1.6176e-08 
  2.2510e+02   1.4062e-08 
  2.2517e+02   1.4859e-08 
  2.2524e+02   1.4509e-08 
  2.2531e+02   1.1698e-06 
  2.2538e+02   1.4055e-08 
  2.2545e+02   1.4061e-08 
  2.2552e+02   1.5266e-08 
  2.2559e+02   1.4090e-08 
  2.2566e+02   1.4054e-08 
  2.2573e+02   1.6359e-08 
  2.2580e+02   3.8427e-08 
  2.2587e+02   1.4194e-08 
  2.2594e+02   4.0637e-08 
  2.2601e+02   1.4349e-08 
  2.2608e+02   1.4055e-08 
  2.2615e+02   1.5854e-08 
  2.2622e+02   1.7335e-08 
  2.2629e+02   1.6478e-08 
  2.2636e+02   1.4051e-08 
  2.2643e+02   1.4053e-08 
  2.2650e+02   1.4052e-08 
  2.2657e+02   1.4706e-08 
  2.2664e+02   1.4050e-08 
  2.2671e+02   1.4052e-08 
  2.2678e+02   1.4051e-08 
  2.2685e+02   1.4545e-08 
  2.2692e+02   1.4052e-08 
  2.2699e+02   1.7718e-08 
  2.2706e+02   1.4050e-08 
  2.2713e+02   1.4045e-08 
  2.2720e+02   1.0525e-07 
  2.2727e+02   1.4046e-08 
  2.2734e+02   1.4088e-08 
  2.2741e+02   2.0183e-08 
  2.2748e+02   1.3201e-06 
  2.2755e+02   1.4045e-08 
  2.2762e+02   1.4048e-08 
  2.2769e+02   5.2368e-08 
  2.2776e+02   1.4991e-08 
  2.2783e+02   1.8567e-08 
  2.2790e+02   1.4052e-08 
  2.2797e+02   1.4049e-08 
  2.2804e+02   1.4053e-08 
  2.2811e+02   1.4316e-08 
  2.2818e+02   4.4900e-08 
  2.2825e+02   1.8283e-08 
  2.2832e+02   1.4057e-08 
  2.2839e+02   1.4428e-08 
  2.2846e+02   1.4063e-08 
  2.2853e+02   1.4153e-08 
  2.2860e+02   1.4165e-08 
  2.2867e+02   1.4164e-08 
  2.2874e+02   1.4920e-08 
  2.2881e+02   1.5453e-08 
  2.2888e+02   1.4063e-08 
  2.2895e+02   1.4069e-08 
  2.2902e+02   1.4066e-08 
  2.2909e+02   1.4091e-08 
  2.2916e+02   1.4164e-08 
  2.2923e+02   1.4116e-08 
  2.2930e+02   1.4102e-08 
  2.2937e+02   1.4077e-08 
  2.2944e+02   1.7980e-08 
  2.2951e+02   1.4078e-08 
  2.2958e+02   1.4231e-08 
  2.2965e+02   1.4081e-08 
  2.2972e+02   1.4079e-08 
  2.2979e+02   1.4085e-08 
  2.2986e+02   2.0359e-08 
  2.2993e+02   1.4086e-08 
  2.3000e+02   1.7212e-08 
  2.3007e+02   2.1273e-08 
  2.3014e+02   1.4362e-08 
  2.3021e+02   1.4444e-08 
  2.3028e+02   1.4088e-08 
  2.3035e+02   1.4094e-08 
  2.3042e+02   1.4098e-08 
  2.3049e+02   2.9808e-08 
  2.3056e+02   1.4098e-08 
  2.3063e+02   1.4168e-08 
  2.3070e+02   7.2240e-08 
  2.3077e+02   1.5336e-08 
  2.3084e+02   2.1883e-08 
  2.3091e+02   1.4100e-08 
  2.3098e+02   1.4134e-08 
  2.3105e+02   9.9465e-08 
  2.3112e+02   1.4488e-07 
  2.3119e+02   1.9422e-07 
  2.3126e+02   1.1219e-07 
  2.3133e+02   5.8139e-07 
  2.3140e+02   1.4125e-08 
  2.3147e+02   1.4114e-08 
  2.3154e+02   1.4117e-08 
  2.3161e+02   1.4114e-08 
  2.3168e+02   1.4121e-08 
  2.3175e+02   1.4118e-08 
  2.3182e+02   1.4121e-08 
  2.3189e+02   1.5413e-08 
  2.3196e+02   1.4222e-08 
  2.3203e+02   1.4122e-08 
  2.3210e+02   1.4129e-08 
  2.3217e+02   1.4132e-08 
  2.3224e+02   1.4126e-08 
  2.3231e+02   1.7703e-08 
  2.3238e+02   1.4129e-08 
  2.3245e+02   4.6223e-07 
  2.3252e+02   1.9990e-08 
  2.3259e+02   3.3702e-08 
  2.3266e+02   3.1874e-08 
  2.3273e+02   1.4140e-08 
  2.3280e+02   1.4550e-08 
  2.3287e+02   2.5568e-08 
  2.3294e+02   1.4270e-08 
  2.3301e+02   1.4865e-08 
  2.3308e+02   1.4147e-08 
  2.3315e+02   1.4150e-08 
  2.3322e+02   2.0526e-08 
  2.3329e+02   1.4153e-08 
  2.3336e+02   1.9093e-07 
  2.3343e+02   4.6744e-07 
  2.3350e+02   7.5758e-07 
  2.3357e+02   6.1999e-07 
  2.3364e+02   4.2864e-08 
  2.3371e+02   1.4163e-08 
  2.3378e+02   5.2482e-07 
  2.3385e+02   1.5675e-07 
  2.3392e+02   1.4403e-08 
  2.3399e+02   2.2679e-08 
  2.3406e+02   1.5057e-08 
  2.3413e+02   1.4169e-08 
  2.3420e+02   1.4174e-08 
  2.3427e+02   1.6641e-08 
  2.3434e+02   1.2218e-07 
  2.3441e+02   1.4174e-08 
  2.3448e+02   4.9729e-07 
  2.3455e+02   1.4244e-08 
  2.3462e+02   1.6828e-08 
  2.3469e+02   6.6908e-08 
  2.3476e+02   4.1412e-08 
  2.3483e+02   1.4184e-08 
  2.3490e+02   1.4282e-08 
  2.3497e+02   1.4309e-08 
  2.3504e+02   1.4191e-08 
  2.3511e+02   1.4193e-08 
  2.3518e+02   1.4216e-08 
  2.3525e+02   1.6908e-08 
  2.3532e+02   1.6579e-08 
  2.3539e+02   1.4350e-08 
  2.3546e+02   1.4218e-08 
  2.3553e+02   1.4667e-08 
  2.3560e+02   1.5427e-08 
  2.3567e+02   1.4208e-08 
  2.3574e+02   1.4208e-08 
  2.3581e+02   1.4280e-08 
  2.3588e+02   1.4208e-08 
  2.3595e+02   1.4243e-08 
  2.3602e+02   8.7148e-07 
  2.3609e+02   1.0952e-06 
  2.3616e+02   3.2238e-07 
  2.3623e+02   2.2812e-08 
  2.3630e+02   2.0504e-06 
  2.3637e+02   1.4238e-08 
  2.3644e+02   1.4226e-08 
  2.3651e+02   1.4234e-08 
  2.3658e+02   1.4229e-08 
  2.3665e+02   1.4233e-08 
  2.3672e+02   1.4233e-08 
  2.3679e+02   1.4688e-08 
  2.3686e+02   1.4251e-08 
  2.3693e+02   1.4302e-08 
  2.3700e+02   1.4239e-08 
  2.3707e+02   1.4246e-08 
  2.3714e+02   1.4243e-08 
  2.3721e+02   1.4250e-08 
  2.3728e+02   1.4252e-08 
  2.3735e+02   1.8527e-05 
  2.3742e+02   1.4276e-08 
  2.3749e+02   1.4253e-08 
  2.3756e+02   1.4477e-08 
  2.3763e+02   1.7955e-08 
  2.3770e+02   1.4570e-08 
  2.3777e+02   1.4288e-08 
  2.3784e+02   3.4529e-07 
  2.3791e+02   1.4383e-08 
  2.3798e+02   1.4283e-08 
  2.3805e+02   1.4266e-08 
  2.3812e+02   1.4429e-08 
  2.3819e+02   1.4273e-08 
  2.3826e+02   1.4457e-08 
  2.3833e+02   4.6541e-05 
  2.3840e+02   1.4789e-08 
  2.3847e+02   1.4281e-08 
  2.3854e+02   1.1502e-05 
  2.3861e+02   9.3301e-06 
  2.3868e+02   1.5228e-08 
  2.3875e+02   1.4350e-08 
  2.3882e+02   1.4512e-08 
  2.3889e+02   1.4292e-08 
  2.3896e+02   1.4550e-08 
  2.3903e+02   1.5820e-08 
  2.3910e+02   1.4403e-08 
  2.3917e+02   1.4302e-08 
  2.3924e+02   1.4298e-08 
  2.3931e+02   1.4309e-08 
  2.3938e+02   1.4305e-08 
  2.3945e+02   1.4359e-08 
  2.3952e+02   6.6371e-07 
  2.3959e+02   2.0776e-07 
  2.3966e+02   2.4231e-08 
  2.3973e+02   1.4318e-08 
  2.3980e+02   2.1468e-07 
  2.3987e+02   1.4325e-08 
  2.3994e+02   1.8182e-08 
  2.4001e+02   1.4417e-08 
  2.4008e+02   1.5928e-08 
  2.4015e+02   1.4996e-08 
  2.4022e+02   1.4361e-08 
  2.4029e+02   1.4724e-08 
  2.4036e+02   1.4333e-08 
  2.4043e+02   1.4340e-08 
  2.4050e+02   1.4337e-08 
  2.4057e+02   1.4343e-08 
  2.4064e+02   1.4340e-08 
  2.4071e+02   3.6864e-08 
  2.4078e+02   1.6715e-08 
  2.4085e+02   1.5613e-08 
  2.4092e+02   1.4353e-08 
  2.4099e+02   1.5213e-08 
  2.4106e+02   1.4356e-08 
  2.4113e+02   1.4356e-08 
  2.4120e+02   1.4362e-08 
  2.4127e+02   1.4362e-08 
  2.4134e+02   1.4365e-08 
  2.4141e+02   1.4743e-08 
  2.4148e+02   1.4368e-08 
  2.4155e+02   1.4372e-08 
  2.4162e+02   1.4375e-08 
  2.4169e+02   1.4371e-08 
  2.4176e+02   5.7134e-07 
  2.4183e+02   1.4378e-08 
  2.4190e+02   8.0527e-07 
  2.4197e+02   1.4384e-08 
  2.4204e+02   1.4387e-08 
  2.4211e+02   1.4387e-08 
  2.4218e+02   4.9422e-08 
  2.4225e+02   1.4394e-08 
  2.4232e+02   1.4596e-08 
  2.4239e+02   1.4393e-08 
  2.4246e+02   1.4407e-08 
  2.4253e+02   1.4543e-08 
  2.4260e+02   1.5309e-08 
  2.4267e+02   1.4491e-08 
  2.4274e+02   1.4405e-08 
  2.4281e+02   1.4412e-08 
  2.4288e+02   2.3558e-07 
  2.4295e+02   1.4425e-08 
  2.4302e+02   3.3036e-05 
  2.4309e+02   1.5187e-08 
  2.4316e+02   1.4421e-08 
  2.4323e+02   1.4474e-08 
  2.4330e+02   1.4424e-08 
  2.4337e+02   2.1914e-08 
  2.4344e+02   1.4427e-08 
  2.4351e+02   1.4482e-08 
  2.4358e+02   1.4437e-08 
  2.4365e+02   1.4437e-08 
  2.4372e+02   1.9461e-06 
  2.4379e+02   1.9334e-06 
  2.4386e+02   1.4443e-08 
  2.4393e+02   1.4450e-08 
  2.4400e+02   2.2130e-08 
  2.4407e+02   1.5351e-08 
  2.4414e+02   1.4453e-08 
  2.4421e+02   1.4460e-08 
  2.4428e+02   1.4459e-08 
  2.4435e+02   1.4463e-08 
  2.4442e+02   1.4507e-08 
  2.4449e+02   1.4465e-08 
  2.4456e+02   1.4469e-08 
  2.4463e+02   1.4472e-08 
  2.4470e+02   1.4475e-08 
  2.4477e+02   1.4475e-08 
  2.4484e+02   1.4478e-08 
  2.4491e+02   1.4111e-07 
  2.4498e+02   1.4484e-08 
  2.4505e+02   1.5596e-08 
  2.4512e+02   1.4491e-08 
  2.4519e+02   1.4490e-08 
  2.4526e+02   1.4493e-08 
  2.4533e+02   1.4498e-08 
  2.4540e+02   1.4500e-08 
  2.4547e+02   1.4564e-08 
  2.4554e+02   1.4506e-08 
  2.4561e+02   1.4507e-08 
  2.4568e+02   1.4681e-08 
  2.4575e+02   1.4508e-08 
  2.4582e+02   1.4515e-08 
  2.4589e+02   1.4798e-08 
  2.4596e+02   1.4522e-08 
  2.4603e+02   2.5632e-06 
  2.4610e+02   1.6101e-08 
  2.4617e+02   1.4563e-08 
  2.4624e+02   6.9710e-08 
  2.4631e+02   1.1568e-07 
  2.4638e+02   1.4529e-08 
  2.4645e+02   1.7677e-08 
  2.4652e+02   2.0019e-08 
  2.4659e+02   1.4542e-08 
  2.4666e+02   1.4538e-08 
  2.4673e+02   1.4548e-08 
  2.4680e+02   1.4547e-08 
  2.4687e+02   1.8633e-08 
  2.4694e+02   1.4561e-08 
  2.4701e+02   3.7516e-08 
  2.4708e+02   1.4556e-08 
  2.4715e+02   2.4842e-07 
  2.4722e+02   1.2605e-06 
  2.4729e+02   1.4565e-08 
  2.4736e+02   2.5633e-08 
  2.4743e+02   1.4913e-08 
  2.4750e+02   1.4921e-08 
  2.4757e+02   4.9165e-07 
  2.4764e+02   1.4576e-08 
  2.4771e+02   9.6826e-07 
  2.4778e+02   1.4604e-08 
  2.4785e+02   1.7128e-08 
  2.4792e+02   1.5198e-08 
  2.4799e+02   1.4607e-08 
  2.4806e+02   1.4643e-08 
  2.4813e+02   1.4589e-08 
  2.4820e+02   1.4596e-08 
  2.4827e+02   1.4595e-08 
  2.4834e+02   1.4632e-08 
  2.4841e+02   1.4603e-08 
  2.4848e+02   1.2521e-05 
  2.4855e+02   1.4790e-08 
  2.4862e+02   2.3322e-08 
  2.4869e+02   1.5549e-08 
  2.4876e+02   1.4616e-08 
  2.4883e+02   1.8506e-08 
  2.4890e+02   1.4622e-08 
  2.4897e+02   3.1414e-08 
  2.4904e+02   1.4624e-08 
  2.4911e+02   1.2344e-06 
  2.4918e+02   9.1521e-06 
  2.4925e+02   5.5822e-08 
  2.4932e+02   1.4644e-08 
  2.4939e+02   2.2009e-07 
  2.4946e+02   1.7726e-08 
  2.4953e+02   1.4641e-08 
  2.4960e+02   1.4644e-08 
  2.4967e+02   1.6287e-08 
  2.4974e+02   1.4649e-08 
  2.4981e+02   1.4652e-08 
  2.4988e+02   1.5469e-08 
  2.4995e+02   1.4658e-08 
  2.5002e+02   1.4741e-08 
  2.5009e+02   1.4749e-08 
  2.5016e+02   1.6417e-08 
  2.5023e+02   1.4670e-08 
  2.5030e+02   1.4669e-08 
  2.5037e+02   1.4676e-08 
  2.5044e+02   1.4693e-08 
  2.5051e+02   1.4689e-08 
  2.5058e+02   1.4690e-08 
  2.5065e+02   1.4688e-08 
  2.5072e+02   1.4727e-08 
  2.5079e+02   1.4737e-08 
  2.5086e+02   1.4693e-08 
  2.5093e+02   1.6050e-08 
  2.5100e+02   1.4739e-08 
  2.5107e+02   2.0419e-06 
  2.5114e+02   5.9116e-08 
  2.5121e+02   1.4708e-08 
  2.5128e+02   1.4707e-08 
  2.5135e+02   1.4735e-08 
  2.5142e+02   1.4713e-08 
  2.5149e+02   1.4716e-08 
  2.5156e+02   1.4929e-08 
  2.5163e+02   1.4722e-08 
  2.5170e+02   1.4729e-08 
  2.5177e+02   1.4724e-08 
  2.5184e+02   1.4735e-08 
  2.5191e+02   3.9131e-08 
  2.5198e+02   1.3319e-07 
  2.5205e+02   2.9070e-08 
  2.5212e+02   1.4747e-08 
  2.5219e+02   1.6137e-07 
  2.5226e+02   1.4753e-08 
  2.5233e+02   1.4751e-08 
  2.5240e+02   1.5146e-08 
  2.5247e+02   1.4761e-08 
  2.5254e+02   2.1996e-08 
  2.5261e+02   2.0404e-08 
  2.5268e+02   1.6883e-08 
  2.5275e+02   1.4769e-08 
  2.5282e+02   1.4772e-08 
  2.5289e+02   1.4771e-08 
  2.5296e+02   4.0099e-07 
  2.5303e+02   2.2009e-08 
  2.5310e+02   5.1337e-07 
  2.5317e+02   1.4795e-08 
  2.5324e+02   1.4891e-08 
  2.5331e+02   1.4894e-08 
  2.5338e+02   1.4791e-08 
  2.5345e+02   1.4798e-08 
  2.5352e+02   1.4797e-08 
  2.5359e+02   1.4996e-08 
  2.5366e+02   1.4888e-08 
  2.5373e+02   1.4810e-08 
  2.5380e+02   2.8833e-08 
  2.5387e+02   1.4816e-08 
  2.5394e+02   1.4814e-08 
  2.5401e+02   2.0840e-08 
  2.5408e+02   1.5095e-08 
  2.5415e+02   4.2499e-08 
  2.5422e+02   1.4924e-08 
  2.5429e+02   1.4888e-08 
  2.5436e+02   1.4836e-08 
  2.5443e+02   1.4839e-08 
  2.5450e+02   2.5034e-08 
  2.5457e+02   1.4845e-08 
  2.5464e+02   1.6363e-08 
  2.5471e+02   1.4850e-08 
  2.5478e+02   1.4849e-08 
  2.5485e+02   1.4860e-08 
  2.5492e+02   1.4859e-08 
  2.5499e+02   1.4862e-08 
  2.5506e+02   1.4865e-08 
  2.5513e+02   1.4868e-08 
  2.5520e+02   1.4879e-08 
  2.5527e+02   1.8271e-06 
  2.5534e+02   8.0175e-08 
  2.5541e+02   1.7018e-08 
  2.5548e+02   1.4904e-08 
  2.5555e+02   1.5144e-08 
  2.5562e+02   3.1085e-08 
  2.5569e+02   1.4890e-08 
  2.5576e+02   1.4909e-08 
  2.5583e+02   1.4898e-08 
  2.5590e+02   1.4922e-08 
  2.5597e+02   1.4904e-08 
  2.5604e+02   1.4907e-08 
  2.5611e+02   1.4905e-08 
  2.5618e+02   1.5227e-08 
  2.5625e+02   1.4910e-08 
  2.5632e+02   1.9978e-04 
  2.5639e+02   1.0000e-07 
  2.5646e+02   1.4930e-08 
  2.5653e+02   2.5752e-08 
  2.5660e+02   1.0598e-07 
  2.5667e+02   2.2941e-05 
  2.5674e+02   1.4927e-08 
  2.5681e+02   1.4938e-08 
  2.5688e+02   1.4932e-08 
  2.5695e+02   1.4943e-08 
  2.5702e+02   1.4946e-08 
  2.5709e+02   2.2070e-08 
  2.5716e+02   7.2471e-08 
  2.5723e+02   1.9879e-08 
  2.5730e+02   1.7050e-08 
  2.5737e+02   5.7541e-07 
  2.5744e+02   1.4956e-08 
  2.5751e+02   1.4998e-08 
  2.5758e+02   1.4965e-08 
  2.5765e+02   1.5057e-08 
  2.5772e+02   1.4974e-08 
  2.5779e+02   1.4992e-08 
  2.5786e+02   1.4970e-08 
  2.5793e+02   1.4983e-08 
  2.5800e+02   1.7297e-07 
  2.5807e+02   1.5111e-08 
  2.5814e+02   1.9424e-08 
  2.5821e+02   1.8962e-07 
  2.5828e+02   1.4997e-08 
  2.5835e+02   8.6607e-08 
  2.5842e+02   1.5002e-08 
  2.5849e+02   1.4996e-08 
  2.5856e+02   1.5007e-08 
  2.5863e+02   1.5033e-08 
  2.5870e+02   1.5012e-08 
  2.5877e+02   1.5019e-08 
  2.5884e+02   1.5370e-08 
  2.5891e+02   5.8427e-08 
  2.5898e+02   1.9408e-08 
  2.5905e+02   1.5612e-08 
  2.5912e+02   1.5031e-08 
  2.5919e+02   1.5377e-08 
  2.5926e+02   1.5037e-08 
  2.5933e+02   1.5059e-08 
  2.5940e+02   1.5042e-08 
  2.5947e+02   1.2458e-07 
  2.5954e+02   1.5051e-08 
  2.5961e+02   2.7830e-08 
  2.5968e+02   1.7390e-08 
  2.5975e+02   1.5649e-08 
  2.5982e+02   1.5062e-08 
  2.5989e+02   1.5069e-08 
  2.5996e+02   1.5912e-08 
  2.6003e+02   1.5098e-08 
  2.6010e+02   1.5076e-08 
  2.6017e+02   1.6987e-08 
  2.6024e+02   3.3062e-08 
  2.6031e+02   2.5405e-08 
  2.6038e+02   1.8342e-07 
  2.6045e+02   1.5095e-08 
  2.6052e+02   5.0546e-06 
  2.6059e+02   1.5099e-08 
  2.6066e+02   1.5102e-08 
  2.6073e+02   1.6447e-08 
  2.6080e+02   1.5434e-08 
  2.6087e+02   1.5110e-08 
  2.6094e+02   1.5113e-08 
  2.6101e+02   1.5248e-08 
  2.6108e+02   7.9011e-08 
  2.6115e+02   1.5126e-08 
  2.6122e+02   1.5674e-08 
  2.6129e+02   1.5837e-08 
  2.6136e+02   1.5759e-08 
  2.6143e+02   1.7193e-08 
  2.6150e+02   1.6024e-08 
  2.6157e+02   2.2847e-08 
  2.6164e+02   1.5157e-08 
  2.6171e+02   1.5939e-08 
  2.6178e+02   1.5162e-08 
  2.6185e+02   1.5171e-08 
  2.6192e+02   1.5168e-08 
  2.6199e+02   1.5197e-08 
  2.6206e+02   1.6065e-08 
  2.6213e+02   1.5228e-08 
  2.6220e+02   2.5944e-08 
  2.6227e+02   1.6927e-08 
  2.6234e+02   1.5251e-08 
  2.6241e+02   1.6432e-08 
  2.6248e+02   1.5479e-08 
  2.6255e+02   1.5195e-08 
  2.6262e+02   1.6303e-08 
  2.6269e+02   1.5220e-08 
  2.6276e+02   1.5224e-08 
  2.6283e+02   1.5220e-08 
  2.6290e+02   1.5223e-08 
  2.6297e+02   3.5593e-06 
  2.6304e+02   1.5229e-08 
  2.6311e+02   1.5227e-08 
  2.6318e+02   1.5253e-08 
  2.6325e+02   1.5238e-08 
  2.6332e+02   1.5245e-08 
  2.6339e+02   1.5248e-08 
  2.6346e+02   2.0723e-08 
  2.6353e+02   2.9540e-08 
  2.6360e+02   1.5262e-08 
  2.6367e+02   1.5265e-08 
  2.6374e+02   1.5331e-08 
  2.6381e+02   2.0622e-08 
  2.6388e+02   1.5274e-08 
  2.6395e+02   1.5281e-08 
  2.6402e+02   1.5404e-08 
  2.6409e+02   2.5764e-08 
  2.6416e+02   1.6251e-08 
  2.6423e+02   1.8466e-07 
  2.6430e+02   1.5620e-08 
  2.6437e+02   1.5308e-08 
  2.6444e+02   1.5302e-08 
  2.6451e+02   1.5314e-08 
  2.6458e+02   1.5420e-08 
  2.6465e+02   1.5431e-08 
  2.6472e+02   1.5327e-08 
  2.6479e+02   6.5124e-07 
  2.6486e+02   1.5329e-08 
  2.6493e+02   3.2580e-08 
  2.6500e+02   3.5999e-07 
  2.6507e+02   1.8314e-08 
  2.6514e+02   1.5582e-08 
  2.6521e+02   1.5353e-08 
  2.6528e+02   1.5365e-08 
  2.6535e+02   1.5363e-08 
  2.6542e+02   1.5366e-08 
  2.6549e+02   1.5365e-08 
  2.6556e+02   1.5377e-08 
  2.6563e+02   1.5375e-08 
  2.6570e+02   1.5385e-08 
  2.6577e+02   2.1687e-08 
  2.6584e+02   1.5389e-08 
  2.6591e+02   1.5401e-08 
  2.6598e+02   1.5399e-08 
  2.6605e+02   5.1657e-08 
  2.6612e+02   1.5447e-08 
  2.6619e+02   3.8431e-07 
  2.6626e+02   4.0746e-08 
  2.6633e+02   1.5423e-08 
  2.6640e+02   7.5570e-07 
  2.6647e+02   1.5429e-08 
  2.6654e+02   1.5437e-08 
  2.6661e+02   1.5430e-08 
  2.6668e+02   4.5642e-08 
  2.6675e+02   2.4988e-08 
  2.6682e+02   1.5454e-08 
  2.6689e+02   2.5164e-08 
  2.6696e+02   2.7183e-06 
  2.6703e+02   1.5462e-08 
  2.6710e+02   1.5484e-08 
  2.6717e+02   2.0550e-08 
  2.6724e+02   1.5470e-08 
  2.6731e+02   1.5482e-08 
  2.6738e+02   1.5480e-08 
  2.6745e+02   1.5677e-08 
  2.6752e+02   1.7968e-08 
  2.6759e+02   1.5498e-08 
  2.6766e+02   1.5501e-08 
  2.6773e+02   1.5509e-08 
  2.6780e+02   1.5502e-08 
  2.6787e+02   1.5514e-08 
  2.6794e+02   1.5512e-08 
  2.6801e+02   1.5525e-08 
  2.6808e+02   1.5528e-08 
  2.6815e+02   1.5746e-08 
  2.6822e+02   1.7204e-08 
  2.6829e+02   1.5541e-08 
  2.6836e+02   1.7325e-08 
  2.6843e+02   1.5555e-08 
  2.6850e+02   1.5932e-08 
  2.6857e+02   1.7079e-08 
  2.6864e+02   1.6602e-08 
  2.6871e+02   1.5567e-08 
  2.6878e+02   1.5589e-08 
  2.6885e+02   1.5586e-08 
  2.6892e+02   6.8958e-08 
  2.6899e+02   7.1871e-08 
  2.6906e+02   1.5586e-08 
  2.6913e+02   1.5606e-08 
  2.6920e+02   1.5600e-08 
  2.6927e+02   3.2633e-08 
  2.6934e+02   9.3691e-08 
  2.6941e+02   1.9041e-08 
  2.6948e+02   1.5619e-08 
  2.6955e+02   5.7723e-08 
  2.6962e+02   1.5623e-08 
  2.6969e+02   1.5635e-08 
  2.6976e+02   1.5633e-08 
  2.6983e+02   1.5655e-08 
  2.6990e+02   1.6081e-08 
  2.6997e+02   1.5646e-08 
  2.7004e+02   1.5662e-08 
  2.7011e+02   2.9468e-08 
  2.7018e+02   2.5010e-08 
  2.7025e+02   1.5657e-08 
  2.7032e+02   1.5833e-08 
  2.7039e+02   1.3700e-07 
  2.7046e+02   1.5675e-08 
  2.7053e+02   6.8823e-07 
  2.7060e+02   1.5740e-08 
  2.7067e+02   1.5985e-08 
  2.7074e+02   9.6145e-08 
  2.7081e+02   2.1834e-07 
  2.7088e+02   1.6979e-07 
  2.7095e+02   4.3469e-07 
  2.7102e+02   1.1279e-07 
  2.7109e+02   1.5724e-08 
  2.7116e+02   1.6622e-08 
  2.7123e+02   1.5725e-08 
  2.7130e+02   1.5730e-08 
  2.7137e+02   1.5736e-08 
  2.7144e+02   2.0371e-08 
  2.7151e+02   1.2617e-07 
  2.7158e+02   2.9814e-07 
  2.7165e+02   1.5752e-08 
  2.7172e+02   1.5760e-08 
  2.7179e+02   1.5763e-08 
  2.7186e+02   1.5761e-08 
  2.7193e+02   2.0307e-08 
  2.7200e+02   7.5852e-08 
  2.7207e+02   3.5135e-07 
  2.7214e+02   2.3651e-07 
  2.7221e+02   1.7916e-08 
  2.7228e+02   9.1480e-07 
  2.7235e+02   1.5816e-08 
  2.7242e+02   1.5804e-08 
  2.7249e+02   1.5953e-08 
  2.7256e+02   1.5820e-08 
  2.7263e+02   1.8677e-07 
  2.7270e+02   1.5832e-08 
  2.7277e+02   1.5860e-08 
  2.7284e+02   1.5831e-08 
  2.7291e+02   1.5848e-08 
  2.7298e+02   1.5837e-08 
  2.7305e+02   1.5850e-08 
  2.7312e+02   1.5853e-08 
  2.7319e+02   1.5855e-08 
  2.7326e+02   1.5914e-08 
  2.7333e+02   1.5871e-08 
  2.7340e+02   1.5908e-08 
  2.7347e+02   1.5876e-08 
  2.7354e+02   2.8432e-08 
  2.7361e+02   1.6990e-08 
  2.7368e+02   1.5894e-08 
  2.7375e+02   1.5897e-08 
  2.7382e+02   1.5894e-08 
  2.7389e+02   1.5969e-08 
  2.7396e+02   1.5932e-08 
  2.7403e+02   1.5996e-08 
  2.7410e+02   9.4300e-08 
  2.7417e+02   6.9729e-07 
  2.7424e+02   1.5931e-08 
  2.7431e+02   1.5933e-08 
  2.7438e+02   1.8004e-08 
  2.7445e+02   3.9645e-08 
  2.7452e+02   1.8471e-08 
  2.7459e+02   1.5954e-08 
  2.7466e+02   1.5957e-08 
  2.7473e+02   1.5959e-08 
  2.7480e+02   1.5967e-08 
  2.7487e+02   1.5985e-08 
  2.7494e+02   2.0493e-08 
  2.7501e+02   1.5980e-08 
  2.7508e+02   1.5988e-08 
  2.7515e+02   1.6030e-08 
  2.7522e+02   1.6384e-08 
  2.7529e+02   1.6001e-08 
  2.7536e+02   1.2744e-06 
  2.7543e+02   3.6189e-08 
  2.7550e+02   1.6266e-08 
  2.7557e+02   1.6011e-08 
  2.7564e+02   1.1505e-07 
  2.7571e+02   1.6032e-08 
  2.7578e+02   1.6040e-08 
  2.7585e+02   1.6037e-08 
  2.7592e+02   1.6040e-08 
  2.7599e+02   1.6500e-08 
  2.7606e+02   1.6060e-08 
  2.7613e+02   8.2782e-08 
  2.7620e+02   1.6068e-08 
  2.7627e+02   5.2168e-08 
  2.7634e+02   1.6076e-08 
  2.7641e+02   1.6078e-08 
  2.7648e+02   1.6153e-08 
  2.7655e+02   1.9582e-07 
  2.7662e+02   2.4051e-08 
  2.7669e+02   1.6101e-08 
  2.7676e+02   1.6107e-08 
  2.7683e+02   1.4646e-07 
  2.7690e+02   1.6117e-08 
  2.7697e+02   2.1596e-07 
  2.7704e+02   1.6269e-08 
  2.7711e+02   1.6141e-08 
  2.7718e+02   1.6424e-08 
  2.7725e+02   5.7293e-08 
  2.7732e+02   1.6144e-08 
  2.7739e+02   1.6152e-08 
  2.7746e+02   1.6155e-08 
  2.7753e+02   1.8231e-08 
  2.7760e+02   1.6330e-08 
  2.7767e+02   1.6168e-08 
  2.7774e+02   1.6176e-08 
  2.7781e+02   1.7398e-08 
  2.7788e+02   1.6181e-08 
  2.7795e+02   1.6202e-08 
  2.7802e+02   4.5121e-08 
  2.7809e+02   1.6206e-08 
  2.7816e+02   1.6627e-08 
  2.7823e+02   1.6211e-08 
  2.7830e+02   1.6219e-08 
  2.7837e+02   3.6132e-07 
  2.7844e+02   4.2212e-07 
  2.7851e+02   1.6233e-08 
  2.7858e+02   1.6246e-08 
  2.7865e+02   4.4054e-08 
  2.7872e+02   1.6251e-08 
  2.7879e+02   1.6262e-08 
  2.7886e+02   1.6257e-08 
  2.7893e+02   1.6270e-08 
  2.7900e+02   1.6575e-08 
  2.7907e+02   1.6270e-08 
  2.7914e+02   1.6284e-08 
  2.7921e+02   1.6312e-08 
  2.7928e+02   1.6294e-08 
  2.7935e+02   1.6302e-08 
  2.7942e+02   8.9525e-08 
  2.7949e+02   3.5015e-08 
  2.7956e+02   1.7718e-08 
  2.7963e+02   1.1004e-06 
  2.7970e+02   1.6326e-08 
  2.7977e+02   6.4029e-08 
  2.7984e+02   5.4546e-08 
  2.7991e+02   4.9048e-06 
  2.7998e+02   1.6354e-08 
  2.8005e+02   1.6684e-08 
  2.8012e+02   1.6501e-08 
  2.8019e+02   1.6355e-08 
  2.8026e+02   1.6374e-08 
  2.8033e+02   1.6377e-08 
  2.8040e+02   1.6384e-08 
  2.8047e+02   1.6387e-08 
  2.8054e+02   1.9631e-08 
  2.8061e+02   1.6392e-08 
  2.8068e+02   2.0972e-08 
  2.8075e+02   2.2633e-08 
  2.8082e+02   1.6405e-08 
  2.8089e+02   4.4306e-08 
  2.8096e+02   1.7411e-08 
  2.8103e+02   1.6429e-08 
  2.8110e+02   1.7750e-08 
  2.8117e+02   1.6434e-08 
  2.8124e+02   1.6495e-08 
  2.8131e+02   1.6541e-08 
  2.8138e+02   6.8670e-07 
  2.8145e+02   1.6460e-08 
  2.8152e+02   1.6737e-08 
  2.8159e+02   1.6471e-08 
  2.8166e+02   1.6821e-08 
  2.8173e+02   1.6475e-08 
  2.8180e+02   1.6489e-08 
  2.8187e+02   1.6500e-08 
  2.8194e+02   1.6488e-08 
  2.8201e+02   1.6524e-08 
  2.8208e+02   1.6510e-08 
  2.8215e+02   1.6518e-08 
  2.8222e+02   4.7210e-08 
  2.8229e+02   1.6528e-08 
  2.8236e+02   1.6525e-08 
  2.8243e+02   1.7459e-08 
  2.8250e+02   1.6541e-08 
  2.8257e+02   3.7106e-08 
  2.8264e+02   1.8798e-08 
  2.8271e+02   1.6559e-08 
  2.8278e+02   1.6598e-08 
  2.8285e+02   1.6575e-08 
  2.8292e+02   1.6566e-08 
  2.8299e+02   1.6586e-08 
  2.8306e+02   1.6583e-08 
  2.8313e+02   1.6614e-08 
  2.8320e+02   1.6612e-08 
  2.8327e+02   1.6609e-08 
  2.8334e+02   1.6615e-08 
  2.8341e+02   3.2737e-07 
  2.8348e+02   7.8048e-07 
  2.8355e+02   1.2119e-06 
  2.8362e+02   7.4200e-08 
  2.8369e+02   9.0790e-08 
  2.8376e+02   1.6647e-08 
  2.8383e+02   1.6650e-08 
  2.8390e+02   1.6658e-08 
  2.8397e+02   1.6660e-08 
  2.8404e+02   1.7410e-08 
  2.8411e+02   1.6721e-08 
  2.8418e+02   3.6034e-05 
  2.8425e+02   1.6688e-08 
  2.8432e+02   1.6685e-08 
  2.8439e+02   1.7712e-08 
  2.8446e+02   1.6701e-08 
  2.8453e+02   1.7006e-08 
  2.8460e+02   1.8875e-08 
  2.8467e+02   1.6715e-08 
  2.8474e+02   1.6743e-08 
  2.8481e+02   7.4480e-08 
  2.8488e+02   1.6734e-08 
  2.8495e+02   1.6742e-08 
  2.8502e+02   1.6965e-08 
  2.8509e+02   1.6759e-08 
  2.8516e+02   1.6765e-08 
  2.8523e+02   1.6764e-08 
  2.8530e+02   1.6772e-08 
  2.8537e+02   1.6780e-08 
  2.8544e+02   1.6864e-08 
  2.8551e+02   1.6791e-08 
  2.8558e+02   3.5248e-07 
  2.8565e+02   1.6802e-08 
  2.8572e+02   5.7183e-08 
  2.8579e+02   3.0438e-08 
  2.8586e+02   1.5498e-06 
  2.8593e+02   1.6829e-08 
  2.8600e+02   1.6831e-08 
  2.8607e+02   1.6833e-08 
  2.8614e+02   1.6848e-08 
  2.8621e+02   1.6850e-08 
  2.8628e+02   1.6862e-08 
  2.8635e+02   1.7606e-08 
  2.8642e+02   7.0097e-07 
  2.8649e+02   1.9772e-08 
  2.8656e+02   1.6879e-08 
  2.8663e+02   1.9751e-08 
  2.8670e+02   1.7053e-08 
  2.8677e+02   1.7163e-08 
  2.8684e+02   1.7315e-08 
  2.8691e+02   1.6919e-08 
  2.8698e+02   1.6906e-08 
  2.8705e+02   1.6925e-08 
  2.8712e+02   1.6959e-08 
  2.8719e+02   1.7041e-08 
  2.8726e+02   1.6969e-08 
  2.8733e+02   2.0608e-08 
  2.8740e+02   1.6949e-08 
  2.8747e+02   1.6963e-08 
  2.8754e+02   1.6979e-08 
  2.8761e+02   1.6961e-08 
  2.8768e+02   9.6227e-08 
  2.8775e+02   1.6984e-08 
  2.8782e+02   2.8351e-08 
  2.8789e+02   2.3839e-08 
  2.8796e+02   1.9066e-08 
  2.8803e+02   2.3214e-08 
  2.8810e+02   1.7014e-08 
  2.8817e+02   5.5551e-07 
  2.8824e+02   1.7813e-08 
  2.8831e+02   1.7034e-08 
  2.8838e+02   1.7070e-08 
  2.8845e+02   2.2992e-06 
  2.8852e+02   1.9738e-08 
  2.8859e+02   1.9199e-08 
  2.8866e+02   1.7103e-08 
  2.8873e+02   2.0066e-08 
  2.8880e+02   1.7074e-08 
  2.8887e+02   1.7123e-08 
  2.8894e+02   1.7084e-08 
  2.8901e+02   1.7093e-08 
  2.8908e+02   2.6993e-08 
  2.8915e+02   8.0654e-08 
  2.8922e+02   1.7240e-08 
  2.8929e+02   1.9504e-08 
  2.8936e+02   1.7122e-08 
  2.8943e+02   1.7130e-08 
  2.8950e+02   2.1290e-08 
  2.8957e+02   1.9980e-08 
  2.8964e+02   1.7151e-08 
  2.8971e+02   1.7158e-08 
  2.8978e+02   1.7362e-08 
  2.8985e+02   1.7186e-08 
  2.8992e+02   2.7652e-08 
  2.8999e+02   1.7186e-08 
  2.9006e+02   1.7188e-08 
  2.9013e+02   3.7081e-08 
  2.9020e+02   1.7206e-08 
  2.9027e+02   1.7208e-08 
  2.9034e+02   1.7216e-08 
  2.9041e+02   1.7266e-08 
  2.9048e+02   1.7379e-08 
  2.9055e+02   1.7935e-08 
  2.9062e+02   1.7244e-08 
  2.9069e+02   2.0055e-08 
  2.9076e+02   1.7255e-08 
  2.9083e+02   1.7286e-08 
  2.9090e+02   1.8090e-08 
  2.9097e+02   1.7277e-08 
  2.9104e+02   4.2894e-08 
  2.9111e+02   2.5958e-08 
  2.9118e+02   3.4433e-08 
  2.9125e+02   1.7310e-08 
  2.9132e+02   1.7299e-08 
  2.9139e+02   4.1704e-08 
  2.9146e+02   2.6788e-08 
  2.9153e+02   2.6745e-08 
  2.9160e+02   2.2322e-08 
  2.9167e+02   1.7330e-08 
  2.9174e+02   1.7404e-08 
  2.9181e+02   1.9177e-08 
  2.9188e+02   1.7383e-08 
  2.9195e+02   8.7522e-06 
  2.9202e+02   1.7373e-08 
  2.9209e+02   1.7383e-08 
  2.9216e+02   1.7471e-08 
  2.9223e+02   1.7386e-08 
  2.9230e+02   1.7401e-08 
  2.9237e+02   8.3553e-08 
  2.9244e+02   6.4913e-08 
  2.9251e+02   1.8791e-08 
  2.9258e+02   3.5766e-08 
  2.9265e+02   2.2835e-08 
  2.9272e+02   2.2468e-08 
  2.9279e+02   4.5264e-08 
  2.9286e+02   3.1422e-08 
  2.9293e+02   1.9019e-08 
  2.9300e+02   7.3381e-08 
  2.9307e+02   1.7471e-08 
  2.9314e+02   4.0500e-08 
  2.9321e+02   1.7769e-08 
  2.9328e+02   1.7497e-08 
  2.9335e+02   1.7505e-08 
  2.9342e+02   1.7513e-08 
  2.9349e+02   1.7516e-08 
  2.9356e+02   1.7519e-08 
  2.9363e+02   1.7521e-08 
  2.9370e+02   1.7612e-08 
  2.9377e+02   1.7544e-08 
  2.9384e+02   1.7553e-08 
  2.9391e+02   1.7610e-08 
  2.9398e+02   1.7557e-08 
  2.9405e+02   1.7585e-08 
  2.9412e+02   4.6795e-08 
  2.9419e+02   1.7583e-08 
  2.9426e+02   1.7581e-08 
  2.9433e+02   1.7618e-08 
  2.9440e+02   1.7602e-08 
  2.9447e+02   1.8531e-08 
  2.9454e+02   1.7612e-08 
  2.9461e+02   1.7621e-08 
  2.9468e+02   2.7198e-08 
  2.9475e+02   1.7638e-08 
  2.9482e+02   3.1335e-08 
  2.9489e+02   1.8208e-08 
  2.9496e+02   1.7712e-08 
  2.9503e+02   1.7666e-08 
  2.9510e+02   1.7674e-08 
  2.9517e+02   1.9105e-08 
  2.9524e+02   1.7936e-08 
  2.9531e+02   1.8773e-08 
  2.9538e+02   1.9040e-08 
  2.9545e+02   1.7710e-08 
  2.9552e+02   1.7740e-08 
  2.9559e+02   2.3912e-08 
  2.9566e+02   1.0355e-06 
  2.9573e+02   1.8083e-08 
  2.9580e+02   1.7740e-08 
  2.9587e+02   6.1135e-07 
  2.9594e+02   1.7750e-08 
  2.9601e+02   1.7752e-08 
  2.9608e+02   1.7899e-08 
  2.9615e+02   1.9897e-08 
  2.9622e+02   2.1160e-08 
  2.9629e+02   1.7793e-08 
  2.9636e+02   1.7781e-08 
  2.9643e+02   1.7803e-08 
  2.9650e+02   1.7805e-08 
  2.9657e+02   1.7806e-08 
  2.9664e+02   1.8220e-08 
  2.9671e+02   1.7832e-08 
  2.9678e+02   1.7831e-08 
  2.9685e+02   1.7854e-08 
  2.9692e+02   1.7869e-08 
  2.9699e+02   1.8126e-08 
  2.9706e+02   1.9228e-08 
  2.9713e+02   2.0298e-08 
  2.9720e+02   1.7869e-08 
  2.9727e+02   1.7884e-08 
  2.9734e+02   1.7892e-08 
  2.9741e+02   1.9125e-08 
  2.9748e+02   1.7896e-08 
  2.9755e+02   1.7911e-08 
  2.9762e+02   2.1275e-08 
  2.9769e+02   1.7922e-08 
  2.9776e+02   1.7924e-08 
  2.9783e+02   1.7943e-08 
  2.9790e+02   1.7941e-08 
  2.9797e+02   1.8140e-08 
  2.9804e+02   1.9808e-08 
  2.9811e+02   1.7960e-08 
  2.9818e+02   1.7436e-07 
  2.9825e+02   1.7978e-08 
  2.9832e+02   1.7980e-08 
  2.9839e+02   1.9146e-08 
  2.9846e+02   1.8005e-08 
  2.9853e+02   1.8007e-08 
  2.9860e+02   1.8016e-08 
  2.9867e+02   2.6721e-08 
  2.9874e+02   1.8039e-08 
  2.9881e+02   1.8147e-08 
  2.9888e+02   1.8528e-08 
  2.9895e+02   1.8941e-08 
  2.9902e+02   1.9733e-08 
  2.9909e+02   3.7250e-08 
  2.9916e+02   2.0153e-08 
  2.9923e+02   2.0551e-08 
  2.9930e+02   2.0966e-08 
  2.9937e+02   2.1373e-08 
  2.9944e+02   2.1790e-08 
  2.9951e+02   1.3644e-07 
  2.9958e+02   2.2584e-08 
  2.9965e+02   7.6420e-08 
  2.9972e+02   2.6252e-08 
  2.9979e+02   2.8008e-07 
  2.9986e+02   3.0467e-07 
  2.9993e+02   3.3072e-08 
  3.0000e+02   2.5015e-08 
  3.0007e+02   2.5403e-08 
  3.0014e+02   2.5829e-08 
  3.0021e+02   2.6226e-08 
  3.0028e+02   2.6633e-08 
  3.0035e+02   2.7040e-08 
  3.0042e+02   2.7426e-08 
  3.0049e+02   2.8382e-08 
  3.0056e+02   2.8500e-08 
  3.0063e+02   2.8754e-08 
  3.0070e+02   2.9098e-08 
  3.0077e+02   2.9499e-08 
  3.0084e+02   3.2486e-08 
  3.0091e+02   3.0274e-08 
  3.0098e+02   8.2105e-08 
  3.0105e+02   3.1089e-08 
  3.0112e+02   3.1484e-08 
  3.0119e+02   3.1918e-08 
  3.0126e+02   3.2286e-08 
  3.0133e+02   3.2706e-08 
  3.0140e+02   3.3192e-08 
  3.0147e+02   3.3508e-08 
  3.0154e+02   3.3932e-08 
  3.0161e+02   3.5083e-08 
  3.0168e+02   3.4730e-08 
  3.0175e+02   3.5138e-08 
  3.0182e+02   3.5517e-08 
  3.0189e+02   3.5953e-08 
  3.0196e+02   3.7107e-08 
  3.0203e+02   3.6762e-08 
  3.0210e+02   3.8935e-08 
  3.0217e+02   9.7277e-08 
  3.0224e+02   3.7962e-08 
  3.0231e+02   3.8385e-08 
  3.0238e+02   3.8762e-08 
  3.0245e+02   5.5049e-08 
  3.0252e+02   3.9593e-08 
  3.0259e+02   3.9985e-08 
  3.0266e+02   4.0409e-08 
  3.0273e+02   4.0819e-08 
  3.0280e+02   4.4701e-08 
  3.0287e+02   4.1617e-08 
  3.0294e+02   4.2024e-08 
  3.0301e+02   4.2467e-08 
  3.0308e+02   4.2840e-08 
  3.0315e+02   4.3288e-08 
  3.0322e+02   4.3639e-08 
  3.0329e+02   6.7147e-06 
  3.0336e+02   8.5409e-08 
  3.0343e+02   4.3364e-06 
  3.0350e+02   3.7625e-06 
  3.0357e+02   4.5643e-08 
  3.0364e+02   6.4140e-07 
  3.0371e+02   5.4628e-06 
  3.0378e+02   3.3470e-03 
  3.0385e+02   4.7275e-08 
  3.0392e+02   4.7827e-08 
  3.0399e+02   4.8100e-08 
  3.0406e+02   4.8499e-08 
  3.0413e+02   4.8888e-08 
  3.0420e+02   4.9315e-08 
  3.0427e+02   4.9704e-08 
  3.0434e+02   5.0132e-08 
  3.0441e+02   5.0520e-08 
  3.0448e+02   5.0908e-08 
  3.0455e+02   5.7070e-08 
  3.0462e+02   5.1745e-08 
  3.0469e+02   5.2153e-08 
  3.0476e+02   5.2520e-08 
  3.0483e+02   5.3001e-08 
  3.0490e+02   5.3357e-08 
  3.0497e+02   1.8669e-07 
  3.0504e+02   5.4438e-08 
  3.0511e+02   5.4627e-08 
  3.0518e+02   5.4968e-08 
  3.0525e+02   5.5399e-08 
  3.0532e+02   5.5762e-08 
  3.0539e+02   5.6193e-08 
  3.0546e+02   5.6601e-08 
  3.0553e+02   5.7018e-08 
  3.0560e+02   2.6607e-05 
  3.0567e+02   2.4298e-05 
  3.0574e+02   4.1440e-06 
  3.0581e+02   1.7547e-06 
  3.0588e+02   9.6261e-07 
  3.0595e+02   6.0393e-08 
  3.0602e+02   5.9854e-08 
  3.0609e+02   6.3390e-08 
  3.0616e+02   6.1285e-08 
  3.0623e+02   6.3165e-08 
  3.0630e+02   6.3065e-08 
  3.0637e+02   6.3967e-08 
  3.0644e+02   6.4946e-08 
  3.0651e+02   6.5745e-08 
  3.0658e+02   6.6674e-08 
  3.0665e+02   1.6933e-07 
  3.0672e+02   6.8452e-08 
  3.0679e+02   6.9382e-08 
  3.0686e+02   2.0114e-05 
  3.0693e+02   7.1159e-08 
  3.0700e+02   7.2061e-08 
  3.0707e+02   7.2934e-08 
  3.0714e+02   7.3872e-08 
  3.0721e+02   7.4775e-08 
  3.0728e+02   1.3323e-07 
  3.0735e+02   1.0463e-07 
  3.0742e+02   7.7416e-08 
  3.0749e+02   7.8407e-08 
  3.0756e+02   7.9253e-08 
  3.0763e+02   8.0137e-08 
  3.0770e+02   8.2570e-08 
  3.0777e+02   9.3184e-08 
  3.0784e+02   8.2907e-08 
  3.0791e+02   8.3734e-08 
  3.0798e+02   8.4602e-08 
  3.0805e+02   9.4448e-08 
  3.0812e+02   8.6442e-08 
  3.0819e+02   8.7370e-08 
  3.0826e+02   8.9514e-08 
  3.0833e+02   5.0400e-07 
  3.0840e+02   9.0054e-08 
  3.0847e+02   1.4891e-07 
  3.0854e+02   9.4078e-08 
  3.0861e+02   9.2694e-08 
  3.0868e+02   9.4918e-08 
  3.0875e+02   9.4742e-08 
  3.0882e+02   9.5397e-08 
  3.0889e+02   9.6432e-08 
  3.0896e+02   1.2001e-07 
  3.0903e+02   9.8238e-08 
  3.0910e+02   9.9232e-08 
  3.0917e+02   1.8224e-07 
  3.0924e+02   1.0343e-07 
  3.0931e+02   1.0172e-07 
  3.0938e+02   1.0261e-07 
  3.0945e+02   1.0394e-07 
  3.0952e+02   1.0447e-07 
  3.0959e+02   4.8237e-07 
  3.0966e+02   1.0627e-07 
  3.0973e+02   1.0712e-07 
  3.0980e+02   1.0801e-07 
  3.0987e+02   1.4258e-07 
  3.0994e+02   1.0980e-07 
  3.1001e+02   1.1066e-07 
  3.1008e+02   1.1166e-07 
  3.1015e+02   1.1270e-07 
  3.1022e+02   1.1342e-07 
  3.1029e+02   1.1432e-07 
  3.1036e+02   1.1513e-07 
  3.1043e+02   1.1617e-07 
  3.1050e+02   1.1710e-07 
  3.1057e+02   1.1784e-07 
  3.1064e+02   1.1884e-07 
  3.1071e+02   1.1969e-07 
  3.1078e+02   1.2070e-07 
  3.1085e+02   1.2152e-07 
  3.1092e+02   1.6681e-07 
  3.1099e+02   1.2333e-07 
  3.1106e+02   1.2421e-07 
  3.1113e+02   1.2514e-07 
  3.1120e+02   1.2602e-07 
  3.1127e+02   1.2687e-07 
  3.1134e+02   1.2796e-07 
  3.1141e+02   1.2873e-07 
  3.1148e+02   6.3946e-07 
  3.1155e+02   1.3058e-07 
  3.1162e+02   1.3144e-07 
  3.1169e+02   5.7755e-07 
  3.1176e+02   2.4404e-07 
  3.1183e+02   1.3410e-07 
  3.1190e+02   1.3500e-07 
  3.1197e+02   1.3590e-07 
  3.1204e+02   1.6676e-07 
  3.1211e+02   1.7366e-07 
  3.1218e+02   1.3856e-07 
  3.1225e+02   2.6259e-07 
  3.1232e+02   1.5275e-07 
  3.1239e+02   5.1316e-06 
  3.1246e+02   2.6390e-06 
  3.1253e+02   3.7657e-07 
  3.1260e+02   1.4399e-07 
  3.1267e+02   1.4488e-07 
  3.1274e+02   1.5110e-07 
  3.1281e+02   1.4669e-07 
  3.1288e+02   1.4768e-07 
  3.1295e+02   1.4849e-07 
  3.1302e+02   1.4940e-07 
  3.1309e+02   1.5030e-07 
  3.1316e+02   1.5119e-07 
  3.1323e+02   1.6783e-07 
  3.1330e+02   1.5301e-07 
  3.1337e+02   1.5392e-07 
  3.1344e+02   1.5483e-07 
  3.1351e+02   1.5562e-07 
  3.1358e+02   1.5663e-07 
  3.1365e+02   1.5753e-07 
  3.1372e+02   2.3180e-07 
  3.1379e+02   1.5934e-07 
  3.1386e+02   1.6012e-07 
  3.1393e+02   1.6105e-07 
  3.1400e+02   1.6180e-07 
  3.1407e+02   1.6245e-07 
  3.1414e+02   1.6358e-07 
  3.1421e+02   1.6403e-07 
  3.1428e+02   1.6469e-07 
  3.1435e+02   2.4403e-07 
  3.1442e+02   1.6603e-07 
  3.1449e+02   1.6683e-07 
  3.1456e+02   1.6880e-07 
  3.1463e+02   1.6863e-07 
  3.1470e+02   1.6893e-07 
  3.1477e+02   1.6963e-07 
  3.1484e+02   1.7660e-07 
  3.1491e+02   1.7104e-07 
  3.1498e+02   1.7159e-07 
  3.1505e+02   2.2574e-07 
  3.1512e+02   1.7313e-07 
  3.1519e+02   1.7376e-07 
  3.1526e+02   1.7439e-07 
  3.1533e+02   1.7516e-07 
  3.1540e+02   1.7594e-07 
  3.1547e+02   1.7735e-07 
  3.1554e+02   1.7735e-07 
  3.1561e+02   1.7787e-07 
  3.1568e+02   1.7864e-07 
  3.1575e+02   1.7934e-07 
  3.1582e+02   1.8232e-07 
  3.1589e+02   1.8073e-07 
  3.1596e+02   1.8135e-07 
  3.1603e+02   1.8212e-07 
  3.1610e+02   1.8282e-07 
  3.1617e+02   3.3196e-07 
  3.1624e+02   1.8421e-07 
  3.1631e+02   1.8482e-07 
  3.1638e+02   1.8551e-07 
  3.1645e+02   1.8621e-07 
  3.1652e+02   1.8670e-07 
  3.1659e+02   1.8735e-07 
  3.1666e+02   1.8783e-07 
  3.1673e+02   1.8840e-07 
  3.1680e+02   1.8896e-07 
  3.1687e+02   2.3217e-07 
  3.1694e+02   1.9009e-07 
  3.1701e+02   2.4278e-07 
  3.1708e+02   1.9116e-07 
  3.1715e+02   1.9169e-07 
  3.1722e+02   1.9230e-07 
  3.1729e+02   1.9297e-07 
  3.1736e+02   1.9364e-07 
  3.1743e+02   1.9469e-07 
  3.1750e+02   1.9447e-07 
  3.1757e+02   1.9478e-07 
  3.1764e+02   1.9602e-07 
  3.1771e+02   1.9592e-07 
  3.1778e+02   2.5869e-07 
  3.1785e+02   1.9698e-07 
  3.1792e+02   2.2646e-07 
  3.1799e+02   2.1062e-07 
  3.1806e+02   1.9861e-07 
  3.1813e+02   2.0021e-07 
  3.1820e+02   1.9963e-07 
  3.1827e+02   2.0016e-07 
  3.1834e+02   2.0068e-07 
  3.1841e+02   2.0121e-07 
  3.1848e+02   2.0165e-07 
  3.1855e+02   2.0229e-07 
  3.1862e+02   2.0281e-07 
  3.1869e+02   2.0342e-07 
  3.1876e+02   2.0377e-07 
  3.1883e+02   2.1649e-07 
  3.1890e+02   2.0504e-07 
  3.1897e+02   2.0544e-07 
  3.1904e+02   2.2798e-07 
  3.1911e+02   2.0642e-07 
  3.1918e+02   2.0702e-07 
  3.1925e+02   2.0754e-07 
  3.1932e+02   2.0798e-07 
  3.1939e+02   2.0860e-07 
  3.1946e+02   2.0912e-07 
  3.1953e+02   2.0965e-07 
  3.1960e+02   2.1018e-07 
  3.1967e+02   2.1061e-07 
  3.1974e+02   2.1122e-07 
  3.1981e+02   4.4291e-07 
  3.1988e+02   2.1218e-07 
  3.1995e+02   2.2087e-07 
  3.2002e+02   2.3589e-07 
  3.2009e+02   2.1389e-07 
  3.2016e+02   2.1438e-07 
  3.2023e+02   2.1522e-07 
  3.2030e+02   2.1543e-07 
  3.2037e+02   2.1595e-07 
  3.2044e+02   2.1650e-07 
  3.2051e+02   2.2083e-07 
  3.2058e+02   4.7587e-06 
  3.2065e+02   2.1806e-07 
  3.2072e+02   2.1867e-07 
  3.2079e+02   2.1980e-07 
  3.2086e+02   2.1953e-07 
  3.2093e+02   2.2015e-07 
  3.2100e+02   1.0179e-05 
  3.2107e+02   2.2123e-07 
  3.2114e+02   2.2177e-07 
  3.2121e+02   2.2235e-07 
  3.2128e+02   2.2277e-07 
  3.2135e+02   2.2494e-07 
  3.2142e+02   2.4226e-07 
  3.2149e+02   2.2622e-07 
  3.2156e+02   2.2487e-07 
  3.2163e+02   2.2531e-07 
  3.2170e+02   2.2607e-07 
  3.2177e+02   3.0308e-07 
  3.2184e+02   2.2695e-07 
  3.2191e+02   2.2867e-07 
  3.2198e+02   2.2788e-07 
  3.2205e+02   2.2860e-07 
  3.2212e+02   2.2902e-07 
  3.2219e+02   2.2993e-07 
  3.2226e+02   2.3005e-07 
  3.2233e+02   2.3128e-07 
  3.2240e+02   2.3114e-07 
  3.2247e+02   5.6761e-07 
  3.2254e+02   1.2348e-06 
  3.2261e+02   2.3263e-07 
  3.2268e+02   2.3325e-07 
  3.2275e+02   1.9078e-06 
  3.2282e+02   2.3418e-07 
  3.2289e+02   2.3480e-07 
  3.2296e+02   2.3531e-07 
  3.2303e+02   2.3573e-07 
  3.2310e+02   2.3634e-07 
  3.2317e+02   2.3787e-07 
  3.2324e+02   2.3760e-07 
  3.2331e+02   2.6223e-06 
  3.2338e+02   2.4271e-07 
  3.2345e+02   2.4140e-07 
  3.2352e+02   2.4120e-07 
  3.2359e+02   2.5257e-07 
  3.2366e+02   2.4057e-07 
  3.2373e+02   2.4086e-07 
  3.2380e+02   2.4147e-07 
  3.2387e+02   2.4196e-07 
  3.2394e+02   2.4246e-07 
  3.2401e+02   2.4295e-07 
  3.2408e+02   2.4382e-07 
  3.2415e+02   2.4405e-07 
  3.2422e+02   2.4444e-07 
  3.2429e+02   2.4504e-07 
  3.2436e+02   2.4553e-07 
  3.2443e+02   2.4607e-07 
  3.2450e+02   2.6446e-07 
  3.2457e+02   2.4690e-07 
  3.2464e+02   2.4922e-07 
  3.2471e+02   2.4805e-07 
  3.2478e+02   2.4859e-07 
  3.2485e+02   2.4887e-07 
  3.2492e+02   2.4937e-07 
  3.2499e+02   2.4997e-07 
  3.2506e+02   2.5083e-07 
  3.2513e+02   2.5084e-07 
  3.2520e+02   2.5156e-07 
  3.2527e+02   2.5198e-07 
  3.2534e+02   2.5401e-07 
  3.2541e+02   2.5289e-07 
  3.2548e+02   2.5337e-07 
  3.2555e+02   2.5385e-07 
  3.2562e+02   2.5620e-07 
  3.2569e+02   2.5538e-07 
  3.2576e+02   2.5526e-07 
  3.2583e+02   2.5573e-07 
  3.2590e+02   2.5631e-07 
  3.2597e+02   2.5676e-07 
  3.2604e+02   2.5702e-07 
  3.2611e+02   2.5736e-07 
  3.2618e+02   2.5778e-07 
  3.2625e+02   2.5808e-07 
  3.2632e+02   2.5822e-07 
  3.2639e+02   2.5870e-07 
  3.2646e+02   2.5899e-07 
  3.2653e+02   2.5940e-07 
  3.2660e+02   2.5940e-07 
  3.2667e+02   2.5954e-07 
  3.2674e+02   2.6004e-07 
  3.2681e+02   2.6026e-07 
  3.2688e+02   2.6045e-07 
  3.2695e+02   2.6072e-07 
  3.2702e+02   6.7499e-07 
  3.2709e+02   2.7770e-07 
  3.2716e+02   2.6163e-07 
  3.2723e+02   2.6177e-07 
  3.2730e+02   2.6519e-07 
  3.2737e+02   2.6242e-07 
  3.2744e+02   2.6268e-07 
  3.2751e+02   2.6708e-07 
  3.2758e+02   2.6320e-07 
  3.2765e+02   2.6347e-07 
  3.2772e+02   2.6385e-07 
  3.2779e+02   2.6399e-07 
  3.2786e+02   2.6425e-07 
  3.2793e+02   2.6458e-07 
  3.2800e+02   2.6490e-07 
  3.2807e+02   2.6504e-07 
  3.2814e+02   2.6543e-07 
  3.2821e+02   2.6789e-07 
  3.2828e+02   2.6595e-07 
  3.2835e+02   2.6621e-07 
  3.2842e+02   5.8252e-06 
  3.2849e+02   2.6674e-07 
  3.2856e+02   3.4843e-07 
  3.2863e+02   2.7649e-07 
  3.2870e+02   2.6970e-07 
  3.2877e+02   3.4501e-06 
  3.2884e+02   2.6807e-07 
  3.2891e+02   2.6843e-07 
  3.2898e+02   2.6857e-07 
  3.2905e+02   2.6896e-07 
  3.2912e+02   2.6922e-07 
  3.2919e+02   2.6948e-07 
  3.2926e+02   2.6963e-07 
  3.2933e+02   2.7000e-07 
  3.2940e+02   2.7039e-07 
  3.2947e+02   2.7052e-07 
  3.2954e+02   2.7079e-07 
  3.2961e+02   2.7120e-07 
  3.2968e+02   2.7143e-07 
  3.2975e+02   2.7179e-07 
  3.2982e+02   2.7170e-07 
  3.2989e+02   2.7222e-07 
  3.2996e+02   2.7248e-07 
  3.3003e+02   2.7274e-07 
  3.3010e+02   2.7313e-07 
  3.3017e+02   2.7316e-07 
  3.3024e+02   2.7352e-07 
  3.3031e+02   2.8191e-07 
  3.3038e+02   2.7406e-07 
  3.3045e+02   2.7576e-07 
  3.3052e+02   2.7469e-07 
  3.3059e+02   2.7495e-07 
  3.3066e+02   2.7521e-07 
  3.3073e+02   2.7533e-07 
  3.3080e+02   2.7814e-07 
  3.3087e+02   2.7598e-07 
  3.3094e+02   2.7636e-07 
  3.3101e+02   2.7709e-07 
  3.3108e+02   2.7688e-07 
  3.3115e+02   2.8102e-07 
  3.3122e+02   2.7726e-07 
  3.3129e+02   2.7765e-07 
  3.3136e+02   2.7777e-07 
  3.3143e+02   2.7824e-07 
  3.3150e+02   2.7904e-07 
  3.3157e+02   2.7854e-07 
  3.3164e+02   2.7893e-07 
  3.3171e+02   2.7932e-07 
  3.3178e+02   2.7944e-07 
  3.3185e+02   2.7983e-07 
  3.3192e+02   2.7995e-07 
  3.3199e+02   2.8039e-07 
  3.3206e+02   2.8087e-07 
  3.3213e+02   2.8072e-07 
  3.3220e+02   2.8211e-07 
  3.3227e+02   2.8136e-07 
  3.3234e+02   2.8162e-07 
  3.3241e+02   2.8209e-07 
  3.3248e+02   2.8236e-07 
  3.3255e+02   2.8251e-07 
  3.3262e+02   2.8289e-07 
  3.3269e+02   2.8302e-07 
  3.3276e+02   4.2889e-07 
  3.3283e+02   2.8369e-07 
  3.3290e+02   2.8378e-07 
  3.3297e+02   2.8457e-07 
  3.3304e+02   2.8443e-07 
  3.3311e+02   2.8477e-07 
  3.3318e+02   2.8525e-07 
  3.3325e+02   2.8519e-07 
  3.3332e+02   2.8641e-07 
  3.3339e+02   2.9608e-07 
  3.3346e+02   2.8852e-07 
  3.3353e+02   2.8620e-07 
  3.3360e+02   2.8659e-07 
  3.3367e+02   2.8671e-07 
  3.3374e+02   2.8710e-07 
  3.3381e+02   2.8735e-07 
  3.3388e+02   2.8746e-07 
  3.3395e+02   2.8785e-07 
  3.3402e+02   2.8811e-07 
  3.3409e+02   2.8850e-07 
  3.3416e+02   8.4264e-07 
  3.3423e+02   2.8886e-07 
  3.3430e+02   2.8925e-07 
  3.3437e+02   2.8980e-07 
  3.3444e+02   2.9003e-07 
  3.3451e+02   2.9041e-07 
  3.3458e+02   2.9026e-07 
  3.3465e+02   2.9065e-07 
  3.3472e+02   2.9090e-07 
  3.3479e+02   2.9101e-07 
  3.3486e+02   2.9127e-07 
  3.3493e+02   2.9166e-07 
  3.3500e+02   2.9191e-07 
  3.3507e+02   2.9240e-06 
  3.3514e+02   2.9244e-07 
  3.3521e+02   2.9280e-07 
  3.3528e+02   3.1253e-07 
  3.3535e+02   2.9332e-07 
  3.3542e+02   5.7891e-05 
  3.3549e+02   2.9380e-07 
  3.3556e+02   2.9427e-07 
  3.3563e+02   2.9430e-07 
  3.3570e+02   2.9455e-07 
  3.3577e+02   2.9495e-07 
  3.3584e+02   2.9505e-07 
  3.3591e+02   2.9545e-07 
  3.3598e+02   2.9555e-07 
  3.3605e+02   2.9609e-07 
  3.3612e+02   2.9698e-07 
  3.3619e+02   2.9644e-07 
  3.3626e+02   2.9669e-07 
  3.3633e+02   2.9709e-07 
  3.3640e+02   2.9734e-07 
  3.3647e+02   2.9758e-07 
  3.3654e+02   2.9769e-07 
  3.3661e+02   2.9810e-07 
  3.3668e+02   2.9954e-07 
  3.3675e+02   2.9863e-07 
  3.3682e+02   2.9883e-07 
  3.3689e+02   2.9924e-07 
  3.3696e+02   2.9950e-07 
  3.3703e+02   2.9972e-07 
  3.3710e+02   3.0016e-07 
  3.3717e+02   3.0007e-07 
  3.3724e+02   3.0105e-07 
  3.3731e+02   3.0087e-07 
  3.3738e+02   3.0096e-07 
  3.3745e+02   3.0135e-07 
  3.3752e+02   3.0160e-07 
  3.3759e+02   3.0507e-07 
  3.3766e+02   3.0670e-07 
  3.3773e+02   3.0237e-07 
  3.3780e+02   3.0263e-07 
  3.3787e+02   3.0469e-07 
  3.3794e+02   3.0336e-07 
  3.3801e+02   3.0330e-07 
  3.3808e+02   3.0385e-07 
  3.3815e+02   3.0429e-07 
  3.3822e+02   3.0457e-07 
  3.3829e+02   3.0444e-07 
  3.3836e+02   3.3506e-07 
  3.3843e+02   3.0521e-07 
  3.3850e+02   3.0544e-07 
  3.3857e+02   3.0539e-07 
  3.3864e+02   3.0592e-07 
  3.3871e+02   3.0616e-07 
  3.3878e+02   3.0640e-07 
  3.3885e+02   3.0664e-07 
  3.3892e+02   3.0688e-07 
  3.3899e+02   3.3358e-07 
  3.3906e+02   3.0926e-07 
  3.3913e+02   3.0775e-07 
  3.3920e+02   3.0799e-07 
  3.3927e+02   3.0823e-07 
  3.3934e+02   3.2439e-07 
  3.3941e+02   3.2529e-07 
  3.3948e+02   3.0939e-07 
  3.3955e+02   3.5286e-07 
  3.3962e+02   3.0958e-07 
  3.3969e+02   3.0982e-07 
  3.3976e+02   3.0990e-07 
  3.3983e+02   3.1041e-07 
  3.3990e+02   3.1046e-07 
  3.3997e+02   3.1082e-07 
  3.4004e+02   3.1192e-07 
  3.4011e+02   3.1285e-07 
  3.4018e+02   3.1143e-07 
  3.4025e+02   3.1424e-07 
  3.4032e+02   3.1166e-07 
  3.4039e+02   3.1484e-07 
  3.4046e+02   3.1486e-07 
  3.4053e+02   5.0122e-07 
  3.4060e+02   3.1273e-07 
  3.4067e+02   3.1427e-07 
  3.4074e+02   3.1312e-07 
  3.4081e+02   3.1346e-07 
  3.4088e+02   3.1365e-07 
  3.4095e+02   3.1384e-07 
  3.4102e+02   3.1403e-07 
  3.4109e+02   3.1448e-07 
  3.4116e+02   3.1497e-07 
  3.4123e+02   3.1460e-07 
  3.4130e+02   3.1495e-07 
  3.4137e+02   3.3954e-07 
  3.4144e+02   3.1549e-07 
  3.4151e+02   3.1552e-07 
  3.4158e+02   3.1587e-07 
  3.4165e+02   3.1606e-07 
  3.4172e+02   3.1624e-07 
  3.4179e+02   3.1673e-07 
  3.4186e+02   3.1666e-07 
  3.4193e+02   3.2437e-07 
  3.4200e+02   3.1716e-07 
  3.4207e+02   3.2484e-07 
  3.4214e+02   3.1769e-07 
  3.4221e+02   3.1812e-07 
  3.4228e+02   3.1880e-07 
  3.4235e+02   3.2126e-07 
  3.4242e+02   3.1829e-07 
  3.4249e+02   3.1879e-07 
  3.4256e+02   3.1882e-07 
  3.4263e+02   3.1901e-07 
  3.4270e+02   3.1939e-07 
  3.4277e+02   3.1954e-07 
  3.4284e+02   3.1973e-07 
  3.4291e+02   3.1992e-07 
  3.4298e+02   3.2010e-07 
  3.4305e+02   3.2045e-07 
  3.4312e+02   3.2084e-07 
  3.4319e+02   3.2078e-07 
  3.4326e+02   3.2090e-07 
  3.4333e+02   3.2100e-07 
  3.4340e+02   3.2126e-07 
  3.4347e+02   3.2137e-07 
  3.4354e+02   3.2148e-07 
  3.4361e+02   3.2159e-07 
  3.4368e+02   3.2173e-07 
  3.4375e+02   3.2197e-07 
  3.4382e+02   3.2191e-07 
  3.4389e+02   3.2216e-07 
  3.4396e+02   3.2234e-07 
  3.4403e+02   3.2219e-07 
  3.4410e+02   3.2237e-07 
  3.4417e+02   3.2222e-07 
  3.4424e+02   3.2240e-07 
  3.4431e+02   3.2257e-07 
  3.4438e+02   3.2241e-07 
  3.4445e+02   3.2241e-07 
  3.4452e+02   3.2265e-07 
  3.4459e+02   3.2259e-07 
  3.4466e+02   3.2273e-07 
  3.4473e+02   3.5342e-07 
  3.4480e+02   3.2273e-07 
  3.4487e+02   3.2289e-07 
  3.4494e+02   3.2698e-07 
  3.4501e+02   3.2272e-07 
  3.4508e+02   3.2292e-07 
  3.4515e+02   3.2290e-07 
  3.4522e+02   3.2292e-07 
  3.4529e+02   2.6193e-06 
  3.4536e+02   3.2287e-07 
  3.4543e+02   3.2347e-07 
  3.4550e+02   3.2303e-07 
  3.4557e+02   3.2291e-07 
  3.4564e+02   3.2303e-07 
  3.4571e+02   3.2946e-07 
  3.4578e+02   3.2308e-07 
  3.4585e+02   3.2318e-07 
  3.4592e+02   3.2303e-07 
  3.4599e+02   3.2334e-07 
  3.4606e+02   3.2317e-07 
  3.4613e+02   3.2317e-07 
  3.4620e+02   3.2333e-07 
  3.4627e+02   3.2338e-07 
  3.4634e+02   3.3466e-07 
  3.4641e+02   3.2332e-07 
  3.4648e+02   3.2336e-07 
  3.4655e+02   3.2349e-07 
  3.4662e+02   3.2364e-07 
  3.4669e+02   2.5590e-06 
  3.4676e+02   4.0995e-07 
  3.4683e+02   3.2698e-07 
  3.4690e+02   3.2363e-07 
  3.4697e+02   3.2519e-07 
  3.4704e+02   3.2361e-07 
  3.4711e+02   3.2377e-07 
  3.4718e+02   3.2377e-07 
  3.4725e+02   3.2376e-07 
  3.4732e+02   3.2378e-07 
  3.4739e+02   4.7119e-07 
  3.4746e+02   3.2392e-07 
  3.4753e+02   3.2394e-07 
  3.4760e+02   3.2408e-07 
  3.4767e+02   3.2378e-07 
  3.4774e+02   3.2604e-07 
  3.4781e+02   3.2406e-07 
  3.4788e+02   3.2389e-07 
  3.4795e+02   3.2422e-07 
  3.4802e+02   3.2421e-07 
  3.4809e+02   3.2421e-07 
  3.4816e+02   4.2622e-07 
  3.4823e+02   3.2403e-07 
  3.4830e+02   3.2436e-07 
  3.4837e+02   3.2435e-07 
  3.4844e+02   3.2435e-07 
  3.4851e+02   3.2417e-07 
  3.4858e+02   3.2451e-07 
  3.4865e+02   3.2436e-07 
  3.4872e+02   3.2449e-07 
  3.4879e+02   4.6214e-07 
  3.4886e+02   3.2448e-07 
  3.4893e+02   3.2464e-07 
  3.4900e+02   3.2463e-07 
  3.4907e+02   3.2446e-07 
  3.4914e+02   3.4312e-07 
  3.4921e+02   3.2528e-07 
  3.4928e+02   3.2531e-07 
  3.4935e+02   3.2479e-07 
  3.4942e+02   3.2464e-07 
  3.4949e+02   3.2501e-07 
  3.4956e+02   3.2498e-07 
  3.4963e+02   3.2520e-07 
  3.4970e+02   3.2506e-07 
  3.4977e+02   3.2512e-07 
  3.4984e+02   3.2532e-07 
  3.4991e+02   3.2529e-07 
  3.4998e+02   3.2519e-07 
  3.5005e+02   3.2549e-07 
  3.5012e+02   3.2551e-07 
  3.5019e+02   3.2542e-07 
  3.5026e+02   3.2555e-07 
  3.5033e+02   3.2557e-07 
  3.5040e+02   3.2576e-07 
  3.5047e+02   3.2583e-07 
  3.5054e+02   3.2794e-07 
  3.5061e+02   3.2581e-07 
  3.5068e+02   3.2600e-07 
  3.5075e+02   3.2602e-07 
  3.5082e+02   3.2586e-07 
  3.5089e+02   3.2605e-07 
  3.5096e+02   3.2647e-07 
  3.5103e+02   3.2626e-07 
  3.5110e+02   2.2382e-06 
  3.5117e+02   3.2728e-07 
  3.5124e+02   3.2648e-07 
  3.5131e+02   3.2650e-07 
  3.5138e+02   3.2635e-07 
  3.5145e+02   3.2653e-07 
  3.5152e+02   3.2672e-07 
  3.5159e+02   3.2847e-07 
  3.5166e+02   3.2675e-07 
  3.5173e+02   3.2660e-07 
  3.5180e+02   3.2696e-07 
  3.5187e+02   3.2702e-07 
  3.5194e+02   3.2699e-07 
  3.5201e+02   3.2744e-07 
  3.5208e+02   3.3803e-07 
  3.5215e+02   4.1040e-07 
  3.5222e+02   3.8194e-07 
  3.5229e+02   3.2707e-07 
  3.5236e+02   3.2744e-07 
  3.5243e+02   3.2747e-07 
  3.5250e+02   3.2746e-07 
  3.5257e+02   3.2730e-07 
  3.5264e+02   3.2819e-07 
  3.5271e+02   3.2768e-07 
  3.5278e+02   3.2769e-07 
  3.5285e+02   3.2771e-07 
  3.5292e+02   3.2772e-07 
  3.5299e+02   3.2791e-07 
  3.5306e+02   1.0633e-05 
  3.5313e+02   3.2807e-07 
  3.5320e+02   3.5007e-07 
  3.5327e+02   1.4464e-06 
  3.5334e+02   3.2834e-07 
  3.5341e+02   3.2821e-07 
  3.5348e+02   3.2818e-07 
  3.5355e+02   3.3457e-07 
  3.5362e+02   3.2839e-07 
  3.5369e+02   3.2857e-07 
  3.5376e+02   4.8581e-07 
  3.5383e+02   3.4859e-07 
  3.5390e+02   2.2256e-06 
  3.5397e+02   3.2861e-07 
  3.5404e+02   3.2862e-07 
  3.5411e+02   3.2881e-07 
  3.5418e+02   3.3091e-07 
  3.5425e+02   1.8032e-06 
  3.5432e+02   3.2902e-07 
  3.5439e+02   3.2903e-07 
  3.5446e+02   3.2904e-07 
  3.5453e+02   3.2923e-07 
  3.5460e+02   3.2932e-07 
  3.5467e+02   3.2907e-07 
  3.5474e+02   3.2945e-07 
  3.5481e+02   3.2977e-07 
  3.5488e+02   3.2946e-07 
  3.5495e+02   3.2947e-07 
  3.5502e+02   3.2948e-07 
  3.5509e+02   3.3064e-07 
  3.5516e+02   3.2968e-07 
  3.5523e+02   3.2968e-07 
  3.5530e+02   3.7028e-06 
  3.5537e+02   3.2988e-07 
  3.5544e+02   3.3148e-07 
  3.5551e+02   3.3071e-07 
  3.5558e+02   3.3009e-07 
  3.5565e+02   3.3010e-07 
  3.5572e+02   3.3226e-07 
  3.5579e+02   3.3152e-07 
  3.5586e+02   3.3030e-07 
  3.5593e+02   3.3448e-07 
  3.5600e+02   3.3849e-07 
  3.5607e+02   3.5192e-07 
  3.5614e+02   3.3051e-07 
  3.5621e+02   3.3052e-07 
  3.5628e+02   3.3053e-07 
  3.5635e+02   3.3132e-07 
  3.5642e+02   3.3054e-07 
  3.5649e+02   3.3096e-07 
  3.5656e+02   3.3074e-07 
  3.5663e+02   3.5197e-07 
  3.5670e+02   3.3093e-07 
  3.5677e+02   3.3094e-07 
  3.5684e+02   3.3113e-07 
  3.5691e+02   5.7332e-07 
  3.5698e+02   3.3115e-07 
  3.5705e+02   3.3115e-07 
  3.5712e+02   3.3134e-07 
  3.5719e+02   3.8083e-07 
  3.5726e+02   3.3165e-07 
  3.5733e+02   3.3154e-07 
  3.5740e+02   3.3155e-07 
  3.5747e+02   3.3164e-07 
  3.5754e+02   3.3156e-07 
  3.5761e+02   3.3175e-07 
  3.5768e+02   3.3175e-07 
  3.5775e+02   3.3287e-07 
  3.5782e+02   1.4007e-06 
  3.5789e+02   3.3196e-07 
  3.5796e+02   3.4676e-06 
  3.5803e+02   3.3197e-07 
  3.5810e+02   3.3216e-07 
  3.5817e+02   3.3216e-07 
  3.5824e+02   3.3217e-07 
  3.5831e+02   3.5096e-07 
  3.5838e+02   3.3227e-07 
  3.5845e+02   9.7281e-06 
  3.5852e+02   3.3237e-07 
  3.5859e+02   3.3263e-07 
  3.5866e+02   2.3671e-06 
  3.5873e+02   5.8191e-07 
  3.5880e+02   3.3277e-07 
  3.5887e+02   3.3277e-07 
  3.5894e+02   3.3277e-07 
  3.5901e+02   3.3278e-07 
  3.5908e+02   3.3328e-07 
  3.5915e+02   3.3316e-07 
  3.5922e+02   3.3299e-07 
  3.5929e+02   3.3298e-07 
  3.5936e+02   1.6120e-05 
  3.5943e+02   3.3323e-07 
  3.5950e+02   3.3336e-07 
  3.5957e+02   3.3318e-07 
  3.5964e+02   3.3562e-07 
  3.5971e+02   3.3338e-07 
  3.5978e+02   3.3361e-07 
  3.5985e+02   3.6144e-07 
  3.5992e+02   3.3362e-07 
  3.5999e+02   3.3376e-07 
  3.6006e+02   3.3378e-07 
  3.6013e+02   3.3377e-07 
  3.6020e+02   3.3396e-07 
  3.6027e+02   3.3396e-07 
  3.6034e+02   3.3396e-07 
  3.6041e+02   3.3415e-07 
  3.6048e+02   3.3397e-07 
  3.6055e+02   3.3443e-07 
  3.6062e+02   3.3416e-07 
  3.6069e+02   3.3435e-07 
  3.6076e+02   3.0039e-05 
  3.6083e+02   3.3454e-07 
  3.6090e+02   3.3454e-07 
  3.6097e+02   3.3454e-07 
  3.6104e+02   3.3458e-07 
  3.6111e+02   3.3454e-07 
  3.6118e+02   3.3520e-07 
  3.6125e+02   3.3497e-07 
  3.6132e+02   3.3474e-07 
  3.6139e+02   3.4531e-07 
  3.6146e+02   3.3493e-07 
  3.6153e+02   3.7284e-07 
  3.6160e+02   3.3493e-07 
  3.6167e+02   3.4933e-07 
  3.6174e+02   3.3512e-07 
  3.6181e+02   3.3531e-07 
  3.6188e+02   3.3531e-07 
  3.6195e+02   3.3531e-07 
  3.6202e+02   3.3549e-07 
  3.6209e+02   3.3549e-07 
  3.6216e+02   3.3549e-07 
  3.6223e+02   3.3549e-07 
  3.6230e+02   3.3568e-07 
  3.6237e+02   3.3591e-07 
  3.6244e+02   3.3568e-07 
  3.6251e+02   3.3620e-07 
  3.6258e+02   3.3589e-07 
  3.6265e+02   3.3587e-07 
  3.6272e+02   3.3606e-07 
  3.6279e+02   3.3606e-07 
  3.6286e+02   3.3606e-07 
  3.6293e+02   3.3625e-07 
  3.6300e+02   3.3625e-07 
  3.6307e+02   3.3624e-07 
  3.6314e+02   3.3644e-07 
  3.6321e+02   3.3643e-07 
  3.6328e+02   3.3662e-07 
  3.6335e+02   3.3643e-07 
  3.6342e+02   3.3662e-07 
  3.6349e+02   3.3662e-07 
  3.6356e+02   3.3681e-07 
  3.6363e+02   3.3663e-07 
  3.6370e+02   3.3786e-07 
  3.6377e+02   6.8034e-07 
  3.6384e+02   3.3714e-07 
  3.6391e+02   3.3858e-07 
  3.6398e+02   3.3698e-07 
  3.6405e+02   3.3717e-07 
  3.6412e+02   3.3717e-07 
  3.6419e+02   3.3812e-07 
  3.6426e+02   3.3716e-07 
  3.6433e+02   3.3735e-07 
  3.6440e+02   3.3755e-07 
  3.6447e+02   3.5314e-07 
  3.6454e+02   3.3734e-07 
  3.6461e+02   3.3774e-07 
  3.6468e+02   3.3772e-07 
  3.6475e+02   3.3771e-07 
  3.6482e+02   3.9117e-07 
  3.6489e+02   3.3790e-07 
  3.6496e+02   3.3789e-07 
  3.6503e+02   3.3812e-07 
  3.6510e+02   3.3788e-07 
  3.6517e+02   3.4601e-07 
  3.6524e+02   6.3593e-07 
  3.6531e+02   3.3825e-07 
  3.6538e+02   3.3824e-07 
  3.6545e+02   3.4559e-07 
  3.6552e+02   3.4120e-07 
  3.6559e+02   7.1395e-07 
  3.6566e+02   3.3840e-07 
  3.6573e+02   3.3839e-07 
  3.6580e+02   3.3858e-07 
  3.6587e+02   3.3876e-07 
  3.6594e+02   3.3875e-07 
  3.6601e+02   3.3855e-07 
  3.6608e+02   3.3893e-07 
  3.6615e+02   3.3892e-07 
  3.6622e+02   3.3965e-07 
  3.6629e+02   3.3890e-07 
  3.6636e+02   3.4016e-07 
  3.6643e+02   3.3908e-07 
  3.6650e+02   3.3930e-07 
  3.6657e+02   3.3966e-07 
  3.6664e+02   3.3926e-07 
  3.6671e+02   3.3943e-07 
  3.6678e+02   4.6456e-07 
  3.6685e+02   3.4099e-07 
  3.6692e+02   3.4396e-07 
  3.6699e+02   3.3958e-07 
  3.6706e+02   3.3957e-07 
  3.6713e+02   3.3958e-07 
  3.6720e+02   1.5450e-06 
  3.6727e+02   3.3974e-07 
  3.6734e+02   3.4238e-07 
  3.6741e+02   3.3992e-07 
  3.6748e+02   3.3970e-07 
  3.6755e+02   9.3772e-07 
  3.6762e+02   3.4008e-07 
  3.6769e+02   7.7069e-07 
  3.6776e+02   3.4011e-07 
  3.6783e+02   3.4024e-07 
  3.6790e+02   3.4042e-07 
  3.6797e+02   3.4041e-07 
  3.6804e+02   1.0216e-06 
  3.6811e+02   3.4039e-07 
  3.6818e+02   3.4086e-07 
  3.6825e+02   3.4069e-07 
  3.6832e+02   3.4196e-07 
  3.6839e+02   3.4074e-07 
  3.6846e+02   3.4133e-07 
  3.6853e+02   3.4092e-07 
  3.6860e+02   3.4071e-07 
  3.6867e+02   3.4364e-07 
  3.6874e+02   3.4088e-07 
  3.6881e+02   3.4107e-07 
  3.6888e+02   3.4160e-07 
  3.6895e+02   3.4087e-07 
  3.6902e+02   3.4123e-07 
  3.6909e+02   3.4142e-07 
  3.6916e+02   3.4137e-07 
  3.6923e+02   3.4139e-07 
  3.6930e+02   3.4138e-07 
  3.6937e+02   3.4157e-07 
  3.6944e+02   3.4607e-07 
  3.6951e+02   3.4154e-07 
  3.6958e+02   3.4153e-07 
  3.6965e+02   3.4192e-07 
  3.6972e+02   3.4171e-07 
  3.6979e+02   3.4169e-07 
  3.6986e+02   3.4199e-07 
  3.6993e+02   3.4207e-07 
  3.7000e+02   3.4206e-07 
  3.7007e+02   3.6609e-07 
  3.7014e+02   3.4225e-07 
  3.7021e+02   3.4222e-07 
  3.7028e+02   3.4221e-07 
  3.7035e+02   3.4240e-07 
  3.7042e+02   3.4218e-07 
  3.7049e+02   3.6359e-07 
  3.7056e+02   3.4256e-07 
  3.7063e+02   3.4254e-07 
  3.7070e+02   3.4233e-07 
  3.7077e+02   3.4272e-07 
  3.7084e+02   3.4290e-07 
  3.7091e+02   3.4269e-07 
  3.7098e+02   3.4279e-07 
  3.7105e+02   3.4641e-07 
  3.7112e+02   3.6303e-07 
  3.7119e+02   3.4303e-07 
  3.7126e+02   3.4302e-07 
  3.7133e+02   3.4321e-07 
  3.7140e+02   3.4319e-07 
  3.7147e+02   3.5506e-07 
  3.7154e+02   3.4316e-07 
  3.7161e+02   3.4355e-07 
  3.7168e+02   3.4333e-07 
  3.7175e+02   3.4356e-07 
  3.7182e+02   3.4351e-07 
  3.7189e+02   3.4406e-07 
  3.7196e+02   3.4368e-07 
  3.7203e+02   3.4394e-07 
  3.7210e+02   3.4365e-07 
  3.7217e+02   3.4384e-07 
  3.7224e+02   3.4473e-07 
  3.7231e+02   3.4401e-07 
  3.7238e+02   3.4399e-07 
  3.7245e+02   3.4397e-07 
  3.7252e+02   3.4416e-07 
  3.7259e+02   3.4435e-07 
  3.7266e+02   3.4413e-07 
  3.7273e+02   3.4611e-07 
  3.7280e+02   3.4549e-07 
  3.7287e+02   3.4604e-07 
  3.7294e+02   3.4447e-07 
  3.7301e+02   3.4445e-07 
  3.7308e+02   3.4463e-07 
  3.7315e+02   3.4460e-07 
  3.7322e+02   3.4478e-07 
  3.7329e+02   3.4455e-07 
  3.7336e+02   3.5303e-07 
  3.7343e+02   3.4640e-07 
  3.7350e+02   3.4509e-07 
  3.7357e+02   3.4478e-07 
  3.7364e+02   3.4504e-07 
  3.7371e+02   3.4525e-07 
  3.7378e+02   4.3079e-06 
  3.7385e+02   3.4517e-07 
  3.7392e+02   3.4558e-07 
  3.7399e+02   2.4060e-05 
  3.7406e+02   1.2253e-05 
  3.7413e+02   1.8160e-05 
  3.7420e+02   1.6064e-05 
  3.7427e+02   3.4542e-07 
  3.7434e+02   1.8486e-05 
  3.7441e+02   3.8808e-05 
  3.7448e+02   3.4555e-07 
  3.7455e+02   3.4552e-07 
  3.7462e+02   3.4656e-07 
  3.7469e+02   3.4567e-07 
  3.7476e+02   3.4564e-07 
  3.7483e+02   3.4603e-07 
  3.7490e+02   3.4579e-07 
  3.7497e+02   3.4618e-07 
  3.7504e+02   3.4697e-07 
  3.7511e+02   3.4612e-07 
  3.7518e+02   3.4615e-07 
  3.7525e+02   3.4634e-07 
  3.7532e+02   3.4604e-07 
  3.7539e+02   3.4643e-07 
  3.7546e+02   3.4640e-07 
  3.7553e+02   3.4637e-07 
  3.7560e+02   3.4634e-07 
  3.7567e+02   3.4631e-07 
  3.7574e+02   3.4671e-07 
  3.7581e+02   3.4667e-07 
  3.7588e+02   3.4664e-07 
  3.7595e+02   3.4640e-07 
  3.7602e+02   3.4681e-07 
  3.7609e+02   3.4676e-07 
  3.7616e+02   3.4694e-07 
  3.7623e+02   3.4669e-07 
  3.7630e+02   3.4727e-07 
  3.7637e+02   3.4700e-07 
  3.7644e+02   3.5165e-07 
  3.7651e+02   3.4686e-07 
  3.7658e+02   3.4700e-07 
  3.7665e+02   3.4825e-07 
  3.7672e+02   3.4708e-07 
  3.7679e+02   3.4679e-07 
  3.7686e+02   3.4715e-07 
  3.7693e+02   3.4855e-07 
  3.7700e+02   3.4701e-07 
  3.7707e+02   3.4694e-07 
  3.7714e+02   3.4708e-07 
  3.7721e+02   3.4701e-07 
  3.7728e+02   3.4713e-07 
  3.7735e+02   3.4726e-07 
  3.7742e+02   3.4675e-07 
  3.7749e+02   3.4729e-07 
  3.7756e+02   3.4699e-07 
  3.7763e+02   3.4712e-07 
  3.7770e+02   3.4682e-07 
  3.7777e+02   3.4715e-07 
  3.7784e+02   3.4707e-07 
  3.7791e+02   3.4698e-07 
  3.7798e+02   3.4710e-07 
  3.7805e+02   3.4838e-07 
  3.7812e+02   3.4692e-07 
  3.7819e+02   3.4705e-07 
  3.7826e+02   3.4696e-07 
  3.7833e+02   3.4708e-07 
  3.7840e+02   3.4723e-07 
  3.7847e+02   3.4709e-07 
  3.7854e+02   3.4679e-07 
  3.7861e+02   3.4686e-07 
  3.7868e+02   3.4696e-07 
  3.7875e+02   3.5713e-07 
  3.7882e+02   3.4673e-07 
  3.7889e+02   3.4683e-07 
  3.7896e+02   3.4693e-07 
  3.7903e+02   3.4660e-07 
  3.7910e+02   3.4692e-07 
  3.7917e+02   3.6040e-07 
  3.7924e+02   3.4669e-07 
  3.7931e+02   2.4682e-06 
  3.7938e+02   3.4668e-07 
  3.7945e+02   3.4635e-07 
  3.7952e+02   3.4666e-07 
  3.7959e+02   3.4655e-07 
  3.7966e+02   3.4691e-07 
  3.7973e+02   3.4632e-07 
  3.7980e+02   7.3799e-06 
  3.7987e+02   3.4630e-07 
  3.7994e+02   1.9891e-05 
  3.8001e+02   3.4629e-07 
  3.8008e+02   3.4656e-07 
  3.8015e+02   3.4627e-07 
  3.8022e+02   3.4653e-07 
  3.8029e+02   3.4604e-07 
  3.8036e+02   3.4614e-07 
  3.8043e+02   3.4624e-07 
  3.8050e+02   3.4634e-07 
  3.8057e+02   3.4601e-07 
  3.8064e+02   3.4611e-07 
  3.8071e+02   3.4600e-07 
  3.8078e+02   3.4610e-07 
  3.8085e+02   3.4620e-07 
  3.8092e+02   3.4619e-07 
  3.8099e+02   3.4597e-07 
  3.8106e+02   3.4585e-07 
  3.8113e+02   3.4637e-07 
  3.8120e+02   3.5074e-07 
  3.8127e+02   3.4594e-07 
  3.8134e+02   3.4582e-07 
  3.8141e+02   3.4651e-07 
  3.8148e+02   3.4559e-07 
  3.8155e+02   3.4569e-07 
  3.8162e+02   3.4697e-07 
  3.8169e+02   3.4567e-07 
  3.8176e+02   3.4556e-07 
  3.8183e+02   3.4582e-07 
  3.8190e+02   3.4576e-07 
  3.8197e+02   3.4586e-07 
  3.8204e+02   3.4552e-07 
  3.8211e+02   3.4691e-07 
  3.8218e+02   3.4550e-07 
  3.8225e+02   3.4677e-07 
  3.8232e+02   3.4577e-07 
  3.8239e+02   3.4559e-07 
  3.8246e+02   3.4650e-07 
  3.8253e+02   3.4561e-07 
  3.8260e+02   3.4555e-07 
  3.8267e+02   3.6058e-07 
  3.8274e+02   3.4529e-07 
  3.8281e+02   3.4531e-07 
  3.8288e+02   3.4865e-07 
  3.8295e+02   3.4508e-07 
  3.8302e+02   3.4518e-07 
  3.8309e+02   3.4528e-07 
  3.8316e+02   3.4524e-07 
  3.8323e+02   3.4482e-07 
  3.8330e+02   3.4514e-07 
  3.8337e+02   3.4964e-07 
  3.8344e+02   3.4827e-07 
  3.8351e+02   3.4654e-07 
  3.8358e+02   3.4514e-07 
  3.8365e+02   3.4498e-07 
  3.8372e+02   3.4789e-07 
  3.8379e+02   3.4512e-07 
  3.8386e+02   3.4484e-07 
  3.8393e+02   3.4494e-07 
  3.8400e+02   5.1564e-06 
  3.8407e+02   3.4448e-07 
  3.8414e+02   9.0038e-06 
  3.8421e+02   1.3072e-06 
  3.8428e+02   3.4456e-07 
  3.8435e+02   3.4488e-07 
  3.8442e+02   3.4454e-07 
  3.8449e+02   3.4475e-07 
  3.8456e+02   3.4452e-07 
  3.8463e+02   3.4461e-07 
  3.8470e+02   3.4449e-07 
  3.8477e+02   3.5704e-07 
  3.8484e+02   3.4447e-07 
  3.8491e+02   3.4451e-07 
  3.8498e+02   3.4588e-07 
  3.8505e+02   6.3849e-07 
  3.8512e+02   3.4443e-07 
  3.8519e+02   3.6206e-07 
  3.8526e+02   3.4440e-07 
  3.8533e+02   3.4428e-07 
  3.8540e+02   3.4416e-07 
  3.8547e+02   3.4426e-07 
  3.8554e+02   3.4414e-07 
  3.8561e+02   3.4423e-07 
  3.8568e+02   3.4411e-07 
  3.8575e+02   3.4421e-07 
  3.8582e+02   3.7129e-07 
  3.8589e+02   3.4397e-07 
  3.8596e+02   3.4406e-07 
  3.8603e+02   3.4426e-07 
  3.8610e+02   3.4412e-07 
  3.8617e+02   1.2695e-05 
  3.8624e+02   3.4379e-07 
  3.8631e+02   3.4411e-07 
  3.8638e+02   3.4377e-07 
  3.8645e+02   3.4391e-07 
  3.8652e+02   3.4374e-07 
  3.8659e+02   3.4384e-07 
  3.8666e+02   3.4394e-07 
  3.8673e+02   3.4360e-07 
  3.8680e+02   3.4369e-07 
  3.8687e+02   3.6083e-07 
  3.8694e+02   3.4367e-07 
  3.8701e+02   3.4628e-07 
  3.8708e+02   3.5899e-07 
  3.8715e+02   6.2184e-07 
  3.8722e+02   3.4339e-07 
  3.8729e+02   3.4349e-07 
  3.8736e+02   5.1335e-06 
  3.8743e+02   3.4346e-07 
  3.8750e+02   3.4356e-07 
  3.8757e+02   3.4669e-07 
  3.8764e+02   3.4353e-07 
  3.8771e+02   3.4355e-07 
  3.8778e+02   3.4408e-07 
  3.8785e+02   3.9461e-07 
  3.8792e+02   3.4338e-07 
  3.8799e+02   3.4469e-07 
  3.8806e+02   3.4345e-07 
  3.8813e+02   3.4310e-07 
  3.8820e+02   8.3363e-07 
  3.8827e+02   3.4307e-07 
  3.8834e+02   3.4317e-07 
  3.8841e+02   3.4327e-07 
  3.8848e+02   3.4292e-07 
  3.8855e+02   3.4304e-07 
  3.8862e+02   3.4311e-07 
  3.8869e+02   3.4299e-07 
  3.8876e+02   3.4286e-07 
  3.8883e+02   3.4296e-07 
  3.8890e+02   4.5418e-07 
  3.8897e+02   3.4293e-07 
  3.8904e+02   3.4258e-07 
  3.8911e+02   1.3140e-06 
  3.8918e+02   3.4277e-07 
  3.8925e+02   3.4287e-07 
  3.8932e+02   3.4274e-07 
  3.8939e+02   3.4261e-07 
  3.8946e+02   3.4329e-07 
  3.8953e+02   3.4309e-07 
  3.8960e+02   3.4268e-07 
  3.8967e+02   3.4255e-07 
  3.8974e+02   3.4273e-07 
  3.8981e+02   3.4258e-07 
  3.8988e+02   3.4262e-07 
  3.8995e+02   3.4226e-07 
  3.9002e+02   3.4258e-07 
  3.9009e+02   3.8425e-07 
  3.9016e+02   3.4255e-07 
  3.9023e+02   3.4270e-07 
  3.9030e+02   3.4252e-07 
  3.9037e+02   3.4217e-07 
  3.9044e+02   3.4249e-07 
  3.9051e+02   3.4214e-07 
  3.9058e+02   3.4263e-07 
  3.9065e+02   3.4233e-07 
  3.9072e+02   3.4220e-07 
  3.9079e+02   3.4207e-07 
  3.9086e+02   5.6580e-07 
  3.9093e+02   3.4227e-07 
  3.9100e+02   3.4214e-07 
  3.9107e+02   3.4202e-07 
  3.9114e+02   3.4643e-07 
  3.9121e+02   3.5261e-07 
  3.9128e+02   3.4223e-07 
  3.9135e+02   3.4203e-07 
  3.9142e+02   3.4182e-07 
  3.9149e+02   3.4192e-07 
  3.9156e+02   3.4201e-07 
  3.9163e+02   3.4189e-07 
  3.9170e+02   3.4176e-07 
  3.9177e+02   3.4185e-07 
  3.9184e+02   3.4195e-07 
  3.9191e+02   3.4182e-07 
  3.9198e+02   3.4147e-07 
  3.9205e+02   3.4179e-07 
  3.9212e+02   3.4189e-07 
  3.9219e+02   3.4154e-07 
  3.9226e+02   3.4164e-07 
  3.9233e+02   3.4197e-07 
  3.9240e+02   3.4170e-07 
  3.9247e+02   3.7616e-07 
  3.9254e+02   3.4158e-07 
  3.9261e+02   3.4145e-07 
  3.9268e+02   3.4156e-07 
  3.9275e+02   3.4165e-07 
  3.9282e+02   3.4130e-07 
  3.9289e+02   3.4140e-07 
  3.9296e+02   3.4150e-07 
  3.9303e+02   3.4314e-07 
  3.9310e+02   3.4124e-07 
  3.9317e+02   3.4134e-07 
  3.9324e+02   3.4144e-07 
  3.9331e+02   3.4225e-07 
  3.9338e+02   3.4118e-07 
  3.9345e+02   3.4128e-07 
  3.9352e+02   3.4115e-07 
  3.9359e+02   3.4148e-07 
  3.9366e+02   3.4112e-07 
  3.9373e+02   3.4099e-07 
  3.9380e+02   3.4132e-07 
  3.9387e+02   3.4119e-07 
  3.9394e+02   3.4106e-07 
  3.9401e+02   4.1762e-07 
  3.9408e+02   3.4103e-07 
  3.9415e+02   3.4113e-07 
  3.9422e+02   3.4100e-07 
  3.9429e+02   3.4087e-07 
  3.9436e+02   3.4120e-07 
  3.9443e+02   3.4084e-07 
  3.9450e+02   3.4096e-07 
  3.9457e+02   3.4081e-07 
  3.9464e+02   3.4091e-07 
  3.9471e+02   3.4124e-07 
  3.9478e+02   3.4101e-07 
  3.9485e+02   3.4074e-07 
  3.9492e+02   3.4061e-07 
  3.9499e+02   3.5149e-07 
  3.9506e+02   3.4081e-07 
  3.9513e+02   3.4068e-07 
  3.9520e+02   3.4055e-07 
  3.9527e+02   3.4065e-07 
  3.9534e+02   3.4074e-07 
  3.9541e+02   3.4061e-07 
  3.9548e+02   3.4048e-07 
  3.9555e+02   6.7466e-06 
  3.9562e+02   3.4045e-07 
  3.9569e+02   3.4066e-07 
  3.9576e+02   3.4042e-07 
  3.9583e+02   3.4056e-07 
  3.9590e+02   3.4228e-07 
  3.9597e+02   3.4048e-07 
  3.9604e+02   3.4035e-07 
  3.9611e+02   3.4045e-07 
  3.9618e+02   3.4031e-07 
  3.9625e+02   3.4042e-07 
  3.9632e+02   3.4028e-07 
  3.9639e+02   3.4015e-07 
  3.9646e+02   3.4047e-07 
  3.9653e+02   3.4034e-07 
  3.9660e+02   3.4021e-07 
  3.9667e+02   3.4008e-07 
  3.9674e+02   3.4017e-07 
  3.9681e+02   3.4027e-07 
  3.9688e+02   3.4014e-07 
  3.9695e+02   3.4003e-07 
  3.9702e+02   3.4022e-07 
  3.9709e+02   3.4011e-07 
  3.9716e+02   3.4007e-07 
  3.9723e+02   3.3993e-07 
  3.9730e+02   3.4003e-07 
  3.9737e+02   3.4002e-07 
  3.9744e+02   3.4001e-07 
  3.9751e+02   3.3987e-07 
  3.9758e+02   3.3997e-07 
  3.9765e+02   3.3994e-07 
  3.9772e+02   3.3992e-07 
  3.9779e+02   3.3983e-07 
  3.9786e+02   3.3988e-07 
  3.9793e+02   3.3987e-07 
  3.9800e+02   3.3985e-07 
  3.9807e+02   3.3960e-07 
  3.9814e+02   3.3981e-07 
  3.9821e+02   3.3967e-07 
  3.9828e+02   3.3977e-07 
  3.9835e+02   3.3975e-07 
  3.9842e+02   3.3950e-07 
  3.9849e+02   3.3960e-07 
  3.9856e+02   3.3969e-07 
  3.9863e+02   3.3956e-07 
  3.9870e+02   3.3954e-07 
  3.9877e+02   3.3952e-07 
  3.9884e+02   3.3950e-07 
  3.9891e+02   3.3959e-07 
  3.9898e+02   3.3935e-07 
  3.9905e+02   3.3944e-07 
  3.9912e+02   3.3942e-07 
  3.9919e+02   3.3951e-07 
  3.9926e+02   4.1266e-06 
  3.9933e+02   3.3936e-07 
  3.9940e+02   3.3934e-07 
  3.9947e+02   3.3932e-07 
  3.9954e+02   3.3918e-07 
  3.9961e+02   3.3928e-07 
  3.9968e+02   3.3926e-07 
  3.9975e+02   3.3924e-07 
  3.9982e+02   2.6773e-06 
  3.9989e+02   3.3919e-07 
  3.9996e+02   3.3928e-07 
  4.0005e+02   4.8442e-07 
  4.0015e+02   4.8438e-07 
  4.0025e+02   4.8434e-07 
  4.0035e+02   4.8430e-07 
  4.0045e+02   4.8438e-07 
  4.0055e+02   4.8429e-07 
  4.0065e+02   8.2080e-06 
  4.0075e+02   4.8415e-07 
  4.0085e+02   4.8411e-07 
  4.0095e+02   4.8966e-07 
  4.0105e+02   4.8403e-07 
  4.0115e+02   1.8274e-05 
  4.0125e+02   4.8398e-07 
  4.0135e+02   4.8379e-07 
  4.0145e+02   4.8627e-07 
  4.0155e+02   4.8371e-07 
  4.0165e+02   4.8356e-07 
  4.0175e+02   4.8392e-07 
  4.0185e+02   4.8359e-07 
  4.0195e+02   1.2450e-05 
  4.0205e+02   4.8351e-07 
  4.0215e+02   4.8388e-07 
  4.0225e+02   4.8342e-07 
  4.0235e+02   4.8338e-07 
  4.0245e+02   4.8467e-07 
  4.0255e+02   4.8330e-07 
  4.0265e+02   4.8314e-07 
  4.0275e+02   4.8322e-07 
  4.0285e+02   4.8318e-07 
  4.0295e+02   4.8363e-07 
  4.0305e+02   4.8502e-07 
  4.0315e+02   4.8292e-07 
  4.0325e+02   1.0912e-05 
  4.0335e+02   1.1976e-05 
  4.0345e+02   4.8294e-07 
  4.0355e+02   4.8683e-07 
  4.0365e+02   4.8274e-07 
  4.0375e+02   4.8278e-07 
  4.0385e+02   4.8319e-07 
  4.0395e+02   6.3674e-07 
  4.0405e+02   4.8260e-07 
  4.0415e+02   7.6684e-07 
  4.0425e+02   4.8324e-07 
  4.0435e+02   7.0038e-07 
  4.0445e+02   4.8263e-07 
  4.0455e+02   4.8233e-07 
  4.0465e+02   5.1992e-07 
  4.0475e+02   4.8247e-07 
  4.0485e+02   4.8240e-07 
  4.0495e+02   4.8231e-07 
  4.0505e+02   4.8212e-07 
  4.0515e+02   4.8219e-07 
  4.0525e+02   4.8216e-07 
  4.0535e+02   4.8200e-07 
  4.0545e+02   4.8213e-07 
  4.0555e+02   4.8192e-07 
  4.0565e+02   4.8179e-07 
  4.0575e+02   4.9643e-07 
  4.0585e+02   4.8179e-07 
  4.0595e+02   4.8187e-07 
  4.0605e+02   4.8171e-07 
  4.0615e+02   4.8155e-07 
  4.0625e+02   4.8175e-07 
  4.0635e+02   4.8178e-07 
  4.0645e+02   4.8166e-07 
  4.0655e+02   4.8150e-07 
  4.0665e+02   4.8146e-07 
  4.0675e+02   4.8142e-07 
  4.0685e+02   4.8151e-07 
  4.0695e+02   4.9501e-07 
  4.0705e+02   4.8141e-07 
  4.0715e+02   4.8125e-07 
  4.0725e+02   4.8120e-07 
  4.0735e+02   4.8128e-07 
  4.0745e+02   4.8307e-07 
  4.0755e+02   4.8107e-07 
  4.0765e+02   4.8103e-07 
  4.0775e+02   4.8110e-07 
  4.0785e+02   4.8106e-07 
  4.0795e+02   4.8101e-07 
  4.0805e+02   4.8097e-07 
  4.0815e+02   4.8080e-07 
  4.0825e+02   4.8105e-07 
  4.0835e+02   4.8083e-07 
  4.0845e+02   4.8079e-07 
  4.0855e+02   4.8074e-07 
  4.0865e+02   4.8057e-07 
  4.0875e+02   4.8065e-07 
  4.0885e+02   4.8072e-07 
  4.0895e+02   4.8056e-07 
  4.0905e+02   4.8063e-07 
  4.0915e+02   4.8034e-07 
  4.0925e+02   5.8016e-07 
  4.0935e+02   4.8366e-07 
  4.0945e+02   4.8184e-07 
  4.0955e+02   4.8027e-07 
  4.0965e+02   4.8517e-07 
  4.0975e+02   4.8099e-07 
  4.0985e+02   4.8025e-07 
  4.0995e+02   4.8020e-07 
  4.1005e+02   4.8015e-07 
  4.1015e+02   4.8052e-07 
  4.1025e+02   4.8006e-07 
  4.1035e+02   4.8109e-07 
  4.1045e+02   4.8008e-07 
  4.1055e+02   4.7991e-07 
  4.1065e+02   4.8002e-07 
  4.1075e+02   4.7994e-07 
  4.1085e+02   4.7989e-07 
  4.1095e+02   4.7984e-07 
  4.1105e+02   4.7967e-07 
  4.1115e+02   4.8009e-07 
  4.1125e+02   4.7969e-07 
  4.1135e+02   4.7964e-07 
  4.1145e+02   4.7959e-07 
  4.1155e+02   4.7966e-07 
  4.1165e+02   4.8241e-07 
  4.1175e+02   4.7944e-07 
  4.1185e+02   4.7951e-07 
  4.1195e+02   4.7933e-07 
  4.1205e+02   4.7941e-07 
  4.1215e+02   4.7923e-07 
  4.1225e+02   4.7930e-07 
  4.1235e+02   4.7998e-07 
  4.1245e+02   4.7920e-07 
  4.1255e+02   4.7915e-07 
  4.1265e+02   4.7897e-07 
  4.1275e+02   4.7916e-07 
  4.1285e+02   4.7899e-07 
  4.1295e+02   4.7906e-07 
  4.1305e+02   4.7902e-07 
  4.1315e+02   4.7871e-07 
  4.1325e+02   4.7890e-07 
  4.1335e+02   4.7885e-07 
  4.1345e+02   4.7892e-07 
  4.1355e+02   4.7874e-07 
  4.1365e+02   4.7857e-07 
  4.1375e+02   4.7875e-07 
  4.1385e+02   4.7870e-07 
  4.1395e+02   4.7852e-07 
  4.1405e+02   4.7859e-07 
  4.1415e+02   4.8132e-07 
  4.1425e+02   4.7849e-07 
  4.1435e+02   4.7856e-07 
  4.1445e+02   4.7838e-07 
  4.1455e+02   4.7845e-07 
  4.1465e+02   4.7815e-07 
  4.1475e+02   4.7868e-07 
  4.1485e+02   4.7829e-07 
  4.1495e+02   4.7824e-07 
  4.1505e+02   4.7819e-07 
  4.1515e+02   4.7820e-07 
  4.1525e+02   4.7808e-07 
  4.1535e+02   4.7815e-07 
  4.1545e+02   4.7809e-07 
  4.1555e+02   4.7810e-07 
  4.1565e+02   4.7786e-07 
  4.1575e+02   4.7793e-07 
  4.1585e+02   4.7788e-07 
  4.1595e+02   4.7794e-07 
  4.1605e+02   4.7789e-07 
  4.1615e+02   1.9085e-06 
  4.1625e+02   4.7798e-07 
  4.1635e+02   4.7772e-07 
  4.1645e+02   4.7779e-07 
  4.1655e+02   4.7761e-07 
  4.1665e+02   4.7755e-07 
  4.1675e+02   5.0249e-07 
  4.1685e+02   5.5524e-07 
  4.1695e+02   4.7763e-07 
  4.1705e+02   4.7745e-07 
  4.1715e+02   4.7727e-07 
  4.1725e+02   2.0593e-06 
  4.1735e+02   4.7741e-07 
  4.1745e+02   4.7723e-07 
  4.1755e+02   4.7790e-07 
  4.1765e+02   2.3808e-05 
  4.1775e+02   4.7719e-07 
  4.1785e+02   4.7726e-07 
  4.1795e+02   4.7722e-07 
  4.1805e+02   4.7715e-07 
  4.1815e+02   4.7899e-07 
  4.1825e+02   4.7704e-07 
  4.1835e+02   4.7712e-07 
  4.1845e+02   4.7694e-07 
  4.1855e+02   4.7701e-07 
  4.1865e+02   4.7683e-07 
  4.1875e+02   4.7690e-07 
  4.1885e+02   4.7697e-07 
  4.1895e+02   4.7679e-07 
  4.1905e+02   4.7687e-07 
  4.1915e+02   4.7669e-07 
  4.1925e+02   4.7676e-07 
  4.1935e+02   4.7683e-07 
  4.1945e+02   4.7666e-07 
  4.1955e+02   4.9811e-06 
  4.1965e+02   4.7655e-07 
  4.1975e+02   9.4579e-06 
  4.1985e+02   4.7709e-07 
  4.1995e+02   4.7652e-07 
  4.2005e+02   4.7659e-07 
  4.2015e+02   4.8400e-07 
  4.2025e+02   4.7649e-07 
  4.2035e+02   5.1234e-07 
  4.2045e+02   4.7680e-07 
  4.2055e+02   4.7645e-07 
  4.2065e+02   4.7627e-07 
  4.2075e+02   4.7634e-07 
  4.2085e+02   4.7642e-07 
  4.2095e+02   4.9200e-07 
  4.2105e+02   4.7633e-07 
  4.2115e+02   4.7612e-07 
  4.2125e+02   4.7632e-07 
  4.2135e+02   4.7633e-07 
  4.2145e+02   4.7629e-07 
  4.2155e+02   4.7616e-07 
  4.2165e+02   4.7634e-07 
  4.2175e+02   4.7617e-07 
  4.2185e+02   4.7599e-07 
  4.2195e+02   4.7735e-07 
  4.2205e+02   4.7601e-07 
  4.2215e+02   4.7595e-07 
  4.2225e+02   7.3005e-07 
  4.2235e+02   5.2739e-07 
  4.2245e+02   4.7600e-07 
  4.2255e+02   4.7585e-07 
  4.2265e+02   4.7581e-07 
  4.2275e+02   4.7587e-07 
  4.2285e+02   4.7581e-07 
  4.2295e+02   4.7576e-07 
  4.2305e+02   4.7569e-07 
  4.2315e+02   4.7566e-07 
  4.2325e+02   4.7571e-07 
  4.2335e+02   4.7565e-07 
  4.2345e+02   4.7572e-07 
  4.2355e+02   4.7553e-07 
  4.2365e+02   4.7547e-07 
  4.2375e+02   4.7554e-07 
  4.2385e+02   4.7561e-07 
  4.2395e+02   4.7542e-07 
  4.2405e+02   7.0178e-07 
  4.2415e+02   4.7544e-07 
  4.2425e+02   4.8096e-07 
  4.2435e+02   4.7544e-07 
  4.2445e+02   4.7541e-07 
  4.2455e+02   4.7533e-07 
  4.2465e+02   4.7514e-07 
  4.2475e+02   4.7536e-07 
  4.2485e+02   4.7527e-07 
  4.2495e+02   4.7534e-07 
  4.2505e+02   4.7515e-07 
  4.2515e+02   5.2349e-07 
  4.2525e+02   4.7785e-07 
  4.2535e+02   4.7509e-07 
  4.2545e+02   4.7516e-07 
  4.2555e+02   4.7510e-07 
  4.2565e+02   4.7490e-07 
  4.2575e+02   4.7497e-07 
  4.2585e+02   4.7504e-07 
  4.2595e+02   4.7497e-07 
  4.2605e+02   4.7604e-07 
  4.2615e+02   4.7485e-07 
  4.2625e+02   4.7491e-07 
  4.2635e+02   4.7485e-07 
  4.2645e+02   4.7478e-07 
  4.2655e+02   4.7485e-07 
  4.2665e+02   4.7467e-07 
  4.2675e+02   4.7472e-07 
  4.2685e+02   4.7498e-07 
  4.2695e+02   4.7472e-07 
  4.2705e+02   4.7465e-07 
  4.2715e+02   4.7446e-07 
  4.2725e+02   4.7467e-07 
  4.2735e+02   4.7459e-07 
  4.2745e+02   4.7487e-07 
  4.2755e+02   4.7459e-07 
  4.2765e+02   4.7426e-07 
  4.2775e+02   4.7458e-07 
  4.2785e+02   6.1539e-07 
  4.2795e+02   4.7445e-07 
  4.2805e+02   4.7439e-07 
  4.2815e+02   4.7429e-07 
  4.2825e+02   4.7511e-07 
  4.2835e+02   4.7490e-07 
  4.2845e+02   4.7425e-07 
  4.2855e+02   4.7478e-07 
  4.2865e+02   4.7411e-07 
  4.2875e+02   4.7418e-07 
  4.2885e+02   4.7424e-07 
  4.2895e+02   4.7417e-07 
  4.2905e+02   4.7413e-07 
  4.2915e+02   1.2853e-06 
  4.2925e+02   4.7410e-07 
  4.2935e+02   4.7403e-07 
  4.2945e+02   4.7409e-07 
  4.2955e+02   4.7395e-07 
  4.2965e+02   4.7382e-07 
  4.2975e+02   4.7402e-07 
  4.2985e+02   4.7395e-07 
  4.2995e+02   4.7388e-07 
  4.3005e+02   4.7381e-07 
  4.3015e+02   4.7374e-07 
  4.3025e+02   4.7481e-07 
  4.3035e+02   4.7373e-07 
  4.3045e+02   5.9855e-07 
  4.3055e+02   4.7372e-07 
  4.3065e+02   4.7352e-07 
  4.3075e+02   4.7371e-07 
  4.3085e+02   4.7364e-07 
  4.3095e+02   4.7357e-07 
  4.3105e+02   4.7363e-07 
  4.3115e+02   9.9537e-07 
  4.3125e+02   4.7350e-07 
  4.3135e+02   5.1254e-07 
  4.3145e+02   4.7845e-07 
  4.3155e+02   4.7349e-07 
  4.3165e+02   4.7333e-07 
  4.3175e+02   4.7339e-07 
  4.3185e+02   4.7345e-07 
  4.3195e+02   4.7392e-07 
  4.3205e+02   4.7344e-07 
  4.3215e+02   4.7311e-07 
  4.3225e+02   4.7331e-07 
  4.3235e+02   4.7324e-07 
  4.3245e+02   4.7330e-07 
  4.3255e+02   4.7659e-07 
  4.3265e+02   4.7317e-07 
  4.3275e+02   4.7310e-07 
  4.3285e+02   4.7316e-07 
  4.3295e+02   4.7323e-07 
  4.3305e+02   4.7303e-07 
  4.3315e+02   4.8103e-06 
  4.3325e+02   4.8147e-07 
  4.3335e+02   4.7295e-07 
  4.3345e+02   4.7315e-07 
  4.3355e+02   4.7295e-07 
  4.3365e+02   4.7289e-07 
  4.3375e+02   4.7298e-07 
  4.3385e+02   4.7302e-07 
  4.3395e+02   4.8976e-07 
  4.3405e+02   5.0821e-07 
  4.3415e+02   4.9702e-07 
  4.3425e+02   5.4413e-07 
  4.3435e+02   4.9105e-07 
  4.3445e+02   4.7289e-07 
  4.3455e+02   4.9849e-07 
  4.3465e+02   4.7276e-07 
  4.3475e+02   4.8241e-07 
  4.3485e+02   4.7276e-07 
  4.3495e+02   3.1215e-06 
  4.3505e+02   4.7277e-07 
  4.3515e+02   4.7270e-07 
  4.3525e+02   4.7637e-07 
  4.3535e+02   4.7282e-07 
  4.3545e+02   4.7261e-07 
  4.3555e+02   4.7281e-07 
  4.3565e+02   7.7671e-06 
  4.3575e+02   4.7267e-07 
  4.3585e+02   5.0177e-07 
  4.3595e+02   4.7266e-07 
  4.3605e+02   4.7258e-07 
  4.3615e+02   4.7259e-07 
  4.3625e+02   4.7257e-07 
  4.3635e+02   4.7250e-07 
  4.3645e+02   4.7343e-07 
  4.3655e+02   4.7248e-07 
  4.3665e+02   4.9374e-07 
  4.3675e+02   4.8578e-07 
  4.3685e+02   4.7240e-07 
  4.3695e+02   4.7246e-07 
  4.3705e+02   4.7241e-07 
  4.3715e+02   4.7218e-07 
  4.3725e+02   4.7238e-07 
  4.3735e+02   4.7231e-07 
  4.3745e+02   4.7237e-07 
  4.3755e+02   4.8472e-07 
  4.3765e+02   4.7216e-07 
  4.3775e+02   4.7401e-07 
  4.3785e+02   4.7222e-07 
  4.3795e+02   4.7228e-07 
  4.3805e+02   4.7232e-07 
  4.3815e+02   4.7213e-07 
  4.3825e+02   5.0945e-07 
  4.3835e+02   4.7212e-07 
  4.3845e+02   4.7597e-07 
  4.3855e+02   4.7211e-07 
  4.3865e+02   4.7190e-07 
  4.3875e+02   4.7581e-07 
  4.3885e+02   4.7202e-07 
  4.3895e+02   4.7208e-07 
  4.3905e+02   4.7238e-07 
  4.3915e+02   4.7217e-07 
  4.3925e+02   4.7200e-07 
  4.3935e+02   4.7206e-07 
  4.3945e+02   4.7198e-07 
  4.3955e+02   4.7243e-07 
  4.3965e+02   5.3926e-07 
  4.3975e+02   4.7203e-07 
  4.3985e+02   4.7224e-07 
  4.3995e+02   4.7201e-07 
  4.4005e+02   4.7180e-07 
  4.4015e+02   4.7172e-07 
  4.4025e+02   4.7192e-07 
  4.4035e+02   4.7184e-07 
  4.4045e+02   6.4487e-07 
  4.4055e+02   4.7182e-07 
  4.4065e+02   5.9261e-07 
  4.4075e+02   4.7181e-07 
  4.4085e+02   5.1762e-07 
  4.4095e+02   4.7198e-07 
  4.4105e+02   4.7171e-07 
  4.4115e+02   4.7259e-07 
  4.4125e+02   4.7253e-07 
  4.4135e+02   4.7182e-07 
  4.4145e+02   4.7167e-07 
  4.4155e+02   4.7159e-07 
  4.4165e+02   4.7151e-07 
  4.4175e+02   4.7160e-07 
  4.4185e+02   4.7163e-07 
  4.4195e+02   4.7155e-07 
  4.4205e+02   4.7161e-07 
  4.4215e+02   4.7139e-07 
  4.4225e+02   4.7144e-07 
  4.4235e+02   4.7150e-07 
  4.4245e+02   4.7156e-07 
  4.4255e+02   4.7340e-07 
  4.4265e+02   4.7126e-07 
  4.4275e+02   6.3638e-07 
  4.4285e+02   9.1166e-07 
  4.4295e+02   4.7165e-07 
  4.4305e+02   4.7135e-07 
  4.4315e+02   4.7127e-07 
  4.4325e+02   4.7132e-07 
  4.4335e+02   4.7138e-07 
  4.4345e+02   4.7193e-07 
  4.4355e+02   4.7136e-07 
  4.4365e+02   4.7113e-07 
  4.4375e+02   4.7119e-07 
  4.4385e+02   4.7125e-07 
  4.4395e+02   4.7195e-07 
  4.4405e+02   4.7122e-07 
  4.4415e+02   4.7469e-07 
  4.4425e+02   4.7879e-07 
  4.4435e+02   4.7125e-07 
  4.4445e+02   4.7116e-07 
  4.4455e+02   4.7108e-07 
  4.4465e+02   4.7099e-07 
  4.4475e+02   4.7105e-07 
  4.4485e+02   4.7110e-07 
  4.4495e+02   4.7136e-07 
  4.4505e+02   4.7093e-07 
  4.4515e+02   4.7099e-07 
  4.4525e+02   4.7104e-07 
  4.4535e+02   4.7096e-07 
  4.4545e+02   4.7101e-07 
  4.4555e+02   4.7093e-07 
  4.4565e+02   4.7084e-07 
  4.4575e+02   1.2330e-05 
  4.4585e+02   4.7095e-07 
  4.4595e+02   4.7100e-07 
  4.4605e+02   4.8385e-07 
  4.4615e+02   4.7069e-07 
  4.4625e+02   4.7089e-07 
  4.4635e+02   4.7080e-07 
  4.4645e+02   4.7086e-07 
  4.4655e+02   4.7077e-07 
  4.4665e+02   4.7072e-07 
  4.4675e+02   4.7088e-07 
  4.4685e+02   4.7066e-07 
  4.4695e+02   4.7087e-07 
  4.4705e+02   4.7076e-07 
  4.4715e+02   4.7054e-07 
  4.4725e+02   4.7073e-07 
  4.4735e+02   4.7687e-07 
  4.4745e+02   4.7071e-07 
  4.4755e+02   4.7061e-07 
  4.4765e+02   4.7052e-07 
  4.4775e+02   4.7072e-07 
  4.4785e+02   4.7064e-07 
  4.4795e+02   4.7056e-07 
  4.4805e+02   4.7063e-07 
  4.4815e+02   4.7054e-07 
  4.4825e+02   4.7160e-07 
  4.4835e+02   4.7051e-07 
  4.4845e+02   4.7100e-07 
  4.4855e+02   4.7063e-07 
  4.4865e+02   4.7041e-07 
  4.4875e+02   4.7061e-07 
  4.4885e+02   4.7053e-07 
  4.4895e+02   4.7059e-07 
  4.4905e+02   4.7051e-07 
  4.4915e+02   4.7042e-07 
  4.4925e+02   4.7203e-07 
  4.4935e+02   4.7055e-07 
  4.4945e+02   4.7050e-07 
  4.4955e+02   4.7112e-07 
  4.4965e+02   4.7046e-07 
  4.4975e+02   4.7052e-07 
  4.4985e+02   4.7045e-07 
  4.4995e+02   4.7051e-07 
  4.5005e+02   4.7059e-07 
  4.5015e+02   4.7035e-07 
  4.5025e+02   4.7056e-07 
  4.5035e+02   4.7048e-07 
  4.5045e+02   4.7054e-07 
  4.5055e+02   4.7047e-07 
  4.5065e+02   4.7039e-07 
  4.5075e+02   4.7101e-07 
  4.5085e+02   4.7052e-07 
  4.5095e+02   4.7044e-07 
  4.5105e+02   4.7050e-07 
  4.5115e+02   4.7043e-07 
  4.5125e+02   4.7049e-07 
  4.5135e+02   4.7055e-07 
  4.5145e+02   4.7047e-07 
  4.5155e+02   4.7054e-07 
  4.5165e+02   4.7031e-07 
  4.5175e+02   4.7052e-07 
  4.5185e+02   7.2406e-06 
  4.5195e+02   4.7050e-07 
  4.5205e+02   4.7042e-07 
  4.5215e+02   4.7034e-07 
  4.5225e+02   1.4019e-05 
  4.5235e+02   4.7047e-07 
  4.5245e+02   4.7053e-07 
  4.5255e+02   4.7045e-07 
  4.5265e+02   4.7037e-07 
  4.5275e+02   4.8919e-07 
  4.5285e+02   4.7049e-07 
  4.5295e+02   4.7055e-07 
  4.5305e+02   4.7060e-07 
  4.5315e+02   4.7040e-07 
  4.5325e+02   4.7046e-07 
  4.5335e+02   4.7053e-07 
  4.5345e+02   4.7052e-07 
  4.5355e+02   4.7052e-07 
  4.5365e+02   4.7044e-07 
  4.5375e+02   4.7051e-07 
  4.5385e+02   4.7059e-07 
  4.5395e+02   4.7050e-07 
  4.5405e+02   4.9841e-07 
  4.5415e+02   4.9512e-07 
  4.5425e+02   4.7096e-07 
  4.5435e+02   4.7063e-07 
  4.5445e+02   4.7055e-07 
  4.5455e+02   4.7062e-07 
  4.5465e+02   4.7040e-07 
  4.5475e+02   4.7062e-07 
  4.5485e+02   4.7069e-07 
  4.5495e+02   4.7061e-07 
  4.5505e+02   5.2035e-07 
  4.5515e+02   4.7046e-07 
  4.5525e+02   4.7067e-07 
  4.5535e+02   4.7077e-07 
  4.5545e+02   4.7067e-07 
  4.5555e+02   4.7059e-07 
  4.5565e+02   4.7119e-07 
  4.5575e+02   4.7073e-07 
  4.5585e+02   4.7065e-07 
  4.5595e+02   4.7197e-07 
  4.5605e+02   4.7090e-07 
  4.5615e+02   4.7056e-07 
  4.5625e+02   4.7077e-07 
  4.5635e+02   4.7071e-07 
  4.5645e+02   4.7091e-07 
  4.5655e+02   4.7291e-07 
  4.5665e+02   4.7075e-07 
  4.5675e+02   4.7067e-07 
  4.5685e+02   4.7089e-07 
  4.5695e+02   4.7081e-07 
  4.5705e+02   4.7088e-07 
  4.5715e+02   4.7067e-07 
  4.5725e+02   4.7111e-07 
  4.5735e+02   4.7078e-07 
  4.5745e+02   4.7100e-07 
  4.5755e+02   4.7077e-07 
  4.5765e+02   4.7084e-07 
  4.5775e+02   4.7132e-07 
  4.5785e+02   7.4508e-07 
  4.5795e+02   4.7089e-07 
  4.5805e+02   4.7095e-07 
  4.5815e+02   5.6064e-07 
  4.5825e+02   4.7094e-07 
  4.5835e+02   4.7086e-07 
  4.5845e+02   4.7093e-07 
  4.5855e+02   4.7100e-07 
  4.5865e+02   4.7090e-07 
  4.5875e+02   4.7097e-07 
  4.5885e+02   4.7104e-07 
  4.5895e+02   4.7096e-07 
  4.5905e+02   4.7108e-07 
  4.5915e+02   4.7093e-07 
  4.5925e+02   4.7100e-07 
  4.5935e+02   4.7106e-07 
  4.5945e+02   3.4293e-06 
  4.5955e+02   9.3676e-06 
  4.5965e+02   1.5310e-05 
  4.5975e+02   4.7103e-07 
  4.5985e+02   4.7109e-07 
  4.5995e+02   4.7116e-07 
  4.6005e+02   4.7107e-07 
  4.6015e+02   4.7099e-07 
  4.6025e+02   4.7121e-07 
  4.6035e+02   4.7112e-07 
  4.6045e+02   4.7119e-07 
  4.6055e+02   4.8909e-07 
  4.6065e+02   4.9280e-07 
  4.6075e+02   9.1164e-06 
  4.6085e+02   4.7115e-07 
  4.6095e+02   4.7122e-07 
  4.6105e+02   4.7151e-07 
  4.6115e+02   4.7105e-07 
  4.6125e+02   4.7126e-07 
  4.6135e+02   4.7133e-07 
  4.6145e+02   4.7124e-07 
  4.6155e+02   4.7131e-07 
  4.6165e+02   4.7107e-07 
  4.6175e+02   4.7143e-07 
  4.6185e+02   4.7120e-07 
  4.6195e+02   4.7141e-07 
  4.6205e+02   4.7133e-07 
  4.6215e+02   4.7124e-07 
  4.6225e+02   4.7130e-07 
  4.6235e+02   4.6806e-06 
  4.6245e+02   4.7143e-07 
  4.6255e+02   4.7134e-07 
  4.6265e+02   4.7125e-07 
  4.6275e+02   4.7147e-07 
  4.6285e+02   4.8758e-07 
  4.6295e+02   4.7144e-07 
  4.6305e+02   4.7151e-07 
  4.6315e+02   4.7127e-07 
  4.6325e+02   4.7148e-07 
  4.6335e+02   4.7154e-07 
  4.6345e+02   4.7145e-07 
  4.6355e+02   4.7152e-07 
  4.6365e+02   4.7143e-07 
  4.6375e+02   7.5130e-07 
  4.6385e+02   4.7156e-07 
  4.6395e+02   4.7162e-07 
  4.6405e+02   4.7153e-07 
  4.6415e+02   4.7202e-07 
  4.6425e+02   4.7150e-07 
  4.6435e+02   5.3260e-07 
  4.6445e+02   4.7163e-07 
  4.6455e+02   4.7180e-07 
  4.6465e+02   5.5361e-07 
  4.6475e+02   4.7168e-07 
  4.6485e+02   4.7160e-07 
  4.6495e+02   4.7219e-07 
  4.6505e+02   4.7242e-07 
  4.6515e+02   4.7149e-07 
  4.6525e+02   4.2220e-05 
  4.6535e+02   4.7178e-07 
  4.6545e+02   4.7170e-07 
  4.6555e+02   4.7192e-07 
  4.6565e+02   4.7168e-07 
  4.6575e+02   4.7191e-07 
  4.6585e+02   4.7182e-07 
  4.6595e+02   4.7189e-07 
  4.6605e+02   4.7196e-07 
  4.6615e+02   4.7173e-07 
  4.6625e+02   7.1615e-07 
  4.6635e+02   4.7203e-07 
  4.6645e+02   4.7221e-07 
  4.6655e+02   4.7202e-07 
  4.6665e+02   4.7194e-07 
  4.6675e+02   4.7217e-07 
  4.6685e+02   4.7232e-07 
  4.6695e+02   4.7251e-07 
  4.6705e+02   4.7224e-07 
  4.6715e+02   4.7201e-07 
  4.6725e+02   4.7224e-07 
  4.6735e+02   4.8154e-07 
  4.6745e+02   4.7240e-07 
  4.6755e+02   4.7232e-07 
  4.6765e+02   4.7224e-07 
  4.6775e+02   4.7237e-07 
  4.6785e+02   4.7255e-07 
  4.6795e+02   4.7247e-07 
  4.6805e+02   4.7239e-07 
  4.6815e+02   4.7287e-07 
  4.6825e+02   4.7254e-07 
  4.6835e+02   4.7246e-07 
  4.6845e+02   4.7269e-07 
  4.6855e+02   4.7261e-07 
  4.6865e+02   4.7262e-07 
  4.6875e+02   4.7276e-07 
  4.6885e+02   4.7269e-07 
  4.6895e+02   4.7470e-07 
  4.6905e+02   4.9162e-07 
  4.6915e+02   4.7385e-07 
  4.6925e+02   4.7283e-07 
  4.6935e+02   4.7290e-07 
  4.6945e+02   4.7297e-07 
  4.6955e+02   4.7289e-07 
  4.6965e+02   4.7281e-07 
  4.6975e+02   4.9100e-07 
  4.6985e+02   9.2002e-07 
  4.6995e+02   4.8987e-07 
  4.7005e+02   4.7311e-07 
  4.7015e+02   4.7303e-07 
  4.7025e+02   4.7312e-07 
  4.7035e+02   4.7318e-07 
  4.7045e+02   4.7325e-07 
  4.7055e+02   4.7317e-07 
  4.7065e+02   4.7324e-07 
  4.7075e+02   4.7332e-07 
  4.7085e+02   4.7324e-07 
  4.7095e+02   4.7347e-07 
  4.7105e+02   4.7341e-07 
  4.7115e+02   4.7330e-07 
  4.7125e+02   4.7548e-07 
  4.7135e+02   4.7367e-07 
  4.7145e+02   4.7352e-07 
  4.7155e+02   4.7366e-07 
  4.7165e+02   4.8132e-07 
  4.7175e+02   4.7358e-07 
  4.7185e+02   4.7366e-07 
  4.7195e+02   4.7357e-07 
  4.7205e+02   4.7380e-07 
  4.7215e+02   4.7356e-07 
  4.7225e+02   4.7383e-07 
  4.7235e+02   4.7370e-07 
  4.7245e+02   4.7409e-07 
  4.7255e+02   4.7385e-07 
  4.7265e+02   4.7376e-07 
  4.7275e+02   4.7383e-07 
  4.7285e+02   4.7406e-07 
  4.7295e+02   4.7398e-07 
  4.7305e+02   4.7389e-07 
  4.7315e+02   4.7396e-07 
  4.7325e+02   4.7403e-07 
  4.7335e+02   4.7410e-07 
  4.7345e+02   4.7417e-07 
  4.7355e+02   4.7409e-07 
  4.7365e+02   4.7416e-07 
  4.7375e+02   4.7531e-07 
  4.7385e+02   4.7414e-07 
  4.7395e+02   4.9463e-07 
  4.7405e+02   4.7428e-07 
  4.7415e+02   4.7419e-07 
  4.7425e+02   4.7442e-07 
  4.7435e+02   4.7433e-07 
  4.7445e+02   4.7456e-07 
  4.7455e+02   4.7447e-07 
  4.7465e+02   4.7422e-07 
  4.7475e+02   4.7461e-07 
  4.7485e+02   4.7452e-07 
  4.7495e+02   4.7533e-07 
  4.7505e+02   4.7466e-07 
  4.7515e+02   4.7457e-07 
  4.7525e+02   4.7464e-07 
  4.7535e+02   4.7475e-07 
  4.7545e+02   4.7671e-07 
  4.7555e+02   4.7468e-07 
  4.7565e+02   5.0250e-07 
  4.7575e+02   4.8988e-07 
  4.7585e+02   4.7569e-07 
  4.7595e+02   4.7480e-07 
  4.7605e+02   4.7503e-07 
  4.7615e+02   4.7477e-07 
  4.7625e+02   4.7500e-07 
  4.7635e+02   4.7507e-07 
  4.7645e+02   4.7498e-07 
  4.7655e+02   4.7505e-07 
  4.7665e+02   4.7495e-07 
  4.7675e+02   6.0575e-07 
  4.7685e+02   4.7525e-07 
  4.7695e+02   1.9588e-06 
  4.7705e+02   4.7522e-07 
  4.7715e+02   4.7513e-07 
  4.7725e+02   1.1338e-06 
  4.7735e+02   4.7526e-07 
  4.7745e+02   1.1996e-06 
  4.7755e+02   4.7540e-07 
  4.7765e+02   4.7530e-07 
  4.7775e+02   4.7553e-07 
  4.7785e+02   4.7543e-07 
  4.7795e+02   4.7550e-07 
  4.7805e+02   4.7557e-07 
  4.7815e+02   4.7547e-07 
  4.7825e+02   4.7554e-07 
  4.7835e+02   4.7559e-07 
  4.7845e+02   4.7569e-07 
  4.7855e+02   4.7807e-07 
  4.7865e+02   4.7557e-07 
  4.7875e+02   4.7561e-07 
  4.7885e+02   4.7566e-07 
  4.7895e+02   4.7570e-07 
  4.7905e+02   4.7575e-07 
  4.7915e+02   4.7563e-07 
  4.7925e+02   4.7567e-07 
  4.7935e+02   5.2703e-07 
  4.7945e+02   4.8487e-07 
  4.7955e+02   4.7679e-07 
  4.7965e+02   4.7552e-07 
  4.7975e+02   4.7573e-07 
  4.7985e+02   4.7578e-07 
  4.7995e+02   4.7582e-07 
  4.8005e+02   4.7587e-07 
  4.8015e+02   4.7558e-07 
  4.8025e+02   4.7595e-07 
  4.8035e+02   4.7583e-07 
  4.8045e+02   1.5150e-05 
  4.8055e+02   4.7575e-07 
  4.8065e+02   4.7580e-07 
  4.8075e+02   4.7591e-07 
  4.8085e+02   4.7588e-07 
  4.8095e+02   4.7593e-07 
  4.8105e+02   4.7597e-07 
  4.8115e+02   4.7568e-07 
  4.8125e+02   1.0043e-06 
  4.8135e+02   1.2530e-05 
  4.8145e+02   8.3467e-07 
  4.8155e+02   4.7602e-07 
  4.8165e+02   4.7590e-07 
  4.8175e+02   4.7594e-07 
  4.8185e+02   4.7643e-07 
  4.8195e+02   4.7603e-07 
  4.8205e+02   4.7607e-07 
  4.8215e+02   4.7578e-07 
  4.8225e+02   4.7615e-07 
  4.8235e+02   4.7712e-07 
  4.8245e+02   4.8096e-07 
  4.8255e+02   4.7612e-07 
  4.8265e+02   4.7583e-07 
  4.8275e+02   4.7620e-07 
  4.8285e+02   4.7608e-07 
  4.8295e+02   1.9682e-05 
  4.8305e+02   4.7847e-07 
  4.8315e+02   4.7604e-07 
  4.8325e+02   4.7608e-07 
  4.8335e+02   4.7629e-07 
  4.8345e+02   4.7616e-07 
  4.8355e+02   4.7620e-07 
  4.8365e+02   4.9196e-07 
  4.8375e+02   4.7620e-07 
  4.8385e+02   4.7633e-07 
  4.8395e+02   4.7621e-07 
  4.8405e+02   4.7625e-07 
  4.8415e+02   4.7613e-07 
  4.8425e+02   4.7634e-07 
  4.8435e+02   4.7621e-07 
  4.8445e+02   4.7642e-07 
  4.8455e+02   4.7630e-07 
  4.8465e+02   4.7650e-07 
  4.8475e+02   4.7639e-07 
  4.8485e+02   4.7937e-07 
  4.8495e+02   4.7648e-07 
  4.8505e+02   4.7635e-07 
  4.8515e+02   4.7625e-07 
  4.8525e+02   4.7644e-07 
  4.8535e+02   4.7666e-07 
  4.8545e+02   4.7654e-07 
  4.8555e+02   4.7659e-07 
  4.8565e+02   4.7641e-07 
  4.8575e+02   4.7651e-07 
  4.8585e+02   4.7656e-07 
  4.8595e+02   4.7661e-07 
  4.8605e+02   4.7665e-07 
  4.8615e+02   4.7653e-07 
  4.8625e+02   4.8566e-07 
  4.8635e+02   4.7645e-07 
  4.8645e+02   4.7587e-07 
  4.8655e+02   4.7545e-07 
  4.8665e+02   4.7498e-07 
  4.8675e+02   4.7444e-07 
  4.8685e+02   4.7420e-07 
  4.8695e+02   4.7361e-07 
  4.8705e+02   4.7631e-07 
  4.8715e+02   4.7405e-07 
  4.8725e+02   4.7235e-07 
  4.8735e+02   4.7177e-07 
  4.8745e+02   4.7152e-07 
  4.8755e+02   4.7093e-07 
  4.8765e+02   4.7051e-07 
  4.8775e+02   4.7009e-07 
  4.8785e+02   4.6967e-07 
  4.8795e+02   4.6925e-07 
  4.8805e+02   2.4540e-05 
  4.8815e+02   4.6808e-07 
  4.8825e+02   4.6886e-07 
  4.8835e+02   4.6740e-07 
  4.8845e+02   4.6698e-07 
  4.8855e+02   4.6656e-07 
  4.8865e+02   4.6598e-07 
  4.8875e+02   4.6572e-07 
  4.8885e+02   1.7393e-06 
  4.8895e+02   5.3589e-07 
  4.8905e+02   4.6429e-07 
  4.8915e+02   4.6387e-07 
  4.8925e+02   4.6345e-07 
  4.8935e+02   4.6286e-07 
  4.8945e+02   1.2892e-04 
  4.8955e+02   4.6219e-07 
  4.8965e+02   1.4808e-05 
  4.8975e+02   4.6134e-07 
  4.8985e+02   4.6076e-07 
  4.8995e+02   4.6051e-07 
  4.9005e+02   4.5991e-07 
  4.9015e+02   4.9182e-07 
  4.9025e+02   1.9496e-05 
  4.9035e+02   4.5853e-07 
  4.9045e+02   4.5882e-07 
  4.9055e+02   4.5882e-07 
  4.9065e+02   4.5705e-07 
  4.9075e+02   4.5679e-07 
  4.9085e+02   4.5636e-07 
  4.9095e+02   4.5594e-07 
  4.9105e+02   4.2932e-05 
  4.9115e+02   4.5493e-07 
  4.9125e+02   4.5451e-07 
  4.9135e+02   4.5408e-07 
  4.9145e+02   1.2814e-06 
  4.9155e+02   4.5340e-07 
  4.9165e+02   4.5265e-07 
  4.9175e+02   4.5222e-07 
  4.9185e+02   4.5196e-07 
  4.9195e+02   4.5154e-07 
  4.9205e+02   4.5095e-07 
  4.9215e+02   4.5052e-07 
  4.9225e+02   4.5010e-07 
  4.9235e+02   4.4967e-07 
  4.9245e+02   4.4925e-07 
  4.9255e+02   4.4882e-07 
  4.9265e+02   4.4823e-07 
  4.9275e+02   4.4797e-07 
  4.9285e+02   4.4738e-07 
  4.9295e+02   4.4712e-07 
  4.9305e+02   4.4653e-07 
  4.9315e+02   4.4594e-07 
  4.9325e+02   4.4569e-07 
  4.9335e+02   4.4525e-07 
  4.9345e+02   4.4483e-07 
  4.9355e+02   4.4440e-07 
  4.9365e+02   4.4381e-07 
  4.9375e+02   4.4338e-07 
  4.9385e+02   4.4312e-07 
  4.9395e+02   4.4253e-07 
  4.9405e+02   4.4210e-07 
  4.9415e+02   4.4168e-07 
  4.9425e+02   4.4125e-07 
  4.9435e+02   4.4082e-07 
  4.9445e+02   4.4039e-07 
  4.9455e+02   4.3981e-07 
  4.9465e+02   4.3938e-07 
  4.9475e+02   4.3914e-07 
  4.9485e+02   4.3852e-07 
  4.9495e+02   4.3826e-07 
  4.9505e+02   4.3767e-07 
  4.9515e+02   4.3708e-07 
  4.9525e+02   4.3681e-07 
  4.9535e+02   4.3639e-07 
  4.9545e+02   4.3596e-07 
  4.9555e+02   4.3553e-07 
  4.9565e+02   4.3494e-07 
  4.9575e+02   4.4672e-07 
  4.9585e+02   4.3424e-07 
  4.9595e+02   4.3365e-07 
  4.9605e+02   4.3323e-07 
  4.9615e+02   4.3282e-07 
  4.9625e+02   4.3237e-07 
  4.9635e+02   4.3194e-07 
  4.9645e+02   4.3151e-07 
  4.9655e+02   4.3108e-07 
  4.9665e+02   4.3049e-07 
  4.9675e+02   4.3006e-07 
  4.9685e+02   4.2979e-07 
  4.9695e+02   4.2920e-07 
  4.9705e+02   4.2893e-07 
  4.9715e+02   4.2818e-07 
  4.9725e+02   4.2807e-07 
  4.9735e+02   4.2787e-07 
  4.9745e+02   4.2705e-07 
  4.9755e+02   4.2662e-07 
  4.9765e+02   4.2603e-07 
  4.9775e+02   4.2576e-07 
  4.9785e+02   4.2533e-07 
  4.9795e+02   4.2474e-07 
  4.9805e+02   4.2454e-07 
  4.9815e+02   4.2388e-07 
  4.9825e+02   4.2346e-07 
  4.9835e+02   4.2317e-07 
  4.9845e+02   4.2258e-07 
  4.9855e+02   4.2215e-07 
  4.9865e+02   4.2156e-07 
  4.9875e+02   4.2145e-07 
  4.9885e+02   4.2086e-07 
  4.9895e+02   4.2042e-07 
  4.9905e+02   4.1995e-07 
  4.9915e+02   4.1940e-07 
  4.9925e+02   4.1913e-07 
  4.9935e+02   4.1869e-07 
  4.9945e+02   2.6351e-05 
  4.9955e+02   4.1783e-07 
  4.9965e+02   4.1724e-07 
  4.9975e+02   4.1681e-07 
  4.9985e+02   4.1637e-07 
  4.9995e+02   4.1610e-07 
  5.0005e+02   4.2834e-07 
  5.0015e+02   4.1492e-07 
  5.0025e+02   4.1464e-07 
  5.0035e+02   5.0031e-07 
  5.0045e+02   4.1377e-07 
  5.0055e+02   4.1334e-07 
  5.0065e+02   4.1275e-07 
  5.0075e+02   4.1247e-07 
  5.0085e+02   4.1188e-07 
  5.0095e+02   4.1164e-07 
  5.0105e+02   7.6467e-07 
  5.0115e+02   4.1043e-07 
  5.0125e+02   4.1030e-07 
  5.0135e+02   4.0971e-07 
  5.0145e+02   4.0944e-07 
  5.0155e+02   4.0979e-07 
  5.0165e+02   4.0826e-07 
  5.0175e+02   4.0798e-07 
  5.0185e+02   4.0770e-07 
  5.0195e+02   4.0711e-07 
  5.0205e+02   4.0668e-07 
  5.0215e+02   4.0609e-07 
  5.0225e+02   4.0581e-07 
  5.0235e+02   4.0538e-07 
  5.0245e+02   4.0494e-07 
  5.0255e+02   4.0436e-07 
  5.0265e+02   4.0392e-07 
  5.0275e+02   4.0364e-07 
  5.0285e+02   4.0320e-07 
  5.0295e+02   4.0262e-07 
  5.0305e+02   4.1094e-07 
  5.0315e+02   4.0159e-07 
  5.0325e+02   4.0170e-07 
  5.0335e+02   4.0088e-07 
  5.0345e+02   4.0094e-07 
  5.0355e+02   4.0002e-07 
  5.0365e+02   3.9966e-07 
  5.0375e+02   3.9930e-07 
  5.0385e+02   3.9872e-07 
  5.0395e+02   3.9892e-07 
  5.0405e+02   3.9785e-07 
  5.0415e+02   3.9727e-07 
  5.0425e+02   3.9699e-07 
  5.0435e+02   3.9655e-07 
  5.0445e+02   3.9612e-07 
  5.0455e+02   3.9569e-07 
  5.0465e+02   3.9511e-07 
  5.0475e+02   3.9483e-07 
  5.0485e+02   3.9440e-07 
  5.0495e+02   3.9513e-07 
  5.0505e+02   3.9340e-07 
  5.0515e+02   3.9338e-07 
  5.0525e+02   3.9269e-07 
  5.0535e+02   3.9227e-07 
  5.0545e+02   3.9169e-07 
  5.0555e+02   3.9141e-07 
  5.0565e+02   3.9084e-07 
  5.0575e+02   3.9073e-07 
  5.0585e+02   3.9014e-07 
  5.0595e+02   3.8956e-07 
  5.0605e+02   3.8929e-07 
  5.0615e+02   3.8890e-07 
  5.0625e+02   3.9102e-07 
  5.0635e+02   3.8879e-07 
  5.0645e+02   3.8878e-07 
  5.0655e+02   3.8900e-07 
  5.0665e+02   3.8859e-07 
  5.0675e+02   3.8873e-07 
  5.0685e+02   3.8886e-07 
  5.0695e+02   3.8870e-07 
  5.0705e+02   3.8868e-07 
  5.0715e+02   3.8868e-07 
  5.0725e+02   3.8880e-07 
  5.0735e+02   7.3389e-05 
  5.0745e+02   3.8861e-07 
  5.0755e+02   3.8860e-07 
  5.0765e+02   2.1977e-04 
  5.0775e+02   3.8856e-07 
  5.0785e+02   3.8855e-07 
  5.0795e+02   3.8853e-07 
  5.0805e+02   3.8851e-07 
  5.0815e+02   3.6652e-04 
  5.0825e+02   3.8848e-07 
  5.0835e+02   3.8846e-07 
  5.0845e+02   3.8844e-07 
  5.0855e+02   3.8843e-07 
  5.0865e+02   3.8826e-07 
  5.0875e+02   3.8839e-07 
  5.0885e+02   3.8822e-07 
  5.0895e+02   3.8835e-07 
  5.0905e+02   3.8834e-07 
  5.0915e+02   3.8817e-07 
  5.0925e+02   3.8830e-07 
  5.0935e+02   3.8828e-07 
  5.0945e+02   3.8826e-07 
  5.0955e+02   3.8825e-07 
  5.0965e+02   3.8808e-07 
  5.0975e+02   3.8821e-07 
  5.0985e+02   3.8819e-07 
  5.0995e+02   3.8802e-07 
  5.1005e+02   3.8897e-07 
  5.1015e+02   3.8798e-07 
  5.1024e+02   3.9029e-07 
  5.1035e+02   3.8810e-07 
  5.1045e+02   3.8808e-07 
  5.1055e+02   3.8806e-07 
  5.1065e+02   3.8789e-07 
  5.1074e+02   3.8787e-07 
  5.1084e+02   3.8800e-07 
  5.1095e+02   3.8818e-07 
  5.1105e+02   3.8796e-07 
  5.1115e+02   3.8779e-07 
  5.1125e+02   3.8792e-07 
  5.1135e+02   3.8790e-07 
  5.1145e+02   3.8773e-07 
  5.1154e+02   3.8786e-07 
  5.1164e+02   3.8769e-07 
  5.1174e+02   3.8782e-07 
  5.1184e+02   3.8780e-07 
  5.1194e+02   3.8778e-07 
  5.1204e+02   3.8761e-07 
  5.1214e+02   3.8758e-07 
  5.1224e+02   3.8787e-07 
  5.1235e+02   3.8785e-07 
  5.1245e+02   3.8752e-07 
  5.1254e+02   3.8750e-07 
  5.1264e+02   3.8752e-07 
  5.1274e+02   3.8776e-07 
  5.1285e+02   3.8774e-07 
  5.1295e+02   3.8741e-07 
  5.1304e+02   3.8739e-07 
  5.1314e+02   3.8737e-07 
  5.1324e+02   3.8766e-07 
  5.1335e+02   3.8769e-07 
  5.1345e+02   3.8731e-07 
  5.1354e+02   3.8728e-07 
  5.1364e+02   3.8742e-07 
  5.1374e+02   3.8755e-07 
  5.1384e+02   3.8737e-07 
  5.1394e+02   3.8735e-07 
  5.1404e+02   3.8717e-07 
  5.1414e+02   3.8730e-07 
  5.1424e+02   3.8744e-07 
  5.1435e+02   3.8741e-07 
  5.1444e+02   3.8708e-07 
  5.1454e+02   3.8721e-07 
  5.1464e+02   3.8704e-07 
  5.1474e+02   3.8732e-07 
  5.1484e+02   3.8744e-07 
  5.1494e+02   3.8712e-07 
  5.1504e+02   3.8710e-07 
  5.1514e+02   4.8290e-07 
  5.1524e+02   3.8720e-07 
  5.1534e+02   3.8734e-07 
  5.1544e+02   3.8685e-07 
  5.1554e+02   4.1800e-07 
  5.1564e+02   3.8696e-07 
  5.1574e+02   3.8709e-07 
  5.1584e+02   3.8827e-07 
  5.1594e+02   3.8678e-07 
  5.1604e+02   3.8686e-07 
  5.1614e+02   3.8714e-07 
  5.1624e+02   3.8712e-07 
  5.1634e+02   5.7963e-07 
  5.1644e+02   3.8676e-07 
  5.1654e+02   3.8674e-07 
  5.1664e+02   3.8687e-07 
  5.1674e+02   3.8684e-07 
  5.1684e+02   3.8697e-07 
  5.1694e+02   3.8667e-07 
  5.1704e+02   3.8661e-07 
  5.1714e+02   3.8674e-07 
  5.1724e+02   3.8687e-07 
  5.1734e+02   3.8669e-07 
  5.1744e+02   3.8667e-07 
  5.1754e+02   3.8649e-07 
  5.1764e+02   3.8662e-07 
  5.1774e+02   3.8700e-07 
  5.1784e+02   3.8672e-07 
  5.1794e+02   3.8654e-07 
  5.1804e+02   3.8636e-07 
  5.1814e+02   3.8649e-07 
  5.1824e+02   2.2794e-06 
  5.1834e+02   3.8659e-07 
  5.1844e+02   3.8641e-07 
  5.1854e+02   3.8639e-07 
  5.1864e+02   3.8636e-07 
  5.1874e+02   3.8665e-07 
  5.1884e+02   3.8647e-07 
  5.1894e+02   3.8628e-07 
  5.1904e+02   3.8626e-07 
  5.1914e+02   3.8623e-07 
  5.1924e+02   3.8783e-07 
  5.1934e+02   3.8649e-07 
  5.1944e+02   4.1514e-07 
  5.1954e+02   3.8628e-07 
  5.1964e+02   4.4042e-07 
  5.1974e+02   4.6339e-07 
  5.1984e+02   4.3969e-07 
  5.1994e+02   3.8602e-07 
  5.2004e+02   3.8615e-07 
  5.2014e+02   3.8612e-07 
  5.2024e+02   3.8849e-07 
  5.2034e+02   3.8835e-07 
  5.2044e+02   3.9087e-07 
  5.2054e+02   3.8601e-07 
  5.2064e+02   1.3478e-05 
  5.2074e+02   3.8821e-07 
  5.2084e+02   3.9391e-07 
  5.2094e+02   3.8591e-07 
  5.2104e+02   3.8588e-07 
  5.2114e+02   3.8601e-07 
  5.2124e+02   3.8598e-07 
  5.2134e+02   3.8638e-07 
  5.2144e+02   3.8593e-07 
  5.2154e+02   3.8574e-07 
  5.2164e+02   3.8587e-07 
  5.2174e+02   4.0856e-07 
  5.2184e+02   4.2574e-07 
  5.2194e+02   3.8579e-07 
  5.2204e+02   3.8628e-07 
  5.2214e+02   3.8573e-07 
  5.2224e+02   2.6368e-06 
  5.2234e+02   3.8583e-07 
  5.2244e+02   3.8565e-07 
  5.2254e+02   3.8562e-07 
  5.2264e+02   3.8575e-07 
  5.2274e+02   3.8573e-07 
  5.2284e+02   3.8586e-07 
  5.2294e+02   3.8567e-07 
  5.2304e+02   3.8548e-07 
  5.2314e+02   3.8562e-07 
  5.2324e+02   3.8575e-07 
  5.2334e+02   3.8575e-07 
  5.2344e+02   3.8561e-07 
  5.2354e+02   3.8535e-07 
  5.2364e+02   3.8548e-07 
  5.2374e+02   3.8577e-07 
  5.2384e+02   3.8558e-07 
  5.2394e+02   3.8539e-07 
  5.2404e+02   3.8552e-07 
  5.2414e+02   3.8534e-07 
  5.2424e+02   3.8579e-07 
  5.2434e+02   3.8560e-07 
  5.2444e+02   3.8525e-07 
  5.2454e+02   3.8579e-07 
  5.2464e+02   3.8529e-07 
  5.2474e+02   3.8565e-07 
  5.2484e+02   3.8547e-07 
  5.2494e+02   3.8528e-07 
  5.2504e+02   3.8525e-07 
  5.2514e+02   3.8523e-07 
  5.2524e+02   3.8711e-07 
  5.2534e+02   3.8550e-07 
  5.2544e+02   3.8515e-07 
  5.2554e+02   3.8528e-07 
  5.2564e+02   3.8510e-07 
  5.2574e+02   3.8539e-07 
  5.2584e+02   2.0234e-05 
  5.2594e+02   3.8524e-07 
  5.2604e+02   3.8517e-07 
  5.2614e+02   3.8515e-07 
  5.2624e+02   3.8529e-07 
  5.2634e+02   3.8543e-07 
  5.2644e+02   4.3811e-07 
  5.2654e+02   3.8507e-07 
  5.2664e+02   3.8522e-07 
  5.2674e+02   3.8521e-07 
  5.2684e+02   3.9094e-07 
  5.2694e+02   3.8517e-07 
  5.2704e+02   3.8531e-07 
  5.2714e+02   3.8514e-07 
  5.2724e+02   3.8529e-07 
  5.2734e+02   3.8528e-07 
  5.2744e+02   3.8558e-07 
  5.2754e+02   3.8525e-07 
  5.2764e+02   3.8508e-07 
  5.2774e+02   3.8539e-07 
  5.2784e+02   3.8521e-07 
  5.2794e+02   3.8520e-07 
  5.2804e+02   3.8519e-07 
  5.2814e+02   3.8501e-07 
  5.2824e+02   3.8548e-07 
  5.2834e+02   3.8531e-07 
  5.2844e+02   3.8513e-07 
  5.2854e+02   3.8519e-07 
  5.2864e+02   3.8510e-07 
  5.2874e+02   3.8541e-07 
  5.2884e+02   3.8541e-07 
  5.2894e+02   3.8506e-07 
  5.2904e+02   3.8557e-07 
  5.2914e+02   3.8519e-07 
  5.2924e+02   3.8534e-07 
  5.2934e+02   3.8533e-07 
  5.2944e+02   3.8556e-07 
  5.2954e+02   3.8530e-07 
  5.2964e+02   3.8513e-07 
  5.2974e+02   3.8543e-07 
  5.2984e+02   3.8525e-07 
  5.2994e+02   3.8524e-07 
  5.3004e+02   3.8522e-07 
  5.3014e+02   3.8505e-07 
  5.3024e+02   3.8552e-07 
  5.3034e+02   3.8534e-07 
  5.3044e+02   3.8589e-07 
  5.3054e+02   3.8515e-07 
  5.3064e+02   3.8529e-07 
  5.3074e+02   3.8544e-07 
  5.3084e+02   3.8526e-07 
  5.3094e+02   3.8696e-07 
  5.3104e+02   3.8523e-07 
  5.3114e+02   3.8521e-07 
  5.3124e+02   3.8536e-07 
  5.3134e+02   3.8551e-07 
  5.3144e+02   3.8516e-07 
  5.3154e+02   3.8515e-07 
  5.3164e+02   3.8513e-07 
  5.3174e+02   3.8544e-07 
  5.3184e+02   3.8616e-07 
  5.3194e+02   3.8508e-07 
  5.3204e+02   3.8523e-07 
  5.3214e+02   3.8521e-07 
  5.3224e+02   3.8552e-07 
  5.3234e+02   3.8534e-07 
  5.3244e+02   3.8535e-07 
  5.3254e+02   3.8514e-07 
  5.3264e+02   3.8529e-07 
  5.3274e+02   3.8543e-07 
  5.3284e+02   3.8542e-07 
  5.3294e+02   3.8523e-07 
  5.3304e+02   3.8522e-07 
  5.3314e+02   3.8520e-07 
  5.3324e+02   3.8551e-07 
  5.3334e+02   3.8549e-07 
  5.3344e+02   3.8514e-07 
  5.3354e+02   3.8529e-07 
  5.3364e+02   3.8527e-07 
  5.3374e+02   3.8542e-07 
  5.3384e+02   3.8696e-07 
  5.3394e+02   3.8522e-07 
  5.3404e+02   3.8535e-07 
  5.3414e+02   3.8534e-07 
  5.3424e+02   3.8549e-07 
  5.3434e+02   3.8547e-07 
  5.3444e+02   3.8529e-07 
  5.3454e+02   3.8510e-07 
  5.3464e+02   3.8541e-07 
  5.3474e+02   3.8539e-07 
  5.3484e+02   3.8554e-07 
  5.3494e+02   3.8519e-07 
  5.3504e+02   3.8842e-07 
  5.3514e+02   3.8532e-07 
  5.3524e+02   3.8546e-07 
  5.3534e+02   3.8544e-07 
  5.3544e+02   3.8526e-07 
  5.3554e+02   3.8911e-07 
  5.3564e+02   3.8522e-07 
  5.3574e+02   3.8553e-07 
  5.3584e+02   3.8551e-07 
  5.3594e+02   3.8532e-07 
  5.3604e+02   3.8540e-07 
  5.3614e+02   3.8528e-07 
  5.3624e+02   3.8656e-07 
  5.3634e+02   3.8557e-07 
  5.3644e+02   3.8538e-07 
  5.3654e+02   3.8520e-07 
  5.3664e+02   3.8534e-07 
  5.3674e+02   3.8549e-07 
  5.3684e+02   3.8563e-07 
  5.3694e+02   3.8539e-07 
  5.3704e+02   3.7035e-05 
  5.3714e+02   3.8540e-07 
  5.3724e+02   3.8555e-07 
  5.3734e+02   3.8553e-07 
  5.3744e+02   3.8534e-07 
  5.3754e+02   3.8531e-07 
  5.3764e+02   3.8529e-07 
  5.3774e+02   9.3333e-06 
  5.3784e+02   3.8542e-07 
  5.3794e+02   3.8539e-07 
  5.3804e+02   5.2785e-06 
  5.3814e+02   1.5073e-05 
  5.3824e+02   2.2985e-06 
  5.3834e+02   4.1272e-05 
  5.3844e+02   3.8528e-07 
  5.3854e+02   3.8526e-07 
  5.3864e+02   4.6034e-07 
  5.3874e+02   3.8555e-07 
  5.3884e+02   3.8553e-07 
  5.3894e+02   3.8550e-07 
  5.3904e+02   3.8531e-07 
  5.3914e+02   3.8530e-07 
  5.3924e+02   3.8573e-07 
  5.3934e+02   3.8558e-07 
  5.3944e+02   3.8567e-07 
  5.3954e+02   3.8539e-07 
  5.3964e+02   3.8534e-07 
  5.3974e+02   3.8590e-07 
  5.3984e+02   3.8563e-07 
  5.3994e+02   3.8527e-07 
  5.4004e+02   3.8541e-07 
  5.4014e+02   3.8539e-07 
  5.4024e+02   3.8553e-07 
  5.4034e+02   3.8568e-07 
  5.4044e+02   3.8531e-07 
  5.4054e+02   3.8546e-07 
  5.4064e+02   3.8526e-07 
  5.4074e+02   3.8575e-07 
  5.4084e+02   3.8555e-07 
  5.4094e+02   3.8541e-07 
  5.4104e+02   3.8540e-07 
  5.4114e+02   5.4057e-05 
  5.4124e+02   3.8562e-07 
  5.4134e+02   3.8560e-07 
  5.4144e+02   3.8540e-07 
  5.4154e+02   3.8553e-07 
  5.4164e+02   3.8535e-07 
  5.4174e+02   3.8567e-07 
  5.4184e+02   3.8616e-07 
  5.4194e+02   3.8544e-07 
  5.4204e+02   1.0799e-04 
  5.4214e+02   3.8539e-07 
  5.4224e+02   3.8592e-07 
  5.4234e+02   3.8568e-07 
  5.4244e+02   3.8531e-07 
  5.4254e+02   3.8546e-07 
  5.4264e+02   3.8543e-07 
  5.4274e+02   3.8558e-07 
  5.4284e+02   3.8572e-07 
  5.4294e+02   3.8535e-07 
  5.4304e+02   3.8550e-07 
  5.4314e+02   3.8547e-07 
  5.4324e+02   3.8561e-07 
  5.4334e+02   3.8578e-07 
  5.4344e+02   3.8539e-07 
  5.4354e+02   3.8536e-07 
  5.4364e+02   3.8571e-07 
  5.4374e+02   3.8565e-07 
  5.4384e+02   1.6227e-04 
  5.4394e+02   3.8560e-07 
  5.4404e+02   3.8540e-07 
  5.4414e+02   3.8571e-07 
  5.4424e+02   3.8534e-07 
  5.4434e+02   3.8583e-07 
  5.4444e+02   3.8546e-07 
  5.4454e+02   3.8543e-07 
  5.4464e+02   3.8575e-07 
  5.4474e+02   3.8538e-07 
  5.4484e+02   3.8569e-07 
  5.4494e+02   3.8549e-07 
  5.4504e+02   3.8547e-07 
  5.4514e+02   3.8578e-07 
  5.4524e+02   4.5386e-07 
  5.4534e+02   3.8573e-07 
  5.4544e+02   3.8553e-07 
  5.4554e+02   3.8550e-07 
  5.4564e+02   3.8565e-07 
  5.4574e+02   5.4689e-07 
  5.4584e+02   3.8577e-07 
  5.4594e+02   3.8552e-07 
  5.4604e+02   3.8560e-07 
  5.4614e+02   3.8586e-07 
  5.4624e+02   3.8549e-07 
  5.4634e+02   3.8581e-07 
  5.4644e+02   3.8543e-07 
  5.4654e+02   3.8558e-07 
  5.4664e+02   3.8572e-07 
  5.4674e+02   3.8570e-07 
  5.4684e+02   3.8567e-07 
  5.4694e+02   3.8580e-07 
  5.4704e+02   3.8548e-07 
  5.4714e+02   3.8593e-07 
  5.4724e+02   3.8556e-07 
  5.4734e+02   3.8570e-07 
  5.4744e+02   3.8567e-07 
  5.4754e+02   3.8565e-07 
  5.4764e+02   3.8579e-07 
  5.4774e+02   3.8559e-07 
  5.4784e+02   3.8574e-07 
  5.4794e+02   3.8572e-07 
  5.4804e+02   3.8557e-07 
  5.4814e+02   3.8602e-07 
  5.4824e+02   3.8564e-07 
  5.4834e+02   3.8579e-07 
  5.4844e+02   3.8577e-07 
  5.4854e+02   3.8665e-07 
  5.4864e+02   3.8591e-07 
  5.4874e+02   3.8569e-07 
  5.4884e+02   3.8601e-07 
  5.4894e+02   3.8564e-07 
  5.4904e+02   3.8579e-07 
  5.4914e+02   3.8595e-07 
  5.4924e+02   3.8576e-07 
  5.4934e+02   3.8594e-07 
  5.4944e+02   3.8590e-07 
  5.4954e+02   3.8570e-07 
  5.4964e+02   3.8603e-07 
  5.4974e+02   3.8584e-07 
  5.4984e+02   3.8618e-07 
  5.4994e+02   3.8582e-07 
  5.5004e+02   1.8000e-06 
  5.5014e+02   3.8615e-07 
  5.5024e+02   3.8596e-07 
  5.5034e+02   3.8631e-07 
  5.5044e+02   3.8595e-07 
  5.5054e+02   3.8612e-07 
  5.5064e+02   3.8629e-07 
  5.5074e+02   3.8611e-07 
  5.5084e+02   3.8628e-07 
  5.5094e+02   3.8628e-07 
  5.5104e+02   3.8610e-07 
  5.5114e+02   3.8644e-07 
  5.5124e+02   3.8647e-07 
  5.5134e+02   3.8661e-07 
  5.5144e+02   3.8625e-07 
  5.5154e+02   3.8642e-07 
  5.5164e+02   3.8660e-07 
  5.5174e+02   3.8641e-07 
  5.5184e+02   3.8659e-07 
  5.5194e+02   3.8658e-07 
  5.5204e+02   3.8640e-07 
  5.5214e+02   3.8692e-07 
  5.5224e+02   3.8656e-07 
  5.5234e+02   3.9201e-07 
  5.5244e+02   3.8673e-07 
  5.5254e+02   3.8654e-07 
  5.5264e+02   3.8707e-07 
  5.5274e+02   3.8671e-07 
  5.5284e+02   3.8688e-07 
  5.5294e+02   4.0625e-07 
  5.5304e+02   3.8669e-07 
  5.5314e+02   3.8722e-07 
  5.5324e+02   3.8685e-07 
  5.5334e+02   1.3831e-04 
  5.5344e+02   3.8684e-07 
  5.5354e+02   3.8701e-07 
  5.5364e+02   3.8718e-07 
  5.5374e+02   3.8717e-07 
  5.5384e+02   3.8717e-07 
  5.5394e+02   3.8716e-07 
  5.5404e+02   1.0372e-03 
  5.5414e+02   6.7519e-07 
  5.5424e+02   1.7342e-06 
  5.5434e+02   5.8817e-07 
  5.5444e+02   3.8712e-07 
  5.5454e+02   6.9344e-04 
  5.5464e+02   3.8764e-07 
  5.5474e+02   2.2893e-06 
  5.5484e+02   3.8763e-07 
  5.5494e+02   3.8762e-07 
  5.5504e+02   1.3268e-05 
  5.5514e+02   3.8778e-07 
  5.5524e+02   5.4839e-04 
  5.5534e+02   3.8776e-07 
  5.5544e+02   3.8757e-07 
  5.5554e+02   3.8774e-07 
  5.5564e+02   3.8774e-07 
  5.5574e+02   3.8773e-07 
  5.5584e+02   3.8790e-07 
  5.5594e+02   3.8771e-07 
  5.5604e+02   3.8770e-07 
  5.5614e+02   3.8805e-07 
  5.5624e+02   3.8786e-07 
  5.5634e+02   3.9061e-07 
  5.5644e+02   3.8802e-07 
  5.5654e+02   3.8784e-07 
  5.5664e+02   3.8818e-07 
  5.5674e+02   3.8799e-07 
  5.5684e+02   3.8816e-07 
  5.5694e+02   3.8815e-07 
  5.5704e+02   3.8806e-07 
  5.5714e+02   3.8849e-07 
  5.5724e+02   3.8812e-07 
  5.5734e+02   3.8829e-07 
  5.5744e+02   3.8837e-07 
  5.5754e+02   3.8809e-07 
  5.5764e+02   3.8866e-07 
  5.5774e+02   4.5234e-07 
  5.5784e+02   3.8860e-07 
  5.5794e+02   3.8823e-07 
  5.5804e+02   3.8840e-07 
  5.5814e+02   3.8875e-07 
  5.5824e+02   3.8843e-07 
  5.5834e+02   3.8873e-07 
  5.5844e+02   3.8853e-07 
  5.5854e+02   2.9088e-05 
  5.5864e+02   4.1029e-07 
  5.5874e+02   3.8850e-07 
  5.5884e+02   3.8885e-07 
  5.5894e+02   3.8865e-07 
  5.5904e+02   3.8882e-07 
  5.5914e+02   3.8899e-07 
  5.5924e+02   3.8862e-07 
  5.5934e+02   3.8915e-07 
  5.5944e+02   3.8877e-07 
  5.5954e+02   5.2807e-07 
  5.5964e+02   3.8912e-07 
  5.5974e+02   3.8892e-07 
  5.5984e+02   3.8927e-07 
  5.5994e+02   4.9314e-07 
  5.6004e+02   3.8906e-07 
  5.6014e+02   3.8923e-07 
  5.6024e+02   3.8904e-07 
  5.6034e+02   4.2115e-07 
  5.6044e+02   3.9590e-07 
  5.6054e+02   3.8918e-07 
  5.6064e+02   3.8935e-07 
  5.6074e+02   3.8922e-07 
  5.6084e+02   3.8951e-07 
  5.6094e+02   6.7372e-07 
  5.6104e+02   3.8929e-07 
  5.6114e+02   3.8986e-07 
  5.6124e+02   3.8945e-07 
  5.6134e+02   4.6698e-07 
  5.6144e+02   3.8942e-07 
  5.6154e+02   3.8941e-07 
  5.6164e+02   3.8976e-07 
  5.6174e+02   4.5250e-07 
  5.6184e+02   3.8973e-07 
  5.6194e+02   3.8972e-07 
  5.6204e+02   3.8952e-07 
  5.6214e+02   3.9006e-07 
  5.6224e+02   3.9326e-07 
  5.6234e+02   3.8990e-07 
  5.6244e+02   3.8983e-07 
  5.6254e+02   3.8981e-07 
  5.6264e+02   3.8998e-07 
  5.6274e+02   5.7225e-06 
  5.6284e+02   5.0855e-06 
  5.6294e+02   4.0650e-07 
  5.6304e+02   3.8992e-07 
  5.6314e+02   3.9027e-07 
  5.6324e+02   3.9007e-07 
  5.6334e+02   3.9086e-07 
  5.6344e+02   3.9004e-07 
  5.6354e+02   3.9021e-07 
  5.6364e+02   3.9038e-07 
  5.6374e+02   3.8999e-07 
  5.6384e+02   3.9053e-07 
  5.6394e+02   4.1052e-07 
  5.6404e+02   3.9031e-07 
  5.6414e+02   3.9048e-07 
  5.6424e+02   3.9028e-07 
  5.6434e+02   3.9063e-07 
  5.6444e+02   3.9043e-07 
  5.6454e+02   5.1660e-07 
  5.6464e+02   3.9058e-07 
  5.6474e+02   3.9056e-07 
  5.6484e+02   3.9073e-07 
  5.6494e+02   3.9053e-07 
  5.6504e+02   3.9051e-07 
  5.6514e+02   3.9087e-07 
  5.6524e+02   3.9071e-07 
  5.6534e+02   3.9223e-07 
  5.6544e+02   3.9081e-07 
  5.6554e+02   4.1698e-07 
  5.6564e+02   3.9115e-07 
  5.6574e+02   3.9076e-07 
  5.6584e+02   3.9093e-07 
  5.6594e+02   3.9091e-07 
  5.6604e+02   3.9089e-07 
  5.6614e+02   3.9106e-07 
  5.6624e+02   3.9104e-07 
  5.6634e+02   3.9218e-07 
  5.6644e+02   3.9100e-07 
  5.6654e+02   3.9254e-07 
  5.6664e+02   3.0815e-06 
  5.6674e+02   3.9113e-07 
  5.6684e+02   3.9130e-07 
  5.6694e+02   3.9128e-07 
  5.6704e+02   3.9107e-07 
  5.6714e+02   3.9143e-07 
  5.6724e+02   3.9141e-07 
  5.6734e+02   3.9139e-07 
  5.6744e+02   3.9137e-07 
  5.6754e+02   3.9135e-07 
  5.6764e+02   3.9152e-07 
  5.6774e+02   3.9150e-07 
  5.6784e+02   3.9167e-07 
  5.6794e+02   3.9146e-07 
  5.6804e+02   3.9144e-07 
  5.6814e+02   1.1039e-06 
  5.6824e+02   3.9229e-07 
  5.6834e+02   3.9195e-07 
  5.6844e+02   2.7275e-05 
  5.6854e+02   3.9171e-07 
  5.6864e+02   3.9188e-07 
  5.6874e+02   3.9167e-07 
  5.6884e+02   3.9203e-07 
  5.6894e+02   3.9182e-07 
  5.6904e+02   3.9207e-07 
  5.6914e+02   3.9216e-07 
  5.6924e+02   3.9175e-07 
  5.6934e+02   3.9230e-07 
  5.6944e+02   3.9190e-07 
  5.6954e+02   3.9188e-07 
  5.6964e+02   3.9224e-07 
  5.6974e+02   1.9044e-05 
  5.6984e+02   1.2059e-05 
  5.6994e+02   3.9217e-07 
  5.7004e+02   3.9196e-07 
  5.7014e+02   3.9251e-07 
  5.7024e+02   3.9210e-07 
  5.7034e+02   3.9246e-07 
  5.7044e+02   3.9225e-07 
  5.7054e+02   3.9409e-07 
  5.7064e+02   3.9259e-07 
  5.7074e+02   4.2765e-07 
  5.7084e+02   3.9274e-07 
  5.7094e+02   3.9234e-07 
  5.7104e+02   4.1077e-07 
  5.7114e+02   3.9268e-07 
  5.7124e+02   3.9265e-07 
  5.7134e+02   3.9263e-07 
  5.7144e+02   3.9261e-07 
  5.7154e+02   3.9259e-07 
  5.7164e+02   3.9295e-07 
  5.7174e+02   3.9274e-07 
  5.7184e+02   3.9291e-07 
  5.7194e+02   3.9269e-07 
  5.7204e+02   1.4571e-06 
  5.7214e+02   3.7211e-06 
  5.7224e+02   3.9282e-07 
  5.7234e+02   5.6102e-06 
  5.7244e+02   3.9296e-07 
  5.7254e+02   3.9294e-07 
  5.7264e+02   3.9311e-07 
  5.7274e+02   3.9309e-07 
  5.7284e+02   3.9326e-07 
  5.7294e+02   3.9304e-07 
  5.7304e+02   3.9322e-07 
  5.7314e+02   3.9339e-07 
  5.7324e+02   3.9318e-07 
  5.7334e+02   3.9355e-07 
  5.7344e+02   3.9314e-07 
  5.7354e+02   3.9331e-07 
  5.7364e+02   3.9373e-07 
  5.7374e+02   3.9347e-07 
  5.7384e+02   3.9365e-07 
  5.7394e+02   3.9343e-07 
  5.7404e+02   2.1944e-06 
  5.7414e+02   5.9880e-07 
  5.7424e+02   2.4943e-05 
  5.7434e+02   3.9394e-07 
  5.7444e+02   3.9372e-07 
  5.7454e+02   3.9352e-07 
  5.7464e+02   3.9409e-07 
  5.7474e+02   8.5017e-07 
  5.7484e+02   2.3068e-06 
  5.7494e+02   7.8623e-07 
  5.7504e+02   3.9385e-07 
  5.7514e+02   4.0625e-07 
  5.7524e+02   3.9403e-07 
  5.7534e+02   2.5555e-06 
  5.7544e+02   3.9402e-07 
  5.7554e+02   3.9422e-07 
  5.7564e+02   3.9462e-07 
  5.7574e+02   3.9422e-07 
  5.7584e+02   3.9462e-07 
  5.7594e+02   3.9463e-07 
  5.7604e+02   3.9445e-07 
  5.7614e+02   3.9485e-07 
  5.7624e+02   3.9467e-07 
  5.7634e+02   3.9507e-07 
  5.7644e+02   3.9474e-07 
  5.7654e+02   3.9490e-07 
  5.7664e+02   3.9531e-07 
  5.7674e+02   3.9492e-07 
  5.7684e+02   3.9553e-07 
  5.7694e+02   3.9514e-07 
  5.7704e+02   3.9515e-07 
  5.7714e+02   3.9556e-07 
  5.7724e+02   3.9538e-07 
  5.7734e+02   3.9578e-07 
  5.7744e+02   3.9560e-07 
  5.7754e+02   3.9561e-07 
  5.7764e+02   3.9582e-07 
  5.7774e+02   3.9583e-07 
  5.7784e+02   3.9604e-07 
  5.7794e+02   3.9605e-07 
  5.7804e+02   3.9586e-07 
  5.7814e+02   3.9627e-07 
  5.7824e+02   3.9628e-07 
  5.7834e+02   3.9629e-07 
  5.7844e+02   3.9630e-07 
  5.7854e+02   3.9631e-07 
  5.7864e+02   3.9672e-07 
  5.7874e+02   3.9653e-07 
  5.7884e+02   3.9674e-07 
  5.7894e+02   3.9674e-07 
  5.7904e+02   3.9655e-07 
  5.7914e+02   3.9716e-07 
  5.7924e+02   3.9677e-07 
  5.7934e+02   3.9718e-07 
  5.7944e+02   3.9699e-07 
  5.7954e+02   3.9700e-07 
  5.7964e+02   3.9741e-07 
  5.7974e+02   3.9722e-07 
  5.7984e+02   4.4540e-07 
  5.7994e+02   3.9744e-07 
  5.8004e+02   3.9745e-07 
  5.8014e+02   3.9766e-07 
  5.8024e+02   3.9767e-07 
  5.8034e+02   3.9788e-07 
  5.8044e+02   3.0361e-06 
  5.8054e+02   3.9789e-07 
  5.8064e+02   3.9811e-07 
  5.8074e+02   3.9791e-07 
  5.8084e+02   3.9812e-07 
  5.8094e+02   5.5624e-06 
  5.8104e+02   3.9814e-07 
  5.8114e+02   3.9855e-07 
  5.8124e+02   3.9836e-07 
  5.8134e+02   3.9857e-07 
  5.8144e+02   3.9837e-07 
  5.8154e+02   3.9858e-07 
  5.8164e+02   3.9879e-07 
  5.8174e+02   3.9880e-07 
  5.8184e+02   3.9881e-07 
  5.8194e+02   3.9882e-07 
  5.8204e+02   3.9903e-07 
  5.8214e+02   3.9924e-07 
  5.8224e+02   3.9904e-07 
  5.8234e+02   3.9925e-07 
  5.8244e+02   3.9926e-07 
  5.8254e+02   3.9927e-07 
  5.8264e+02   3.9948e-07 
  5.8274e+02   3.9948e-07 
  5.8284e+02   3.9969e-07 
  5.8294e+02   3.9950e-07 
  5.8304e+02   3.9971e-07 
  5.8314e+02   3.9992e-07 
  5.8324e+02   3.9972e-07 
  5.8334e+02   4.0013e-07 
  5.8344e+02   3.9994e-07 
  5.8354e+02   3.9994e-07 
  5.8364e+02   4.0036e-07 
  5.8374e+02   4.0016e-07 
  5.8384e+02   4.0037e-07 
  5.8394e+02   4.0037e-07 
  5.8404e+02   4.0038e-07 
  5.8414e+02   4.0059e-07 
  5.8424e+02   4.0059e-07 
  5.8434e+02   3.5806e-04 
  5.8444e+02   4.0060e-07 
  5.8454e+02   4.0061e-07 
  5.8464e+02   4.0123e-07 
  5.8474e+02   4.0082e-07 
  5.8484e+02   4.0124e-07 
  5.8494e+02   4.0083e-07 
  5.8504e+02   4.0125e-07 
  5.8514e+02   4.0795e-07 
  5.8524e+02   4.0126e-07 
  5.8534e+02   4.0167e-07 
  5.8544e+02   4.0126e-07 
  5.8554e+02   4.0147e-07 
  5.8564e+02   4.0189e-07 
  5.8574e+02   9.1101e-06 
  5.8584e+02   4.0190e-07 
  5.8594e+02   4.0190e-07 
  5.8604e+02   4.0170e-07 
  5.8614e+02   4.0299e-07 
  5.8624e+02   4.0212e-07 
  5.8634e+02   4.0220e-07 
  5.8644e+02   4.0212e-07 
  5.8654e+02   4.0233e-07 
  5.8664e+02   4.0254e-07 
  5.8674e+02   4.0234e-07 
  5.8684e+02   4.0255e-07 
  5.8694e+02   4.0255e-07 
  5.8704e+02   4.0255e-07 
  5.8714e+02   4.0276e-07 
  5.8724e+02   4.0277e-07 
  5.8734e+02   4.0298e-07 
  5.8744e+02   4.0298e-07 
  5.8754e+02   4.0277e-07 
  5.8764e+02   4.0319e-07 
  5.8774e+02   4.0319e-07 
  5.8784e+02   4.0340e-07 
  5.8794e+02   4.0320e-07 
  5.8804e+02   4.0319e-07 
  5.8814e+02   4.0361e-07 
  5.8824e+02   4.0340e-07 
  5.8834e+02   4.0383e-07 
  5.8844e+02   4.0362e-07 
  5.8854e+02   4.0362e-07 
  5.8864e+02   4.0404e-07 
  5.8874e+02   4.0383e-07 
  5.8884e+02   4.0404e-07 
  5.8894e+02   4.0404e-07 
  5.8904e+02   4.2343e-07 
  5.8914e+02   4.0425e-07 
  5.8924e+02   4.0425e-07 
  5.8934e+02   4.0446e-07 
  5.8944e+02   4.0425e-07 
  5.8954e+02   4.0446e-07 
  5.8964e+02   4.0467e-07 
  5.8974e+02   4.0448e-07 
  5.8984e+02   4.0488e-07 
  5.8994e+02   4.0466e-07 
  5.9004e+02   4.4450e-07 
  5.9014e+02   4.0509e-07 
  5.9024e+02   4.0487e-07 
  5.9034e+02   4.0508e-07 
  5.9044e+02   4.0517e-07 
  5.9054e+02   4.0508e-07 
  5.9064e+02   4.0550e-07 
  5.9074e+02   4.0529e-07 
  5.9084e+02   4.0550e-07 
  5.9094e+02   4.0550e-07 
  5.9104e+02   4.0549e-07 
  5.9114e+02   4.1784e-07 
  5.9124e+02   4.0549e-07 
  5.9134e+02   4.0591e-07 
  5.9144e+02   4.0648e-07 
  5.9154e+02   4.0570e-07 
  5.9164e+02   4.0634e-07 
  5.9174e+02   4.0591e-07 
  5.9184e+02   4.0633e-07 
  5.9194e+02   4.0612e-07 
  5.9204e+02   4.0633e-07 
  5.9214e+02   4.0654e-07 
  5.9224e+02   4.1447e-07 
  5.9234e+02   4.0675e-07 
  5.9244e+02   4.0817e-07 
  5.9254e+02   4.0654e-07 
  5.9264e+02   4.0699e-07 
  5.9274e+02   4.0675e-07 
  5.9284e+02   4.0717e-07 
  5.9294e+02   4.0674e-07 
  5.9304e+02   4.0717e-07 
  5.9314e+02   4.0716e-07 
  5.9324e+02   4.0716e-07 
  5.9334e+02   4.0737e-07 
  5.9344e+02   4.0737e-07 
  5.9354e+02   4.0737e-07 
  5.9364e+02   4.0758e-07 
  5.9374e+02   4.0758e-07 
  5.9384e+02   4.0779e-07 
  5.9394e+02   4.0779e-07 
  5.9404e+02   4.0778e-07 
  5.9414e+02   4.0799e-07 
  5.9424e+02   4.0777e-07 
  5.9434e+02   4.0820e-07 
  5.9444e+02   4.0820e-07 
  5.9454e+02   4.0798e-07 
  5.9464e+02   4.0841e-07 
  5.9474e+02   4.0840e-07 
  5.9484e+02   4.0840e-07 
  5.9494e+02   4.0861e-07 
  5.9504e+02   4.0839e-07 
  5.9514e+02   4.0882e-07 
  5.9524e+02   4.0859e-07 
  5.9534e+02   4.0902e-07 
  5.9544e+02   4.0880e-07 
  5.9554e+02   4.0880e-07 
  5.9564e+02   4.0923e-07 
  5.9574e+02   4.0900e-07 
  5.9584e+02   4.0921e-07 
  5.9594e+02   4.0921e-07 
  5.9604e+02   4.0920e-07 
  5.9614e+02   4.0963e-07 
  5.9624e+02   4.0941e-07 
  5.9634e+02   4.0967e-07 
  5.9644e+02   4.0961e-07 
  5.9654e+02   4.0961e-07 
  5.9664e+02   4.0982e-07 
  5.9674e+02   4.0981e-07 
  5.9684e+02   4.1003e-07 
  5.9694e+02   4.1002e-07 
  5.9704e+02   4.1001e-07 
  5.9714e+02   4.1022e-07 
  5.9724e+02   4.1022e-07 
  5.9734e+02   4.1043e-07 
  5.9744e+02   4.1020e-07 
  5.9754e+02   4.1041e-07 
  5.9764e+02   4.1063e-07 
  5.9774e+02   4.1084e-07 
  5.9784e+02   3.4196e-06 
  5.9794e+02   4.1060e-07 
  5.9804e+02   4.1060e-07 
  5.9814e+02   4.1125e-07 
  5.9824e+02   4.1080e-07 
  5.9834e+02   4.1124e-07 
  5.9844e+02   4.1101e-07 
  5.9854e+02   4.1123e-07 
  5.9864e+02   4.1144e-07 
  5.9874e+02   4.1121e-07 
  5.9884e+02   4.1165e-07 
  5.9894e+02   4.1142e-07 
  5.9904e+02   4.1141e-07 
  5.9914e+02   4.1185e-07 
  5.9924e+02   4.1162e-07 
  5.9934e+02   4.1205e-07 
  5.9944e+02   4.1182e-07 
  5.9954e+02   4.1182e-07 
  5.9964e+02   8.7873e-05 
  5.9974e+02   4.1339e-07 
  5.9984e+02   4.1258e-07 
  5.9994e+02   4.1223e-07 
  6.0004e+02   4.1222e-07 
  6.0014e+02   4.1281e-07 
  6.0024e+02   4.1243e-07 
  6.0034e+02   4.1298e-07 
  6.0044e+02   4.1304e-07 
  6.0054e+02   4.1262e-07 
  6.0064e+02   4.1306e-07 
  6.0074e+02   4.1376e-07 
  6.0084e+02   4.1306e-07 
  6.0094e+02   4.1311e-07 
  6.0104e+02   4.1304e-07 
  6.0114e+02   4.1352e-07 
  6.0124e+02   4.1304e-07 
  6.0134e+02   4.1370e-07 
  6.0144e+02   4.1347e-07 
  6.0154e+02   4.1347e-07 
  6.0164e+02   4.1369e-07 
  6.0174e+02   4.1368e-07 
  6.0184e+02   4.1390e-07 
  6.0194e+02   4.1390e-07 
  6.0204e+02   4.1389e-07 
  6.0214e+02   4.1411e-07 
  6.0224e+02   4.1410e-07 
  6.0234e+02   4.1433e-07 
  6.0244e+02   4.1433e-07 
  6.0254e+02   4.1434e-07 
  6.0264e+02   4.1457e-07 
  6.0274e+02   4.1458e-07 
  6.0284e+02   4.1481e-07 
  6.0294e+02   4.1482e-07 
  6.0304e+02   4.1569e-07 
  6.0314e+02   4.1505e-07 
  6.0324e+02   4.1615e-07 
  6.0334e+02   4.1530e-07 
  6.0344e+02   4.1510e-07 
  6.0354e+02   4.1539e-07 
  6.0364e+02   4.1584e-07 
  6.0374e+02   4.1541e-07 
  6.0384e+02   4.1612e-07 
  6.0394e+02   4.1570e-07 
  6.0404e+02   4.1673e-07 
  6.0414e+02   4.4725e-07 
  6.0424e+02   4.1628e-07 
  6.0434e+02   4.1655e-07 
  6.0444e+02   4.1637e-07 
  6.0454e+02   4.1664e-07 
  6.0464e+02   4.1714e-07 
  6.0474e+02   4.1673e-07 
  6.0484e+02   4.1723e-07 
  6.0494e+02   4.1728e-07 
  6.0504e+02   4.1732e-07 
  6.0514e+02   4.1760e-07 
  6.0524e+02   4.1764e-07 
  6.0534e+02   4.1791e-07 
  6.0544e+02   4.1773e-07 
  6.0554e+02   4.1800e-07 
  6.0564e+02   4.1995e-07 
  6.0574e+02   4.1832e-07 
  6.0584e+02   4.1859e-07 
  6.0594e+02   4.1840e-07 
  6.0604e+02   4.1867e-07 
  6.0614e+02   4.1918e-07 
  6.0624e+02   4.1876e-07 
  6.0634e+02   4.1926e-07 
  6.0644e+02   4.1931e-07 
  6.0654e+02   4.2286e-07 
  6.0664e+02   4.1962e-07 
  6.0674e+02   4.1966e-07 
  6.0684e+02   4.1994e-07 
  6.0694e+02   4.1975e-07 
  6.0704e+02   4.2002e-07 
  6.0714e+02   4.2053e-07 
  6.0724e+02   4.2010e-07 
  6.0734e+02   4.2061e-07 
  6.0744e+02   4.2065e-07 
  6.0754e+02   4.2069e-07 
  6.0764e+02   4.2096e-07 
  6.0774e+02   4.2100e-07 
  6.0784e+02   4.2128e-07 
  6.0794e+02   4.2132e-07 
  6.0804e+02   4.2136e-07 
  6.0814e+02   4.2163e-07 
  6.0824e+02   4.2167e-07 
  6.0834e+02   4.2996e-07 
  6.0844e+02   2.2886e-04 
  6.0854e+02   4.2203e-07 
  6.0864e+02   4.2230e-07 
  6.0874e+02   4.2234e-07 
  6.0884e+02   4.2261e-07 
  6.0894e+02   4.2265e-07 
  6.0904e+02   4.2269e-07 
  6.0914e+02   4.2365e-07 
  6.0924e+02   4.2300e-07 
  6.0934e+02   4.2328e-07 
  6.0944e+02   4.2332e-07 
  6.0954e+02   4.2335e-07 
  6.0964e+02   4.2386e-07 
  6.0974e+02   7.5808e-07 
  6.0984e+02   4.4316e-04 
  6.0994e+02   4.2398e-07 
  6.1004e+02   7.2761e-07 
  6.1014e+02   4.2453e-07 
  6.1024e+02   4.2433e-07 
  6.1034e+02   4.2460e-07 
  6.1044e+02   4.2464e-07 
  6.1054e+02   4.2468e-07 
  6.1064e+02   4.2519e-07 
  6.1074e+02   1.0421e-05 
  6.1084e+02   2.3695e-06 
  6.1094e+02   4.2506e-07 
  6.1104e+02   4.2557e-07 
  6.1114e+02   4.2561e-07 
  6.1124e+02   4.2588e-07 
  6.1134e+02   4.2592e-07 
  6.1144e+02   4.2595e-07 
  6.1154e+02   4.2623e-07 
  6.1164e+02   4.2700e-07 
  6.1174e+02   4.2630e-07 
  6.1184e+02   4.2657e-07 
  6.1194e+02   4.2687e-07 
  6.1204e+02   4.2821e-07 
  6.1214e+02   4.2716e-07 
  6.1224e+02   4.2695e-07 
  6.1234e+02   4.3099e-07 
  6.1244e+02   4.2726e-07 
  6.1254e+02   4.2754e-07 
  6.1264e+02   4.2781e-07 
  6.1274e+02   4.2760e-07 
  6.1284e+02   4.2812e-07 
  6.1294e+02   4.2815e-07 
  6.1304e+02   4.2795e-07 
  6.1314e+02   4.2846e-07 
  6.1324e+02   4.2850e-07 
  6.1334e+02   4.2877e-07 
  6.1344e+02   4.2856e-07 
  6.1354e+02   4.2884e-07 
  6.1364e+02   4.2935e-07 
  6.1374e+02   4.2890e-07 
  6.1384e+02   4.2942e-07 
  6.1394e+02   4.2945e-07 
  6.1404e+02   4.2948e-07 
  6.1414e+02   4.2976e-07 
  6.1424e+02   4.2979e-07 
  6.1434e+02   4.3007e-07 
  6.1444e+02   4.3019e-07 
  6.1454e+02   4.3013e-07 
  6.1464e+02   4.3065e-07 
  6.1474e+02   4.3019e-07 
  6.1484e+02   4.3096e-07 
  6.1494e+02   4.3074e-07 
  6.1504e+02   4.3077e-07 
  6.1514e+02   4.3105e-07 
  6.1524e+02   4.3132e-07 
  6.1534e+02   4.3135e-07 
  6.1544e+02   4.3138e-07 
  6.1554e+02   4.3141e-07 
  6.1564e+02   4.3194e-07 
  6.1574e+02   4.3172e-07 
  6.1584e+02   4.3224e-07 
  6.1594e+02   4.3202e-07 
  6.1604e+02   4.3230e-07 
  6.1614e+02   4.3258e-07 
  6.1624e+02   4.3236e-07 
  6.1634e+02   4.3288e-07 
  6.1644e+02   4.3266e-07 
  6.1654e+02   4.3294e-07 
  6.1664e+02   4.3322e-07 
  6.1674e+02   4.3305e-07 
  6.1684e+02   4.3352e-07 
  6.1694e+02   8.5264e-06 
  6.1704e+02   4.5905e-06 
  6.1714e+02   4.3410e-07 
  6.1724e+02   4.3389e-07 
  6.1734e+02   4.3444e-07 
  6.1744e+02   4.3394e-07 
  6.1754e+02   4.3421e-07 
  6.1764e+02   4.3476e-07 
  6.1774e+02   4.3427e-07 
  6.1784e+02   4.3504e-07 
  6.1794e+02   4.3482e-07 
  6.1804e+02   4.3485e-07 
  6.1814e+02   4.3513e-07 
  6.1824e+02   4.3516e-07 
  6.1834e+02   4.3568e-07 
  6.1844e+02   4.3546e-07 
  6.1854e+02   4.3548e-07 
  6.1864e+02   4.3601e-07 
  6.1874e+02   4.3578e-07 
  6.1884e+02   4.3631e-07 
  6.1894e+02   4.3609e-07 
  6.1904e+02   4.3643e-07 
  6.1914e+02   4.3664e-07 
  6.1924e+02   4.3643e-07 
  6.1934e+02   4.3694e-07 
  6.1944e+02   4.3672e-07 
  6.1954e+02   4.3699e-07 
  6.1964e+02   4.3727e-07 
  6.1974e+02   4.3729e-07 
  6.1984e+02   4.3757e-07 
  6.1994e+02   4.3734e-07 
  6.2004e+02   4.3762e-07 
  6.2014e+02   4.3815e-07 
  6.2024e+02   4.3796e-07 
  6.2034e+02   4.3820e-07 
  6.2044e+02   4.3822e-07 
  6.2054e+02   4.3824e-07 
  6.2064e+02   4.3852e-07 
  6.2074e+02   4.3854e-07 
  6.2084e+02   4.3908e-07 
  6.2094e+02   4.3885e-07 
  6.2104e+02   4.4055e-07 
  6.2114e+02   4.3940e-07 
  6.2124e+02   4.3917e-07 
  6.2134e+02   4.3970e-07 
  6.2144e+02   4.3947e-07 
  6.2154e+02   4.3974e-07 
  6.2164e+02   4.4002e-07 
  6.2174e+02   4.3979e-07 
  6.2184e+02   4.4032e-07 
  6.2194e+02   4.4034e-07 
  6.2204e+02   4.4036e-07 
  6.2214e+02   4.4064e-07 
  6.2224e+02   4.4066e-07 
  6.2234e+02   4.4094e-07 
  6.2244e+02   4.4070e-07 
  6.2254e+02   4.4124e-07 
  6.2264e+02   4.4126e-07 
  6.2274e+02   4.4128e-07 
  6.2284e+02   4.4181e-07 
  6.2294e+02   4.4132e-07 
  6.2304e+02   4.4185e-07 
  6.2314e+02   4.4187e-07 
  6.2324e+02   4.4215e-07 
  6.2334e+02   4.4242e-07 
  6.2344e+02   4.4245e-07 
  6.2354e+02   4.4422e-07 
  6.2364e+02   4.4274e-07 
  6.2374e+02   4.4276e-07 
  6.2384e+02   4.4304e-07 
  6.2394e+02   4.4280e-07 
  6.2404e+02   4.4312e-07 
  6.2414e+02   4.4336e-07 
  6.2424e+02   4.4337e-07 
  6.2434e+02   4.4365e-07 
  6.2444e+02   4.4367e-07 
  6.2454e+02   4.4369e-07 
  6.2464e+02   7.9797e-07 
  6.2474e+02   4.4746e-07 
  6.2484e+02   4.4452e-07 
  6.2494e+02   6.1922e-06 
  6.2504e+02   4.4429e-07 
  6.2514e+02   1.1562e-06 
  6.2524e+02   4.4459e-07 
  6.2534e+02   4.4513e-07 
  6.2544e+02   4.4488e-07 
  6.2554e+02   4.4516e-07 
  6.2564e+02   4.4544e-07 
  6.2574e+02   4.4521e-07 
  6.2584e+02   1.5111e-06 
  6.2594e+02   4.4575e-07 
  6.2604e+02   4.4577e-07 
  6.2614e+02   4.4604e-07 
  6.2624e+02   4.4606e-07 
  6.2634e+02   4.4634e-07 
  6.2644e+02   4.4635e-07 
  6.2654e+02   4.4637e-07 
  6.2664e+02   4.4691e-07 
  6.2674e+02   4.4666e-07 
  6.2684e+02   4.4720e-07 
  6.2694e+02   4.4695e-07 
  6.2704e+02   4.4697e-07 
  6.2714e+02   4.4751e-07 
  6.2724e+02   4.4752e-07 
  6.2734e+02   4.4780e-07 
  6.2744e+02   4.4755e-07 
  6.2754e+02   4.4783e-07 
  6.2764e+02   4.4811e-07 
  6.2774e+02   4.4812e-07 
  6.2784e+02   4.4843e-07 
  6.2794e+02   4.4841e-07 
  6.2804e+02   4.4842e-07 
  6.2814e+02   4.4870e-07 
  6.2824e+02   4.4872e-07 
  6.2834e+02   4.4926e-07 
  6.2844e+02   4.4901e-07 
  6.2854e+02   4.4902e-07 
  6.2864e+02   4.4957e-07 
  6.2874e+02   4.4959e-07 
  6.2884e+02   4.4987e-07 
  6.2894e+02   4.4961e-07 
  6.2904e+02   4.4989e-07 
  6.2914e+02   4.5017e-07 
  6.2924e+02   4.5032e-07 
  6.2934e+02   4.5047e-07 
  6.2944e+02   4.5021e-07 
  6.2954e+02   4.5049e-07 
  6.2964e+02   4.5104e-07 
  6.2974e+02   3.1519e-03 
  6.2984e+02   4.5134e-07 
  6.2994e+02   4.5108e-07 
  6.3004e+02   4.5109e-07 
  6.3014e+02   4.5164e-07 
  6.3024e+02   4.5139e-07 
  6.3034e+02   4.5345e-07 
  6.3044e+02   4.5168e-07 
  6.3054e+02   4.5204e-07 
  6.3064e+02   4.5226e-07 
  6.3074e+02   4.5225e-07 
  6.3084e+02   4.5253e-07 
  6.3094e+02   4.5254e-07 
  6.3104e+02   4.5255e-07 
  6.3114e+02   4.5311e-07 
  6.3124e+02   4.5289e-07 
  6.3134e+02   4.5313e-07 
  6.3144e+02   4.5314e-07 
  6.3154e+02   4.5343e-07 
  6.3164e+02   4.6139e-07 
  6.3174e+02   4.5370e-07 
  6.3184e+02   4.5402e-07 
  6.3194e+02   4.5827e-07 
  6.3204e+02   4.5405e-07 
  6.3214e+02   4.5461e-07 
  6.3224e+02   4.5802e-07 
  6.3234e+02   4.5603e-07 
  6.3244e+02   4.5438e-07 
  6.3254e+02   4.6422e-07 
  6.3264e+02   4.5846e-07 
  6.3274e+02   4.6437e-07 
  6.3284e+02   4.5554e-07 
  6.3294e+02   4.5586e-07 
  6.3304e+02   4.6372e-07 
  6.3314e+02   4.5597e-07 
  6.3324e+02   4.6278e-07 
  6.3334e+02   4.5715e-07 
  6.3344e+02   4.5622e-07 
  6.3354e+02   4.7516e-07 
  6.3364e+02   4.5656e-07 
  6.3374e+02   4.5659e-07 
  6.3384e+02   4.5689e-07 
  6.3394e+02   4.5693e-07 
  6.3404e+02   4.5723e-07 
  6.3414e+02   4.5753e-07 
  6.3424e+02   4.6473e-07 
  6.3434e+02   4.5792e-07 
  6.3444e+02   4.5771e-07 
  6.3454e+02   4.5804e-07 
  6.3464e+02   4.5838e-07 
  6.3474e+02   4.5816e-07 
  6.3484e+02   4.5906e-07 
  6.3494e+02   4.5859e-07 
  6.3504e+02   4.5896e-07 
  6.3514e+02   4.5960e-07 
  6.3524e+02   4.5941e-07 
  6.3534e+02   4.6006e-07 
  6.3544e+02   4.5988e-07 
  6.3554e+02   4.5997e-07 
  6.3564e+02   4.6062e-07 
  6.3574e+02   4.6071e-07 
  6.3584e+02   4.6108e-07 
  6.3594e+02   4.6089e-07 
  6.3604e+02   4.6126e-07 
  6.3614e+02   4.6192e-07 
  6.3624e+02   4.6173e-07 
  6.3634e+02   4.6210e-07 
  6.3644e+02   4.6219e-07 
  6.3654e+02   4.6228e-07 
  6.3664e+02   4.6294e-07 
  6.3674e+02   4.6274e-07 
  6.3684e+02   4.6340e-07 
  6.3694e+02   4.6349e-07 
  6.3704e+02   4.6769e-07 
  6.3714e+02   4.6423e-07 
  6.3724e+02   4.6376e-07 
  6.3734e+02   4.6470e-07 
  6.3744e+02   4.7284e-07 
  6.3754e+02   4.6488e-07 
  6.3764e+02   4.6496e-07 
  6.3774e+02   4.6885e-07 
  6.3784e+02   4.6571e-07 
  6.3794e+02   4.7858e-07 
  6.3804e+02   4.6641e-07 
  6.3814e+02   4.6626e-07 
  6.3824e+02   5.1271e-07 
  6.3834e+02   4.6673e-07 
  6.3844e+02   4.6652e-07 
  6.3854e+02   4.6718e-07 
  6.3864e+02   4.6728e-07 
  6.3874e+02   4.6735e-07 
  6.3884e+02   4.6802e-07 
  6.3894e+02   4.7241e-07 
  6.3904e+02   4.6790e-07 
  6.3914e+02   4.6856e-07 
  6.3924e+02   4.6865e-07 
  6.3934e+02   4.6902e-07 
  6.3944e+02   4.6882e-07 
  6.3954e+02   4.6919e-07 
  6.3964e+02   4.6985e-07 
  6.3974e+02   4.6965e-07 
  6.3984e+02   4.7002e-07 
  6.3994e+02   4.7011e-07 
  6.4004e+02   4.7048e-07 
  6.4014e+02   4.7086e-07 
  6.4024e+02   4.7065e-07 
  6.4034e+02   4.7132e-07 
  6.4044e+02   4.7111e-07 
  6.4054e+02   4.7148e-07 
  6.4064e+02   4.7215e-07 
  6.4074e+02   4.7194e-07 
  6.4084e+02   4.7231e-07 
  6.4094e+02   4.7240e-07 
  6.4104e+02   4.7248e-07 
  6.4114e+02   4.7315e-07 
  6.4124e+02   5.5388e-07 
  6.4134e+02   4.7404e-07 
  6.4144e+02   4.7369e-07 
  6.4154e+02   4.9520e-07 
  6.4164e+02   4.7414e-07 
  6.4174e+02   4.7422e-07 
  6.4184e+02   4.7460e-07 
  6.4194e+02   4.7468e-07 
  6.4204e+02   4.7476e-07 
  6.4214e+02   4.7543e-07 
  6.4224e+02   4.7580e-07 
  6.4234e+02   4.7588e-07 
  6.4244e+02   4.7685e-07 
  6.4254e+02   4.7575e-07 
  6.4264e+02   4.7672e-07 
  6.4274e+02   4.7651e-07 
  6.4284e+02   4.7689e-07 
  6.4294e+02   4.7703e-07 
  6.4304e+02   4.7705e-07 
  6.4314e+02   4.7773e-07 
  6.4324e+02   4.7752e-07 
  6.4334e+02   4.7819e-07 
  6.4344e+02   4.7798e-07 
  6.4354e+02   4.7836e-07 
  6.4364e+02   4.7904e-07 
  6.4374e+02   4.7852e-07 
  6.4384e+02   4.7950e-07 
  6.4394e+02   4.7929e-07 
  6.4404e+02   4.7943e-07 
  6.4414e+02   4.8852e-07 
  6.4424e+02   4.7983e-07 
  6.4434e+02   4.8947e-07 
  6.4444e+02   2.8377e-06 
  6.4454e+02   4.8067e-07 
  6.4464e+02   5.7139e-06 
  6.4474e+02   4.8113e-07 
  6.4484e+02   1.6176e-05 
  6.4494e+02   4.8129e-07 
  6.4504e+02   4.8197e-07 
  6.4514e+02   2.6629e-05 
  6.4524e+02   4.8213e-07 
  6.4534e+02   4.8281e-07 
  6.4544e+02   4.8259e-07 
  6.4554e+02   4.8297e-07 
  6.4564e+02   4.8335e-07 
  6.4574e+02   4.8346e-07 
  6.4584e+02   4.8412e-07 
  6.4594e+02   4.8399e-07 
  6.4604e+02   4.8410e-07 
  6.4614e+02   4.8465e-07 
  6.4624e+02   4.8457e-07 
  6.4634e+02   4.8525e-07 
  6.4644e+02   4.8519e-07 
  6.4654e+02   4.8527e-07 
  6.4664e+02   4.8565e-07 
  6.4674e+02   4.8572e-07 
  6.4684e+02   4.8641e-07 
  6.4694e+02   4.8618e-07 
  6.4704e+02   4.8626e-07 
  6.4714e+02   4.8695e-07 
  6.4724e+02   4.8702e-07 
  6.4734e+02   4.8740e-07 
  6.4744e+02   4.8717e-07 
  6.4754e+02   4.8755e-07 
  6.4764e+02   4.8824e-07 
  6.4774e+02   4.8801e-07 
  6.4784e+02   4.8839e-07 
  6.4794e+02   4.8846e-07 
  6.4804e+02   4.8885e-07 
  6.4814e+02   4.8923e-07 
  6.4824e+02   4.8930e-07 
  6.4834e+02   4.8968e-07 
  6.4844e+02   4.9121e-07 
  6.4854e+02   4.8983e-07 
  6.4864e+02   5.0638e-07 
  6.4874e+02   5.0078e-07 
  6.4884e+02   4.9098e-07 
  6.4894e+02   4.9074e-07 
  6.4904e+02   4.9125e-07 
  6.4914e+02   4.9150e-07 
  6.4924e+02   4.9282e-07 
  6.4934e+02   4.9197e-07 
  6.4944e+02   4.9203e-07 
  6.4954e+02   4.9210e-07 
  6.4964e+02   4.9280e-07 
  6.4974e+02   4.9255e-07 
  6.4984e+02   4.9325e-07 
  6.4994e+02   5.5160e-07 
  6.5004e+02   4.9339e-07 
  6.5014e+02   4.9377e-07 
  6.5024e+02   4.9384e-07 
  6.5034e+02   4.9454e-07 
  6.5044e+02   5.0287e-07 
  6.5054e+02   4.9436e-07 
  6.5064e+02   4.9516e-07 
  6.5074e+02   4.9482e-07 
  6.5084e+02   4.9551e-07 
  6.5094e+02   4.9558e-07 
  6.5104e+02   4.9565e-07 
  6.5114e+02   4.9603e-07 
  6.5124e+02   4.9610e-07 
  6.5134e+02   4.9680e-07 
  6.5144e+02   4.9655e-07 
  6.5154e+02   4.9694e-07 
  6.5164e+02   4.9732e-07 
  6.5174e+02   4.9864e-07 
  6.5184e+02   4.9777e-07 
  6.5194e+02   4.9784e-07 
  6.5204e+02   4.9790e-07 
  6.5214e+02   5.0174e-07 
  6.5224e+02   4.9835e-07 
  6.5234e+02   4.9906e-07 
  6.5244e+02   4.9880e-07 
  6.5254e+02   4.9919e-07 
  6.5264e+02   4.9957e-07 
  6.5274e+02   4.9964e-07 
  6.5284e+02   5.0034e-07 
  6.5294e+02   5.0009e-07 
  6.5304e+02   5.0015e-07 
  6.5314e+02   5.0086e-07 
  6.5324e+02   5.0060e-07 
  6.5334e+02   5.0131e-07 
  6.5344e+02   5.0137e-07 
  6.5354e+02   5.0983e-07 
  6.5364e+02   5.0182e-07 
  6.5374e+02   5.0188e-07 
  6.5384e+02   5.0259e-07 
  6.5394e+02   5.0233e-07 
  6.5404e+02   5.0272e-07 
  6.5414e+02   5.0310e-07 
  6.5424e+02   5.0316e-07 
  6.5434e+02   5.0355e-07 
  6.5444e+02   5.0329e-07 
  6.5454e+02   5.0400e-07 
  6.5464e+02   5.0406e-07 
  6.5474e+02   5.0444e-07 
  6.5484e+02   5.0483e-07 
  6.5494e+02   5.0456e-07 
  6.5504e+02   5.0495e-07 
  6.5514e+02   5.0534e-07 
  6.5524e+02   5.0540e-07 
  6.5534e+02   5.0611e-07 
  6.5544e+02   5.0584e-07 
  6.5554e+02   5.0590e-07 
  6.5564e+02   5.0661e-07 
  6.5574e+02   5.0667e-07 
  6.5584e+02   5.0706e-07 
  6.5594e+02   5.0712e-07 
  6.5604e+02   5.0718e-07 
  6.5614e+02   5.0815e-07 
  6.5624e+02   5.0795e-07 
  6.5634e+02   5.0801e-07 
  6.5644e+02   5.0839e-07 
  6.5654e+02   5.0812e-07 
  6.5664e+02   5.0917e-07 
  6.5674e+02   5.0889e-07 
  6.5684e+02   5.0928e-07 
  6.5694e+02   5.3582e-07 
  6.5704e+02   5.0939e-07 
  6.5714e+02   5.1014e-07 
  6.5724e+02   5.1017e-07 
  6.5734e+02   1.2096e-04 
  6.5744e+02   5.1061e-07 
  6.5754e+02   5.1067e-07 
  6.5764e+02   5.1105e-07 
  6.5774e+02   5.1111e-07 
  6.5784e+02   5.1183e-07 
  6.5794e+02   5.1155e-07 
  6.5804e+02   5.1211e-07 
  6.5814e+02   5.1232e-07 
  6.5824e+02   1.4036e-06 
  6.5834e+02   5.1310e-07 
  6.5844e+02   5.1282e-07 
  6.5854e+02   3.9429e-06 
  6.5864e+02   5.2833e-07 
  6.5874e+02   5.1365e-07 
  6.5884e+02   5.1403e-07 
  6.5894e+02   5.1375e-07 
  6.5904e+02   5.1414e-07 
  6.5914e+02   5.1486e-07 
  6.5924e+02   5.1458e-07 
  6.5934e+02   5.1530e-07 
  6.5944e+02   5.1502e-07 
  6.5954e+02   5.2228e-06 
  6.5964e+02   5.1579e-07 
  6.5974e+02   5.1584e-07 
  6.5984e+02   2.4066e-06 
  6.5994e+02   5.1628e-07 
  6.6004e+02   5.1667e-07 
  6.6014e+02   2.1116e-06 
  6.6024e+02   5.1318e-06 
  6.6034e+02   5.1750e-07 
  6.6044e+02   5.1755e-07 
  6.6054e+02   5.1760e-07 
  6.6064e+02   5.1832e-07 
  6.6074e+02   5.1803e-07 
  6.6084e+02   5.1876e-07 
  6.6094e+02   5.1847e-07 
  6.6104e+02   5.1886e-07 
  6.6114e+02   5.1960e-07 
  6.6124e+02   5.1895e-07 
  6.6134e+02   5.2002e-07 
  6.6144e+02   3.3797e-05 
  6.6154e+02   5.2012e-07 
  6.6164e+02   5.2051e-07 
  6.6174e+02   5.2021e-07 
  6.6184e+02   5.2094e-07 
  6.6194e+02   5.2099e-07 
  6.6204e+02   5.2104e-07 
  6.6214e+02   5.2177e-07 
  6.6224e+02   5.2148e-07 
  6.6234e+02   5.2221e-07 
  6.6244e+02   5.2226e-07 
  6.6254e+02   5.2231e-07 
  6.6264e+02   5.2319e-07 
  6.6274e+02   5.2274e-07 
  6.6284e+02   5.2348e-07 
  6.6294e+02   5.2318e-07 
  6.6304e+02   5.2357e-07 
  6.6314e+02   3.2608e-06 
  6.6324e+02   5.2401e-07 
  6.6334e+02   5.2440e-07 
  6.6344e+02   5.2445e-07 
  6.6354e+02   5.2449e-07 
  6.6364e+02   5.2523e-07 
  6.6374e+02   5.2528e-07 
  6.6384e+02   5.2567e-07 
  6.6394e+02   5.2537e-07 
  6.6404e+02   5.2576e-07 
  6.6414e+02   5.2650e-07 
  6.6424e+02   5.2619e-07 
  6.6434e+02   5.2693e-07 
  6.6444e+02   5.2663e-07 
  6.6454e+02   5.2702e-07 
  6.6464e+02   5.2776e-07 
  6.6474e+02   5.2746e-07 
  6.6484e+02   5.2785e-07 
  6.6494e+02   5.2789e-07 
  6.6504e+02   5.2828e-07 
  6.6514e+02   5.2867e-07 
  6.6524e+02   5.2836e-07 
  6.6534e+02   5.2946e-07 
  6.6544e+02   5.2881e-07 
  6.6554e+02   5.2956e-07 
  6.6564e+02   5.2996e-07 
  6.6574e+02   5.2966e-07 
  6.6584e+02   5.3041e-07 
  6.6594e+02   5.3046e-07 
  6.6604e+02   5.6794e-07 
  6.6614e+02   5.3090e-07 
  6.6624e+02   5.3095e-07 
  6.6634e+02   5.3171e-07 
  6.6644e+02   5.3140e-07 
  6.6654e+02   5.3180e-07 
  6.6664e+02   5.3255e-07 
  6.6674e+02   5.3189e-07 
  6.6684e+02   5.3300e-07 
  6.6694e+02   5.3269e-07 
  6.6704e+02   5.3309e-07 
  6.6714e+02   5.3349e-07 
  6.6724e+02   5.3319e-07 
  6.6734e+02   5.3433e-07 
  6.6744e+02   5.3368e-07 
  6.6754e+02   5.3446e-07 
  6.6764e+02   5.3488e-07 
  6.6774e+02   5.3460e-07 
  6.6784e+02   5.3536e-07 
  6.6794e+02   5.3543e-07 
  6.6804e+02   5.3549e-07 
  6.6814e+02   5.3591e-07 
  6.6824e+02   5.3691e-07 
  6.6834e+02   5.3641e-07 
  6.6844e+02   5.3687e-07 
  6.6854e+02   5.3661e-07 
  6.6864e+02   5.3780e-07 
  6.6874e+02   5.3755e-07 
  6.6884e+02   5.3801e-07 
  6.6894e+02   5.3812e-07 
  6.6904e+02   5.3859e-07 
  6.6914e+02   5.3910e-07 
  6.6924e+02   5.3926e-07 
  6.6934e+02   5.3977e-07 
  6.6944e+02   5.3993e-07 
  6.6954e+02   5.4046e-07 
  6.6964e+02   5.4971e-07 
  6.6974e+02   5.4081e-07 
  6.6984e+02   5.4348e-07 
  6.6994e+02   5.4190e-07 
  6.7004e+02   5.4260e-07 
  6.7014e+02   5.4298e-07 
  6.7024e+02   5.4279e-07 
  6.7034e+02   5.9539e-07 
  6.7044e+02   5.4388e-07 
  6.7054e+02   5.8763e-07 
  6.7064e+02   5.4460e-07 
  6.7074e+02   5.4477e-07 
  6.7084e+02   5.9046e-07 
  6.7094e+02   5.4549e-07 
  6.7104e+02   2.7371e-06 
  6.7114e+02   5.8197e-07 
  6.7124e+02   5.4675e-07 
  6.7134e+02   7.1135e-06 
  6.7144e+02   4.1495e-06 
  6.7154e+02   5.4764e-07 
  6.7164e+02   3.2330e-06 
  6.7174e+02   4.9782e-06 
  6.7184e+02   5.4927e-07 
  6.7194e+02   5.5053e-07 
  6.7204e+02   5.1375e-06 
  6.7214e+02   5.5053e-07 
  6.7224e+02   5.5033e-07 
  6.7234e+02   5.5124e-07 
  6.7244e+02   5.5142e-07 
  6.7254e+02   5.5197e-07 
  6.7264e+02   5.5250e-07 
  6.7274e+02   5.5230e-07 
  6.7284e+02   5.5322e-07 
  6.7294e+02   5.5301e-07 
  6.7304e+02   5.6839e-07 
  6.7314e+02   5.5709e-07 
  6.7324e+02   5.5427e-07 
  6.7334e+02   5.5519e-07 
  6.7344e+02   5.5505e-07 
  6.7354e+02   5.5553e-07 
  6.7364e+02   5.5607e-07 
  6.7374e+02   5.5625e-07 
  6.7384e+02   5.5717e-07 
  6.7394e+02   5.5695e-07 
  6.7404e+02   5.5750e-07 
  6.7414e+02   5.5804e-07 
  6.7424e+02   5.5821e-07 
  6.7434e+02   5.5876e-07 
  6.7444e+02   5.5892e-07 
  6.7454e+02   5.5947e-07 
  6.7464e+02   5.6009e-07 
  6.7474e+02   5.5979e-07 
  6.7484e+02   5.6072e-07 
  6.7494e+02   5.6089e-07 
  6.7504e+02   5.6105e-07 
  6.7514e+02   5.6198e-07 
  6.7524e+02   5.6214e-07 
  6.7534e+02   5.6269e-07 
  6.7544e+02   5.6247e-07 
  6.7554e+02   5.6340e-07 
  6.7564e+02   5.6356e-07 
  6.7574e+02   5.6411e-07 
  6.7584e+02   5.6427e-07 
  6.7594e+02   5.6482e-07 
  6.7604e+02   5.7256e-07 
  6.7614e+02   5.6552e-07 
  6.7624e+02   5.6619e-07 
  6.7634e+02   5.6623e-07 
  6.7644e+02   5.6678e-07 
  6.7654e+02   5.6694e-07 
  6.7664e+02   5.6749e-07 
  6.7674e+02   5.6764e-07 
  6.7684e+02   5.6819e-07 
  6.7694e+02   5.6874e-07 
  6.7704e+02   5.6851e-07 
  6.7714e+02   5.6984e-07 
  6.7724e+02   5.6921e-07 
  6.7734e+02   5.7055e-07 
  6.7744e+02   5.7031e-07 
  6.7754e+02   5.7046e-07 
  6.7764e+02   5.7349e-07 
  6.7774e+02   5.7117e-07 
  6.7784e+02   5.7253e-07 
  6.7794e+02   5.7190e-07 
  6.7804e+02   5.7282e-07 
  6.7814e+02   5.7337e-07 
  6.7824e+02   5.7312e-07 
  6.7834e+02   5.7447e-07 
  6.7844e+02   5.7383e-07 
  6.7854e+02   5.7478e-07 
  6.7864e+02   5.7492e-07 
  6.7874e+02   5.7547e-07 
  6.7884e+02   5.7699e-07 
  6.7894e+02   5.7640e-07 
  6.7904e+02   5.7635e-07 
  6.7914e+02   5.7700e-07 
  6.7924e+02   5.7743e-07 
  6.7934e+02   5.7798e-07 
  6.7944e+02   5.7773e-07 
  6.7954e+02   5.7828e-07 
  6.7964e+02   5.7923e-07 
  6.7974e+02   5.7898e-07 
  6.7984e+02   5.8009e-07 
  6.7994e+02   5.7968e-07 
  6.8004e+02   5.8023e-07 
  6.8014e+02   5.8078e-07 
  6.8024e+02   5.8133e-07 
  6.8034e+02   5.8148e-07 
  6.8044e+02   5.9074e-07 
  6.8054e+02   5.8218e-07 
  6.8064e+02   5.8568e-07 
  6.8074e+02   5.8288e-07 
  6.8084e+02   5.8343e-07 
  6.8094e+02   5.8465e-07 
  6.8104e+02   5.8413e-07 
  6.8114e+02   5.8468e-07 
  6.8124e+02   5.8482e-07 
  6.8134e+02   5.8578e-07 
  6.8144e+02   5.8552e-07 
  6.8154e+02   5.8567e-07 
  6.8164e+02   5.8666e-07 
  6.8174e+02   5.8682e-07 
  6.8184e+02   5.8740e-07 
  6.8194e+02   5.8757e-07 
  6.8204e+02   5.8815e-07 
  6.8214e+02   5.8872e-07 
  6.8224e+02   5.8889e-07 
  6.8234e+02   5.8947e-07 
  6.8244e+02   5.8963e-07 
  6.8254e+02   5.8980e-07 
  6.8264e+02   5.9079e-07 
  6.8274e+02   5.9095e-07 
  6.8284e+02   5.9153e-07 
  6.8294e+02   5.9128e-07 
  6.8304e+02   5.9227e-07 
  6.8314e+02   5.9285e-07 
  6.8324e+02   5.9260e-07 
  6.8334e+02   5.9360e-07 
  6.8344e+02   5.9376e-07 
  6.8354e+02   5.9451e-07 
  6.8364e+02   5.9492e-07 
  6.8374e+02   5.9466e-07 
  6.8384e+02   5.9566e-07 
  6.8394e+02   5.9582e-07 
  6.8404e+02   5.9598e-07 
  6.8414e+02   5.9698e-07 
  6.8424e+02   5.9672e-07 
  6.8434e+02   5.9772e-07 
  6.8444e+02   5.9745e-07 
  6.8454e+02   5.9803e-07 
  6.8464e+02   5.9904e-07 
  6.8474e+02   5.9877e-07 
  6.8484e+02   5.9977e-07 
  6.8494e+02   5.9993e-07 
  6.8504e+02   4.2261e-05 
  6.8514e+02   6.0067e-07 
  6.8524e+02   6.0083e-07 
  6.8534e+02   6.0183e-07 
  6.8544e+02   6.0156e-07 
  6.8554e+02   2.9878e-04 
  6.8564e+02   6.0315e-07 
  6.8574e+02   6.0288e-07 
  6.8584e+02   2.0891e-04 
  6.8594e+02   6.0404e-07 
  6.8604e+02   6.0419e-07 
  6.8614e+02   6.0478e-07 
  6.8624e+02   6.0500e-07 
  6.8634e+02   1.5208e-04 
  6.8644e+02   6.0566e-07 
  6.8654e+02   6.0624e-07 
  6.8664e+02   6.0806e-07 
  6.8674e+02   6.0769e-07 
  6.8684e+02   6.0799e-07 
  6.8694e+02   6.0771e-07 
  6.8704e+02   6.0916e-07 
  6.8714e+02   6.0888e-07 
  6.8724e+02   6.0903e-07 
  6.8734e+02   6.0961e-07 
  6.8744e+02   6.0976e-07 
  6.8754e+02   6.1034e-07 
  6.8764e+02   6.1161e-07 
  6.8774e+02   6.1107e-07 
  6.8784e+02   6.1209e-07 
  6.8794e+02   6.1180e-07 
  6.8804e+02   6.1238e-07 
  6.8814e+02   6.1526e-07 
  6.8824e+02   6.1312e-07 
  6.8834e+02   6.1370e-07 
  6.8844e+02   6.1384e-07 
  6.8854e+02   6.1443e-07 
  6.8864e+02   6.1501e-07 
  6.8874e+02   6.1516e-07 
  6.8884e+02   6.1574e-07 
  6.8894e+02   6.1606e-07 
  6.8904e+02   6.1647e-07 
  6.8914e+02   6.1705e-07 
  6.8924e+02   6.1722e-07 
  6.8934e+02   6.1778e-07 
  6.8944e+02   6.1792e-07 
  6.8954e+02   6.1820e-07 
  6.8964e+02   6.1909e-07 
  6.8974e+02   6.1924e-07 
  6.8984e+02   6.1982e-07 
  6.8994e+02   6.1996e-07 
  6.9004e+02   6.2055e-07 
  6.9014e+02   6.2148e-07 
  6.9024e+02   6.2127e-07 
  6.9034e+02   6.2186e-07 
  6.9044e+02   6.2200e-07 
  6.9054e+02   5.4825e-05 
  6.9064e+02   6.2317e-07 
  6.9074e+02   6.2353e-07 
  6.9084e+02   6.2389e-07 
  6.9094e+02   6.2403e-07 
  6.9104e+02   6.2462e-07 
  6.9114e+02   4.9429e-06 
  6.9124e+02   1.1091e-06 
  6.9134e+02   6.2593e-07 
  6.9144e+02   6.6925e-06 
  6.9154e+02   6.2620e-07 
  6.9164e+02   6.2724e-07 
  6.9174e+02   6.2741e-07 
  6.9184e+02   6.2796e-07 
  6.9194e+02   6.2810e-07 
  6.9204e+02   6.2823e-07 
  6.9214e+02   6.2927e-07 
  6.9224e+02   6.2941e-07 
  6.9234e+02   6.2999e-07 
  6.9244e+02   6.3020e-07 
  6.9254e+02   6.3071e-07 
  6.9264e+02   6.3085e-07 
  6.9274e+02   6.3163e-07 
  6.9284e+02   6.3202e-07 
  6.9294e+02   6.3216e-07 
  6.9304e+02   6.3274e-07 
  6.9314e+02   6.3333e-07 
  6.9324e+02   6.3483e-07 
  6.9334e+02   6.3405e-07 
  6.9344e+02   6.3418e-07 
  6.9354e+02   6.3477e-07 
  6.9364e+02   6.3536e-07 
  6.9374e+02   6.3548e-07 
  6.9384e+02   6.3607e-07 
  6.9394e+02   6.3628e-07 
  6.9404e+02   6.4173e-07 
  6.9414e+02   6.3759e-07 
  6.9424e+02   6.3751e-07 
  6.9434e+02   6.3810e-07 
  6.9444e+02   6.3822e-07 
  6.9454e+02   6.3835e-07 
  6.9464e+02   6.4289e-07 
  6.9474e+02   6.3953e-07 
  6.9484e+02   6.4012e-07 
  6.9494e+02   6.4024e-07 
  6.9504e+02   6.4083e-07 
  6.9514e+02   6.4142e-07 
  6.9524e+02   6.4108e-07 
  6.9534e+02   6.4260e-07 
  6.9544e+02   6.4226e-07 
  6.9554e+02   6.4238e-07 
  6.9564e+02   6.4344e-07 
  6.9574e+02   6.4356e-07 
  6.9584e+02   7.2306e-07 
  6.9594e+02   6.4427e-07 
  6.9604e+02   6.4486e-07 
  6.9614e+02   6.4545e-07 
  6.9624e+02   6.8592e-07 
  6.9634e+02   6.4664e-07 
  6.9644e+02   6.4629e-07 
  6.9654e+02   6.4641e-07 
  6.9664e+02   9.4947e-06 
  6.9674e+02   6.4771e-07 
  6.9684e+02   6.4818e-07 
  6.9694e+02   6.4830e-07 
  6.9704e+02   6.4889e-07 
  6.9714e+02   6.4948e-07 
  6.9724e+02   6.4960e-07 
  6.9734e+02   6.5019e-07 
  6.9744e+02   6.5030e-07 
  6.9754e+02   6.5090e-07 
  6.9764e+02   6.5149e-07 
  6.9774e+02   6.5160e-07 
  6.9784e+02   6.5220e-07 
  6.9794e+02   6.5231e-07 
  6.9804e+02   6.5290e-07 
  6.9814e+02   6.5364e-07 
  6.9824e+02   6.5361e-07 
  6.9834e+02   6.5515e-07 
  6.9844e+02   6.5432e-07 
  6.9854e+02   6.5491e-07 
  6.9864e+02   6.5550e-07 
  6.9874e+02   6.5574e-07 
  6.9884e+02   6.5621e-07 
  6.9894e+02   6.5632e-07 
  6.9904e+02   6.5691e-07 
  6.9914e+02   6.5750e-07 
  6.9924e+02   6.5810e-07 
  6.9934e+02   6.5821e-07 
  6.9944e+02   6.5832e-07 
  6.9954e+02   6.5891e-07 
  6.9964e+02   6.5981e-07 
  6.9974e+02   6.6010e-07 
  6.9984e+02   6.6021e-07 
  6.9994e+02   6.6032e-07 
  7.0004e+02   6.6092e-07 
  7.0014e+02   6.6205e-07 
  7.0024e+02   1.9539e-06 
  7.0034e+02   6.6222e-07 
  7.0044e+02   6.6281e-07 
  7.0054e+02   6.6292e-07 
  7.0064e+02   6.6352e-07 
  7.0074e+02   6.6362e-07 
  7.0084e+02   6.6471e-07 
  7.0094e+02   6.6482e-07 
  7.0104e+02   6.6492e-07 
  7.0114e+02   6.6920e-07 
  7.0124e+02   6.6563e-07 
  7.0134e+02   6.6736e-07 
  7.0144e+02   6.6682e-07 
  7.0154e+02   6.6692e-07 
  7.0164e+02   6.6752e-07 
  7.0174e+02   6.6812e-07 
  7.0184e+02   6.6822e-07 
  7.0194e+02   6.6882e-07 
  7.0204e+02   6.6892e-07 
  7.0214e+02   6.7001e-07 
  7.0224e+02   6.6962e-07 
  7.0234e+02   7.3375e-04 
  7.0244e+02   6.7082e-07 
  7.0254e+02   6.7092e-07 
  7.0264e+02   6.7201e-07 
  7.0274e+02   6.7161e-07 
  7.0284e+02   6.1097e-04 
  7.0294e+02   2.2623e-05 
  7.0304e+02   6.7291e-07 
  7.0314e+02   6.7401e-07 
  7.0324e+02   6.7412e-07 
  7.0334e+02   6.7473e-07 
  7.0344e+02   6.7483e-07 
  7.0354e+02   6.7494e-07 
  7.0364e+02   6.7607e-07 
  7.0374e+02   6.7620e-07 
  7.0384e+02   9.8306e-04 
  7.0394e+02   6.7687e-07 
  7.0404e+02   6.7696e-07 
  7.0414e+02   6.7808e-07 
  7.0424e+02   6.7818e-07 
  7.0434e+02   6.7879e-07 
  7.0444e+02   6.7889e-07 
  7.0454e+02   6.7950e-07 
  7.0464e+02   6.8011e-07 
  7.0474e+02   6.8021e-07 
  7.0484e+02   6.8081e-07 
  7.0494e+02   6.8091e-07 
  7.0504e+02   6.8152e-07 
  7.0514e+02   6.8213e-07 
  7.0524e+02   6.8225e-07 
  7.0534e+02   6.8340e-07 
  7.0544e+02   6.8301e-07 
  7.0554e+02   6.8365e-07 
  7.0564e+02   6.8428e-07 
  7.0574e+02   7.6360e-07 
  7.0584e+02   6.8504e-07 
  7.0594e+02   6.8567e-07 
  7.0604e+02   7.0285e-07 
  7.0614e+02   6.8643e-07 
  7.0624e+02   7.3395e-07 
  7.0634e+02   7.1110e-07 
  7.0644e+02   1.4299e-06 
  7.0654e+02   6.8802e-07 
  7.0664e+02   6.8924e-07 
  7.0674e+02   6.8891e-07 
  7.0684e+02   6.9012e-07 
  7.0694e+02   6.9030e-07 
  7.0704e+02   6.9048e-07 
  7.0714e+02   6.9121e-07 
  7.0724e+02   6.9192e-07 
  7.0734e+02   3.4104e-06 
  7.0744e+02   6.9245e-07 
  7.0754e+02   6.9376e-07 
  7.0764e+02   6.9402e-07 
  7.0774e+02   6.9482e-07 
  7.0784e+02   6.9563e-07 
  7.0794e+02   6.9592e-07 
  7.0804e+02   6.9620e-07 
  7.0814e+02   6.9754e-07 
  7.0824e+02   6.9730e-07 
  7.0834e+02   6.9916e-07 
  7.0844e+02   6.9892e-07 
  7.0854e+02   6.9920e-07 
  7.0864e+02   7.0054e-07 
  7.0874e+02   7.0083e-07 
  7.0884e+02   7.0164e-07 
  7.0894e+02   7.0192e-07 
  7.0904e+02   7.0273e-07 
  7.0914e+02   7.0355e-07 
  7.0924e+02   7.0383e-07 
  7.0934e+02   7.0464e-07 
  7.0944e+02   7.0506e-07 
  7.0954e+02   7.0573e-07 
  7.0964e+02   7.0655e-07 
  7.0974e+02   7.0683e-07 
  7.0984e+02   7.0818e-07 
  7.0994e+02   7.0792e-07 
  7.1004e+02   7.0873e-07 
  7.1014e+02   7.1008e-07 
  7.1024e+02   7.0982e-07 
  7.1034e+02   7.1064e-07 
  7.1044e+02   7.1145e-07 
  7.1054e+02   7.1172e-07 
  7.1064e+02   7.1308e-07 
  7.1074e+02   7.1281e-07 
  7.1084e+02   7.1417e-07 
  7.1094e+02   7.1390e-07 
  7.1104e+02   7.1472e-07 
  7.1114e+02   7.1607e-07 
  7.1124e+02   7.1635e-07 
  7.1134e+02   7.1716e-07 
  7.1144e+02   7.1689e-07 
  7.1154e+02   7.1825e-07 
  7.1164e+02   7.1907e-07 
  7.1174e+02   7.1879e-07 
  7.1184e+02   7.2015e-07 
  7.1194e+02   7.2042e-07 
  7.1204e+02   7.2124e-07 
  7.1214e+02   7.2206e-07 
  7.1224e+02   7.2232e-07 
  7.1234e+02   7.2314e-07 
  7.1244e+02   7.2341e-07 
  7.1254e+02   7.2428e-07 
  7.1264e+02   2.0552e-06 
  7.1274e+02   7.2531e-07 
  7.1284e+02   8.7108e-07 
  7.1294e+02   7.2639e-07 
  7.1304e+02   7.2769e-07 
  7.1314e+02   7.2802e-07 
  7.1324e+02   7.2976e-07 
  7.1334e+02   7.2910e-07 
  7.1344e+02   7.2992e-07 
  7.1354e+02   7.3018e-07 
  7.1364e+02   7.3100e-07 
  7.1374e+02   7.3126e-07 
  7.1384e+02   1.3891e-06 
  7.1394e+02   7.3290e-07 
  7.1404e+02   7.3316e-07 
  7.1414e+02   7.3398e-07 
  7.1424e+02   7.3480e-07 
  7.1434e+02   7.3562e-07 
  7.1444e+02   7.3588e-07 
  7.1454e+02   7.3613e-07 
  7.1464e+02   7.3752e-07 
  7.1474e+02   7.3922e-07 
  7.1484e+02   7.3859e-07 
  7.1494e+02   7.3885e-07 
  7.1504e+02   7.3967e-07 
  7.1514e+02   7.4049e-07 
  7.1524e+02   7.4074e-07 
  7.1534e+02   7.4156e-07 
  7.1544e+02   7.4181e-07 
  7.1554e+02   7.4264e-07 
  7.1564e+02   7.4346e-07 
  7.1574e+02   7.4371e-07 
  7.1584e+02   7.4453e-07 
  7.1594e+02   7.4535e-07 
  7.1604e+02   7.4560e-07 
  7.1614e+02   7.4642e-07 
  7.1624e+02   7.4667e-07 
  7.1634e+02   7.4807e-07 
  7.1644e+02   7.4774e-07 
  7.1654e+02   7.4856e-07 
  7.1664e+02   7.4997e-07 
  7.1674e+02   7.4963e-07 
  7.1684e+02   7.5105e-07 
  7.1694e+02   7.5128e-07 
  7.1704e+02   7.5152e-07 
  7.1714e+02   7.5293e-07 
  7.1724e+02   7.5259e-07 
  7.1734e+02   7.5399e-07 
  7.1744e+02   7.5424e-07 
  7.1754e+02   7.5506e-07 
  7.1764e+02   7.5589e-07 
  7.1774e+02   7.5554e-07 
  7.1784e+02   7.5754e-07 
  7.1794e+02   7.5776e-07 
  7.1804e+02   7.5743e-07 
  7.1814e+02   7.5950e-07 
  7.1824e+02   7.5910e-07 
  7.1834e+02   7.5990e-07 
  7.1844e+02   2.6198e-06 
  7.1854e+02   1.1566e-06 
  7.1864e+02   3.6776e-06 
  7.1874e+02   7.6262e-07 
  7.1884e+02   7.6286e-07 
  7.1894e+02   7.6369e-07 
  7.1904e+02   7.6392e-07 
  7.1914e+02   7.6475e-07 
  7.1924e+02   7.6558e-07 
  7.1934e+02   7.6641e-07 
  7.1944e+02   7.6605e-07 
  7.1954e+02   7.6748e-07 
  7.1964e+02   7.6771e-07 
  7.1974e+02   7.6855e-07 
  7.1984e+02   7.6938e-07 
  7.1994e+02   7.6961e-07 
  7.2004e+02   7.6984e-07 
  7.2014e+02   7.7127e-07 
  7.2024e+02   7.7153e-07 
  7.2034e+02   7.7236e-07 
  7.2044e+02   7.7317e-07 
  7.2054e+02   7.7280e-07 
  7.2064e+02   7.7423e-07 
  7.2074e+02   7.7506e-07 
  7.2084e+02   7.7529e-07 
  7.2094e+02   7.7552e-07 
  7.2104e+02   7.7635e-07 
  7.2114e+02   7.7779e-07 
  7.2124e+02   7.7741e-07 
  7.2134e+02   7.7885e-07 
  7.2144e+02   7.7847e-07 
  7.2154e+02   7.7930e-07 
  7.2164e+02   7.8075e-07 
  7.2174e+02   7.8097e-07 
  7.2184e+02   7.8180e-07 
  7.2194e+02   7.8141e-07 
  7.2204e+02   7.8286e-07 
  7.2214e+02   7.8370e-07 
  7.2224e+02   7.8330e-07 
  7.2234e+02   7.8537e-07 
  7.2244e+02   7.8500e-07 
  7.2254e+02   7.8519e-07 
  7.2264e+02   7.8664e-07 
  7.2274e+02   7.8686e-07 
  7.2284e+02   7.8831e-07 
  7.2294e+02   7.8791e-07 
  7.2304e+02   7.8875e-07 
  7.2314e+02   7.9023e-07 
  7.2324e+02   7.8980e-07 
  7.2334e+02   7.9126e-07 
  7.2344e+02   7.9147e-07 
  7.2354e+02   7.9169e-07 
  7.2364e+02   7.9252e-07 
  7.2374e+02   7.9336e-07 
  7.2384e+02   7.9475e-07 
  7.2394e+02   7.9378e-07 
  7.2404e+02   7.9525e-07 
  7.2414e+02   7.9608e-07 
  7.2424e+02   7.9567e-07 
  7.2434e+02   7.9713e-07 
  7.2444e+02   7.9734e-07 
  7.2454e+02   7.9818e-07 
  7.2464e+02   7.9902e-07 
  7.2474e+02   7.9923e-07 
  7.2484e+02   8.0006e-07 
  7.2494e+02   8.0090e-07 
  7.2504e+02   8.0111e-07 
  7.2514e+02   8.0244e-07 
  7.2524e+02   8.0215e-07 
  7.2534e+02   8.0363e-07 
  7.2544e+02   8.0320e-07 
  7.2554e+02   8.0404e-07 
  7.2564e+02   8.0551e-07 
  7.2574e+02   8.0508e-07 
  7.2584e+02   8.0756e-07 
  7.2594e+02   8.0676e-07 
  7.2604e+02   8.0696e-07 
  7.2614e+02   8.0844e-07 
  7.2624e+02   8.0864e-07 
  7.2634e+02   8.0979e-07 
  7.2644e+02   8.0968e-07 
  7.2654e+02   8.1052e-07 
  7.2664e+02   8.1136e-07 
  7.2674e+02   8.1156e-07 
  7.2684e+02   8.1240e-07 
  7.2694e+02   8.1324e-07 
  7.2704e+02   8.1288e-07 
  7.2714e+02   8.1492e-07 
  7.2724e+02   8.1447e-07 
  7.2734e+02   8.1596e-07 
  7.2744e+02   8.1551e-07 
  7.2754e+02   8.1700e-07 
  7.2764e+02   8.1719e-07 
  7.2774e+02   8.1803e-07 
  7.2784e+02   8.1887e-07 
  7.2794e+02   8.1841e-07 
  7.2804e+02   8.1991e-07 
  7.2814e+02   8.2075e-07 
  7.2824e+02   8.2104e-07 
  7.2834e+02   8.2179e-07 
  7.2844e+02   8.2203e-07 
  7.2854e+02   8.2282e-07 
  7.2864e+02   8.2366e-07 
  7.2874e+02   8.2385e-07 
  7.2884e+02   8.2535e-07 
  7.2894e+02   8.2488e-07 
  7.2904e+02   8.2572e-07 
  7.2914e+02   8.2664e-07 
  7.2924e+02   8.2741e-07 
  7.2934e+02   8.2825e-07 
  7.2944e+02   8.2778e-07 
  7.2954e+02   8.2928e-07 
  7.2964e+02   8.2946e-07 
  7.2974e+02   8.3031e-07 
  7.2984e+02   8.3116e-07 
  7.2994e+02   8.3134e-07 
  7.3004e+02   8.3218e-07 
  7.3014e+02   8.3303e-07 
  7.3024e+02   8.3323e-07 
  7.3034e+02   8.3409e-07 
  7.3044e+02   8.3428e-07 
  7.3054e+02   8.3513e-07 
  7.3064e+02   8.3599e-07 
  7.3074e+02   8.3685e-07 
  7.3084e+02   8.3704e-07 
  7.3094e+02   8.3790e-07 
  7.3104e+02   8.3809e-07 
  7.3114e+02   8.3962e-07 
  7.3124e+02   8.3914e-07 
  7.3134e+02   8.4067e-07 
  7.3144e+02   8.4086e-07 
  7.3154e+02   8.4104e-07 
  7.3164e+02   8.4258e-07 
  7.3174e+02   8.4276e-07 
  7.3184e+02   8.4362e-07 
  7.3194e+02   8.4448e-07 
  7.3204e+02   8.4399e-07 
  7.3214e+02   8.4622e-07 
  7.3224e+02   8.4571e-07 
  7.3234e+02   8.4657e-07 
  7.3244e+02   8.4743e-07 
  7.3254e+02   8.4761e-07 
  7.3264e+02   8.4847e-07 
  7.3274e+02   8.4934e-07 
  7.3284e+02   8.5020e-07 
  7.3294e+02   8.4969e-07 
  7.3304e+02   8.5124e-07 
  7.3314e+02   8.5210e-07 
  7.3324e+02   8.5159e-07 
  7.3334e+02   8.5383e-07 
  7.3344e+02   8.5332e-07 
  7.3354e+02   8.5349e-07 
  7.3364e+02   8.5504e-07 
  7.3374e+02   8.5591e-07 
  7.3384e+02   8.5608e-07 
  7.3394e+02   8.5625e-07 
  7.3404e+02   8.5711e-07 
  7.3414e+02   8.5867e-07 
  7.3424e+02   8.5815e-07 
  7.3434e+02   8.5971e-07 
  7.3444e+02   8.5994e-07 
  7.3454e+02   8.6004e-07 
  7.3464e+02   8.6161e-07 
  7.3474e+02   8.6177e-07 
  7.3484e+02   8.6264e-07 
  7.3494e+02   8.6281e-07 
  7.3504e+02   8.6297e-07 
  7.3514e+02   8.6524e-07 
  7.3524e+02   8.6470e-07 
  7.3534e+02   8.6557e-07 
  7.3544e+02   8.6584e-07 
  7.3554e+02   8.6660e-07 
  7.3564e+02   8.6821e-07 
  7.3574e+02   8.6762e-07 
  7.3584e+02   8.6920e-07 
  7.3594e+02   8.6936e-07 
  7.3604e+02   8.6952e-07 
  7.3614e+02   8.7109e-07 
  7.3624e+02   8.7054e-07 
  7.3634e+02   8.7212e-07 
  7.3644e+02   8.7228e-07 
  7.3654e+02   8.7314e-07 
  7.3664e+02   8.7401e-07 
  7.3674e+02   8.7417e-07 
  7.3684e+02   8.7575e-07 
  7.3694e+02   8.7519e-07 
  7.3704e+02   8.7606e-07 
  7.3714e+02   8.7693e-07 
  7.3724e+02   8.7779e-07 
  7.3734e+02   8.7866e-07 
  7.3744e+02   8.7815e-07 
  7.3754e+02   8.7968e-07 
  7.3764e+02   8.7983e-07 
  7.3774e+02   8.8070e-07 
  7.3784e+02   8.8157e-07 
  7.3794e+02   8.8172e-07 
  7.3804e+02   8.8259e-07 
  7.3814e+02   8.8346e-07 
  7.3824e+02   8.8361e-07 
  7.3834e+02   8.8448e-07 
  7.3844e+02   8.8535e-07 
  7.3854e+02   8.8549e-07 
  7.3864e+02   8.8636e-07 
  7.3874e+02   8.8723e-07 
  7.3884e+02   8.8738e-07 
  7.3894e+02   8.8825e-07 
  7.3904e+02   8.8912e-07 
  7.3914e+02   8.8926e-07 
  7.3924e+02   8.9013e-07 
  7.3934e+02   8.9100e-07 
  7.3944e+02   8.9114e-07 
  7.3954e+02   8.9201e-07 
  7.3964e+02   9.0186e-07 
  7.3974e+02   8.9302e-07 
  7.3984e+02   8.9463e-07 
  7.3994e+02   8.9403e-07 
  7.4004e+02   8.9490e-07 
  7.4014e+02   8.9651e-07 
  7.4024e+02   8.9591e-07 
  7.4034e+02   8.9752e-07 
  7.4044e+02   8.9766e-07 
  7.4054e+02   8.9779e-07 
  7.4064e+02   8.9940e-07 
  7.4074e+02   8.9954e-07 
  7.4084e+02   9.0041e-07 
  7.4094e+02   9.2032e-07 
  7.4104e+02   9.0141e-07 
  7.4114e+02   9.0303e-07 
  7.4124e+02   9.0242e-07 
  7.4134e+02   9.0329e-07 
  7.4144e+02   9.0417e-07 
  7.4154e+02   9.0430e-07 
  7.4164e+02   9.0592e-07 
  7.4174e+02   9.0530e-07 
  7.4184e+02   9.0693e-07 
  7.4194e+02   9.0705e-07 
  7.4204e+02   9.0869e-07 
  7.4214e+02   9.0881e-07 
  7.4224e+02   9.0818e-07 
  7.4234e+02   9.1056e-07 
  7.4244e+02   9.1000e-07 
  7.4254e+02   9.1082e-07 
  7.4264e+02   9.1169e-07 
  7.4274e+02   9.1257e-07 
  7.4284e+02   9.1269e-07 
  7.4294e+02   9.1357e-07 
  7.4304e+02   9.1369e-07 
  7.4314e+02   9.1532e-07 
  7.4324e+02   9.1544e-07 
  7.4334e+02   9.1632e-07 
  7.4344e+02   9.1692e-07 
  7.4354e+02   9.1656e-07 
  7.4364e+02   9.1820e-07 
  7.4374e+02   9.1831e-07 
  7.4384e+02   9.2449e-07 
  7.4394e+02   9.1931e-07 
  7.4404e+02   9.2019e-07 
  7.4414e+02   9.2183e-07 
  7.4424e+02   9.2118e-07 
  7.4434e+02   9.2351e-07 
  7.4444e+02   9.2297e-07 
  7.4454e+02   9.2305e-07 
  7.4464e+02   9.2470e-07 
  7.4474e+02   9.2481e-07 
  7.4484e+02   9.2569e-07 
  7.4494e+02   2.4338e-05 
  7.4504e+02   9.2668e-07 
  7.4514e+02   9.2834e-07 
  7.4524e+02   9.2767e-07 
  7.4534e+02   9.2855e-07 
  7.4544e+02   9.2944e-07 
  7.4554e+02   9.2955e-07 
  7.4564e+02   9.3122e-07 
  7.4574e+02   9.3251e-07 
  7.4584e+02   1.9453e-06 
  7.4594e+02   9.3233e-07 
  7.4604e+02   9.3323e-07 
  7.4614e+02   9.3412e-07 
  7.4624e+02   9.3424e-07 
  7.4634e+02   9.4140e-07 
  7.4644e+02   9.3601e-07 
  7.4654e+02   9.3612e-07 
  7.4664e+02   9.3701e-07 
  7.4674e+02   9.3790e-07 
  7.4684e+02   9.3801e-07 
  7.4694e+02   1.1967e-05 
  7.4704e+02   9.3979e-07 
  7.4714e+02   9.4069e-07 
  7.4724e+02   9.4000e-07 
  7.4734e+02   9.4247e-07 
  7.4744e+02   9.4179e-07 
  7.4754e+02   9.4268e-07 
  7.4764e+02   9.4384e-07 
  7.4774e+02   9.4369e-07 
  7.4784e+02   9.4541e-07 
  7.4794e+02   9.4474e-07 
  7.4804e+02   9.4567e-07 
  7.4814e+02   9.4739e-07 
  7.4824e+02   9.4809e-07 
  7.4834e+02   9.3255e-05 
  7.4844e+02   9.4857e-07 
  7.4854e+02   9.4870e-07 
  7.4864e+02   9.5043e-07 
  7.4874e+02   9.5055e-07 
  7.4884e+02   9.5228e-07 
  7.4894e+02   9.5160e-07 
  7.4904e+02   9.5253e-07 
  7.4914e+02   9.5430e-07 
  7.4924e+02   9.5388e-07 
  7.4934e+02   9.5575e-07 
  7.4944e+02   9.5574e-07 
  7.4954e+02   9.6300e-07 
  7.4964e+02   9.5777e-07 
  7.4974e+02   9.5798e-07 
  7.4984e+02   9.5900e-07 
  7.4994e+02   1.0749e-06 
  7.5004e+02   9.6031e-07 
  7.5014e+02   9.9829e-07 
  7.5024e+02   1.1571e-04 
  7.5034e+02   9.6380e-07 
  7.5044e+02   9.6415e-07 
  7.5054e+02   9.6450e-07 
  7.5064e+02   9.6652e-07 
  7.5074e+02   9.6609e-07 
  7.5084e+02   9.6811e-07 
  7.5094e+02   9.6932e-07 
  7.5104e+02   9.6889e-07 
  7.5114e+02   9.7175e-07 
  7.5124e+02   9.7131e-07 
  7.5134e+02   9.7253e-07 
  7.5144e+02   9.7374e-07 
  7.5154e+02   9.7412e-07 
  7.5164e+02   9.7616e-07 
  7.5174e+02   9.7572e-07 
  7.5184e+02   9.7776e-07 
  7.5194e+02   9.7814e-07 
  7.5204e+02   9.7936e-07 
  7.5214e+02   9.8057e-07 
  7.5224e+02   9.8095e-07 
  7.5234e+02   9.8216e-07 
  7.5244e+02   9.8254e-07 
  7.5254e+02   9.8459e-07 
  7.5264e+02   9.8497e-07 
  7.5274e+02   1.0059e-06 
  7.5284e+02   9.8740e-07 
  7.5294e+02   9.8778e-07 
  7.5304e+02   9.8899e-07 
  7.5314e+02   9.9020e-07 
  7.5324e+02   9.8973e-07 
  7.5334e+02   9.9264e-07 
  7.5344e+02   9.9216e-07 
  7.5354e+02   9.9338e-07 
  7.5364e+02   9.9459e-07 
  7.5374e+02   4.8146e-05 
  7.5384e+02   9.9618e-07 
  7.5394e+02   9.9739e-07 
  7.5404e+02   9.9811e-07 
  7.5414e+02   9.9983e-07 
  7.5424e+02   1.0002e-06 
  7.5434e+02   1.0014e-06 
  7.5444e+02   1.0018e-06 
  7.5454e+02   1.0030e-06 
  7.5464e+02   1.0051e-06 
  7.5474e+02   1.0046e-06 
  7.5484e+02   1.0058e-06 
  7.5494e+02   1.0070e-06 
  7.5504e+02   1.0074e-06 
  7.5514e+02   1.0094e-06 
  7.5524e+02   1.0098e-06 
  7.5534e+02   1.0110e-06 
  7.5544e+02   1.0114e-06 
  7.5554e+02   1.0126e-06 
  7.5564e+02   1.0138e-06 
  7.5574e+02   1.0142e-06 
  7.5584e+02   1.0154e-06 
  7.5594e+02   1.0167e-06 
  7.5604e+02   1.0170e-06 
  7.5614e+02   1.0191e-06 
  7.5624e+02   1.0186e-06 
  7.5634e+02   1.0210e-06 
  7.5644e+02   1.0210e-06 
  7.5654e+02   1.0222e-06 
  7.5664e+02   1.0234e-06 
  7.5674e+02   1.0238e-06 
  7.5684e+02   1.0260e-06 
  7.5694e+02   1.0253e-06 
  7.5704e+02   1.0266e-06 
  7.5714e+02   1.0289e-06 
  7.5724e+02   1.0281e-06 
  7.5734e+02   1.0302e-06 
  7.5744e+02   1.0306e-06 
  7.5754e+02   1.0318e-06 
  7.5764e+02   1.0330e-06 
  7.5774e+02   1.0333e-06 
  7.5784e+02   1.0346e-06 
  7.5794e+02   1.0358e-06 
  7.5804e+02   1.0361e-06 
  7.5814e+02   1.0375e-06 
  7.5824e+02   1.0386e-06 
  7.5834e+02   1.0389e-06 
  7.5844e+02   1.0401e-06 
  7.5854e+02   1.0414e-06 
  7.5864e+02   2.4565e-06 
  7.5874e+02   1.0429e-06 
  7.5884e+02   1.0441e-06 
  7.5894e+02   1.0445e-06 
  7.5904e+02   1.0457e-06 
  7.5914e+02   1.0478e-06 
  7.5924e+02   1.0472e-06 
  7.5934e+02   1.0494e-06 
  7.5944e+02   1.1223e-05 
  7.5954e+02   1.0500e-06 
  7.5964e+02   1.0522e-06 
  7.5974e+02   1.0525e-06 
  7.5984e+02   1.0546e-06 
  7.5994e+02   1.0540e-06 
  7.6004e+02   1.0553e-06 
  7.6014e+02   1.0565e-06 
  7.6024e+02   8.6633e-06 
  7.6034e+02   1.0580e-06 
  7.6044e+02   5.2697e-06 
  7.6054e+02   1.0605e-06 
  7.6064e+02   1.0617e-06 
  7.6074e+02   1.0611e-06 
  7.6084e+02   1.0642e-06 
  7.6094e+02   1.0640e-06 
  7.6104e+02   1.0648e-06 
  7.6114e+02   2.3709e-06 
  7.6124e+02   1.0673e-06 
  7.6134e+02   1.0676e-06 
  7.6144e+02   1.0688e-06 
  7.6154e+02   1.0700e-06 
  7.6164e+02   1.0713e-06 
  7.6174e+02   1.0706e-06 
  7.6184e+02   1.0737e-06 
  7.6194e+02   1.0731e-06 
  7.6204e+02   1.3655e-05 
  7.6214e+02   1.0756e-06 
  7.6224e+02   1.0768e-06 
  7.6234e+02   1.0771e-06 
  7.6244e+02   1.0783e-06 
  7.6254e+02   1.0796e-06 
  7.6264e+02   1.0809e-06 
  7.6274e+02   1.0811e-06 
  7.6284e+02   1.0833e-06 
  7.6294e+02   1.0827e-06 
  7.6304e+02   1.0839e-06 
  7.6314e+02   1.0851e-06 
  7.6324e+02   1.0854e-06 
  7.6334e+02   7.7462e-05 
  7.6344e+02   1.0879e-06 
  7.6354e+02   1.0882e-06 
  7.6364e+02   1.0903e-06 
  7.6374e+02   1.0906e-06 
  7.6384e+02   1.0919e-06 
  7.6394e+02   1.0931e-06 
  7.6404e+02   1.0934e-06 
  7.6414e+02   1.0946e-06 
  7.6424e+02   1.0949e-06 
  7.6434e+02   1.4912e-04 
  7.6444e+02   1.0974e-06 
  7.6454e+02   1.0977e-06 
  7.6464e+02   1.0999e-06 
  7.6474e+02   1.1001e-06 
  7.6484e+02   1.1014e-06 
  7.6494e+02   1.1026e-06 
  7.6504e+02   1.1029e-06 
  7.6514e+02   1.4519e-03 
  7.6524e+02   1.1044e-06 
  7.6534e+02   1.1066e-06 
  7.6544e+02   1.1069e-06 
  7.6554e+02   1.1072e-06 
  7.6564e+02   1.1094e-06 
  7.6574e+02   1.1096e-06 
  7.6584e+02   1.1119e-06 
  7.6594e+02   1.1111e-06 
  7.6604e+02   1.1124e-06 
  7.6614e+02   1.1136e-06 
  7.6624e+02   1.1149e-06 
  7.6634e+02   1.1161e-06 
  7.6644e+02   1.1154e-06 
  7.6654e+02   1.1176e-06 
  7.6664e+02   1.1189e-06 
  7.6674e+02   1.1191e-06 
  7.6684e+02   1.1204e-06 
  7.6694e+02   1.1216e-06 
  7.6704e+02   1.1219e-06 
  7.6714e+02   1.1231e-06 
  7.6724e+02   1.1244e-06 
  7.6734e+02   1.1246e-06 
  7.6744e+02   1.1259e-06 
  7.6754e+02   1.1278e-06 
  7.6764e+02   1.1283e-06 
  7.6774e+02   1.1286e-06 
  7.6784e+02   1.1298e-06 
  7.6794e+02   1.1311e-06 
  7.6804e+02   1.1313e-06 
  7.6814e+02   1.1326e-06 
  7.6824e+02   1.1338e-06 
  7.6834e+02   1.1351e-06 
  7.6844e+02   1.1353e-06 
  7.6854e+02   1.1356e-06 
  7.6864e+02   1.1379e-06 
  7.6874e+02   1.1381e-06 
  7.6884e+02   1.1403e-06 
  7.6894e+02   1.1395e-06 
  7.6904e+02   1.1418e-06 
  7.6914e+02   1.1420e-06 
  7.6924e+02   1.1433e-06 
  7.6934e+02   1.1485e-06 
  7.6944e+02   1.1448e-06 
  7.6954e+02   1.1460e-06 
  7.6964e+02   1.1473e-06 
  7.6974e+02   1.1475e-06 
  7.6984e+02   1.1487e-06 
  7.6994e+02   1.1500e-06 
  7.7004e+02   1.1502e-06 
  7.7014e+02   1.1525e-06 
  7.7024e+02   1.1527e-06 
  7.7034e+02   1.1540e-06 
  7.7044e+02   2.0003e-05 
  7.7054e+02   1.1555e-06 
  7.7064e+02   1.1567e-06 
  7.7074e+02   1.1569e-06 
  7.7084e+02   1.1592e-06 
  7.7094e+02   1.1584e-06 
  7.7104e+02   1.1607e-06 
  7.7114e+02   1.1609e-06 
  7.7124e+02   1.1622e-06 
  7.7134e+02   1.1634e-06 
  7.7144e+02   1.1636e-06 
  7.7154e+02   1.3469e-06 
  7.7164e+02   1.1672e-06 
  7.7174e+02   1.1664e-06 
  7.7184e+02   1.1725e-06 
  7.7194e+02   1.5305e-06 
  7.7204e+02   1.1701e-06 
  7.7214e+02   1.1714e-06 
  7.7224e+02   1.1799e-06 
  7.7234e+02   1.7180e-06 
  7.7244e+02   1.1730e-06 
  7.7254e+02   1.1743e-06 
  7.7264e+02   1.1769e-06 
  7.7274e+02   1.1757e-06 
  7.7284e+02   4.3026e-06 
  7.7294e+02   2.7096e-06 
  7.7304e+02   1.1785e-06 
  7.7314e+02   1.1808e-06 
  7.7324e+02   1.1810e-06 
  7.7334e+02   1.1833e-06 
  7.7344e+02   1.1824e-06 
  7.7354e+02   1.1837e-06 
  7.7364e+02   1.1860e-06 
  7.7374e+02   1.1851e-06 
  7.7384e+02   1.1875e-06 
  7.7394e+02   1.1876e-06 
  7.7404e+02   1.1889e-06 
  7.7414e+02   1.1902e-06 
  7.7424e+02   1.1904e-06 
  7.7434e+02   1.1927e-06 
  7.7444e+02   1.1918e-06 
  7.7454e+02   2.2963e-06 
  7.7464e+02   1.1943e-06 
  7.7474e+02   1.1956e-06 
  7.7484e+02   1.1968e-06 
  7.7494e+02   1.1970e-06 
  7.7504e+02   1.1983e-06 
  7.7514e+02   1.1995e-06 
  7.7524e+02   1.1997e-06 
  7.7534e+02   1.2021e-06 
  7.7544e+02   1.2022e-06 
  7.7554e+02   1.2024e-06 
  7.7564e+02   1.2048e-06 
  7.7574e+02   1.2106e-06 
  7.7584e+02   1.2062e-06 
  7.7594e+02   1.7838e-05 
  7.7604e+02   1.2076e-06 
  7.7614e+02   1.2107e-06 
  7.7624e+02   1.2091e-06 
  7.7634e+02   1.2162e-06 
  7.7644e+02   1.2116e-06 
  7.7654e+02   1.2128e-06 
  7.7664e+02   1.2141e-06 
  7.7674e+02   1.2143e-06 
  7.7684e+02   1.2167e-06 
  7.7694e+02   1.2157e-06 
  7.7704e+02   1.2170e-06 
  7.7714e+02   1.2194e-06 
  7.7724e+02   1.2184e-06 
  7.7734e+02   1.2208e-06 
  7.7744e+02   1.2209e-06 
  7.7754e+02   1.2222e-06 
  7.7764e+02   1.2235e-06 
  7.7774e+02   1.2236e-06 
  7.7784e+02   1.2260e-06 
  7.7794e+02   1.2250e-06 
  7.7804e+02   1.2274e-06 
  7.7814e+02   1.2276e-06 
  7.7824e+02   1.2294e-06 
  7.7834e+02   1.2301e-06 
  7.7844e+02   1.2303e-06 
  7.7854e+02   1.2315e-06 
  7.7864e+02   1.2339e-06 
  7.7874e+02   1.2329e-06 
  7.7884e+02   1.2353e-06 
  7.7894e+02   1.2344e-06 
  7.7904e+02   1.2368e-06 
  7.7914e+02   1.2380e-06 
  7.7924e+02   1.2382e-06 
  7.7934e+02   1.2394e-06 
  7.7944e+02   1.2396e-06 
  7.7954e+02   1.2410e-06 
  7.7964e+02   1.2432e-06 
  7.7974e+02   3.5921e-06 
  7.7984e+02   2.1364e-05 
  7.7994e+02   1.5988e-05 
  7.8004e+02   2.3203e-06 
  7.8014e+02   1.2473e-06 
  7.8024e+02   1.2475e-06 
  7.8034e+02   1.0697e-05 
  7.8044e+02   1.2489e-06 
  7.8054e+02   1.2513e-06 
  7.8064e+02   1.2514e-06 
  7.8074e+02   1.2527e-06 
  7.8084e+02   1.2540e-06 
  7.8094e+02   1.2541e-06 
  7.8104e+02   1.2554e-06 
  7.8114e+02   1.2566e-06 
  7.8124e+02   1.2579e-06 
  7.8134e+02   1.2583e-06 
  7.8144e+02   1.2593e-06 
  7.8154e+02   1.2606e-06 
  7.8164e+02   1.2607e-06 
  7.8174e+02   1.2620e-06 
  7.8184e+02   1.2644e-06 
  7.8194e+02   1.2634e-06 
  7.8204e+02   1.2646e-06 
  7.8214e+02   1.2671e-06 
  7.8224e+02   1.2660e-06 
  7.8234e+02   1.2785e-06 
  7.8244e+02   1.2686e-06 
  7.8254e+02   1.2698e-06 
  7.8264e+02   1.2711e-06 
  7.8274e+02   1.2712e-06 
  7.8284e+02   1.2737e-06 
  7.8294e+02   1.2833e-06 
  7.8304e+02   1.2739e-06 
  7.8314e+02   1.2763e-06 
  7.8324e+02   1.2764e-06 
  7.8334e+02   1.2777e-06 
  7.8344e+02   1.2778e-06 
  7.8354e+02   1.2791e-06 
  7.8364e+02   1.2804e-06 
  7.8374e+02   1.2816e-06 
  7.8384e+02   1.2829e-06 
  7.8394e+02   1.2818e-06 
  7.8404e+02   1.2843e-06 
  7.8414e+02   1.2856e-06 
  7.8424e+02   1.2857e-06 
  7.8434e+02   1.2869e-06 
  7.8444e+02   1.2882e-06 
  7.8454e+02   1.2883e-06 
  7.8464e+02   1.2896e-06 
  7.8474e+02   1.2909e-06 
  7.8484e+02   1.2922e-06 
  7.8494e+02   1.2922e-06 
  7.8504e+02   1.2935e-06 
  7.8514e+02   1.2948e-06 
  7.8524e+02   1.2951e-06 
  7.8534e+02   1.2974e-06 
  7.8544e+02   1.2975e-06 
  7.8554e+02   1.2975e-06 
  7.8564e+02   1.3009e-06 
  7.8574e+02   1.3001e-06 
  7.8584e+02   1.3014e-06 
  7.8594e+02   1.3014e-06 
  7.8604e+02   1.3027e-06 
  7.8614e+02   1.3052e-06 
  7.8624e+02   1.3041e-06 
  7.8634e+02   1.3066e-06 
  7.8644e+02   2.9933e-04 
  7.8654e+02   1.3079e-06 
  7.8664e+02   1.3092e-06 
  7.8674e+02   1.3093e-06 
  7.8684e+02   1.3119e-06 
  7.8694e+02   1.3106e-06 
  7.8704e+02   1.3119e-06 
  7.8714e+02   1.3144e-06 
  7.8724e+02   1.3145e-06 
  7.8734e+02   1.3158e-06 
  7.8744e+02   1.3158e-06 
  7.8754e+02   1.3199e-06 
  7.8764e+02   1.3196e-06 
  7.8774e+02   2.1802e-03 
  7.8784e+02   1.3210e-06 
  7.8794e+02   1.3210e-06 
  7.8804e+02   1.3214e-06 
  7.8814e+02   1.3236e-06 
  7.8824e+02   1.3237e-06 
  7.8834e+02   1.3262e-06 
  7.8844e+02   1.3250e-06 
  7.8854e+02   1.3263e-06 
  7.8864e+02   1.3288e-06 
  7.8874e+02   1.3289e-06 
  7.8884e+02   1.3301e-06 
  7.8894e+02   1.3302e-06 
  7.8904e+02   1.3315e-06 
  7.8914e+02   1.3328e-06 
  7.8924e+02   1.3328e-06 
  7.8934e+02   1.3386e-06 
  7.8944e+02   1.3354e-06 
  7.8954e+02   1.3354e-06 
  7.8964e+02   1.3380e-06 
  7.8974e+02   1.3380e-06 
  7.8984e+02   1.3393e-06 
  7.8994e+02   1.3406e-06 
  7.9004e+02   1.3406e-06 
  7.9014e+02   4.2461e-04 
  7.9024e+02   5.6155e-04 
  7.9034e+02   1.3445e-06 
  7.9044e+02   1.3445e-06 
  7.9054e+02   1.3458e-06 
  7.9064e+02   1.3471e-06 
  7.9074e+02   1.3484e-06 
  7.9084e+02   1.3484e-06 
  7.9094e+02   1.3497e-06 
  7.9104e+02   1.3510e-06 
  7.9114e+02   1.3510e-06 
  7.9124e+02   1.3523e-06 
  7.9134e+02   1.3549e-06 
  7.9144e+02   1.3537e-06 
  7.9154e+02   1.3549e-06 
  7.9164e+02   1.3575e-06 
  7.9174e+02   1.3563e-06 
  7.9184e+02   1.3588e-06 
  7.9194e+02   1.3590e-06 
  7.9204e+02   1.3601e-06 
  7.9214e+02   1.3614e-06 
  7.9224e+02   1.3627e-06 
  7.9234e+02   1.3627e-06 
  7.9244e+02   1.3640e-06 
  7.9254e+02   1.3640e-06 
  7.9264e+02   1.3666e-06 
  7.9274e+02   1.3667e-06 
  7.9284e+02   1.3679e-06 
  7.9294e+02   1.3692e-06 
  7.9304e+02   1.3692e-06 
  7.9314e+02   1.3705e-06 
  7.9324e+02   1.3718e-06 
  7.9334e+02   1.3731e-06 
  7.9344e+02   1.3731e-06 
  7.9354e+02   1.3738e-06 
  7.9364e+02   1.3764e-06 
  7.9374e+02   1.3758e-06 
  7.9384e+02   1.3784e-06 
  7.9394e+02   1.3777e-06 
  7.9404e+02   1.3790e-06 
  7.9414e+02   1.3810e-06 
  7.9424e+02   1.3803e-06 
  7.9434e+02   1.3829e-06 
  7.9444e+02   1.3829e-06 
  7.9454e+02   1.3836e-06 
  7.9464e+02   1.3856e-06 
  7.9474e+02   1.3855e-06 
  7.9484e+02   1.3875e-06 
  7.9494e+02   1.3875e-06 
  7.9504e+02   1.3888e-06 
  7.9514e+02   1.3901e-06 
  7.9524e+02   1.3908e-06 
  7.9534e+02   1.3921e-06 
  7.9544e+02   1.3927e-06 
  7.9554e+02   1.3934e-06 
  7.9564e+02   1.3947e-06 
  7.9574e+02   1.3953e-06 
  7.9584e+02   1.3973e-06 
  7.9594e+02   1.3974e-06 
  7.9604e+02   1.3980e-06 
  7.9614e+02   1.4000e-06 
  7.9624e+02   1.4001e-06 
  7.9634e+02   1.4021e-06 
  7.9644e+02   1.4021e-06 
  7.9654e+02   1.4034e-06 
  7.9664e+02   1.6937e-06 
  7.9674e+02   1.8706e-06 
  7.9684e+02   1.4075e-06 
  7.9694e+02   1.4068e-06 
  7.9704e+02   1.4081e-06 
  7.9714e+02   1.4102e-06 
  7.9724e+02   1.4102e-06 
  7.9734e+02   1.4123e-06 
  7.9744e+02   1.4124e-06 
  7.9754e+02   1.4132e-06 
  7.9764e+02   1.4153e-06 
  7.9774e+02   1.4161e-06 
  7.9784e+02   1.4176e-06 
  7.9794e+02   1.4177e-06 
  7.9804e+02   1.4192e-06 
  7.9814e+02   1.4206e-06 
  7.9824e+02   1.4214e-06 
  7.9834e+02   1.4237e-06 
  7.9844e+02   1.4234e-06 
  7.9854e+02   1.4264e-06 
  7.9864e+02   1.4268e-06 
  7.9874e+02   1.4285e-06 
  7.9884e+02   1.4295e-06 
  7.9894e+02   1.4312e-06 
  7.9904e+02   1.4317e-06 
  7.9914e+02   1.4341e-06 
  7.9924e+02   1.4352e-06 
  7.9934e+02   1.4370e-06 
  7.9944e+02   1.4381e-06 
  7.9954e+02   1.4392e-06 
  7.9964e+02   1.4410e-06 
  7.9974e+02   1.4421e-06 
  7.9984e+02   1.4446e-06 
  7.9994e+02   1.4450e-06 
  8.0004e+02   1.4461e-06 
  8.0014e+02   1.4479e-06 
  8.0024e+02   1.4504e-06 
  8.0034e+02   1.4516e-06 
  8.0044e+02   1.4520e-06 
  8.0054e+02   1.4538e-06 
  8.0064e+02   1.4549e-06 
  8.0074e+02   1.4574e-06 
  8.0084e+02   1.4592e-06 
  8.0094e+02   1.4589e-06 
  8.0104e+02   1.4607e-06 
  8.0114e+02   1.4625e-06 
  8.0124e+02   1.4643e-06 
  8.0134e+02   1.4661e-06 
  8.0144e+02   1.4665e-06 
  8.0154e+02   1.4683e-06 
  8.0164e+02   1.4694e-06 
  8.0174e+02   1.4719e-06 
  8.0184e+02   1.4730e-06 
  8.0194e+02   1.4741e-06 
  8.0204e+02   1.4751e-06 
  8.0214e+02   1.4762e-06 
  8.0224e+02   3.3541e-06 
  8.0234e+02   1.4806e-06 
  8.0244e+02   1.4872e-06 
  8.0254e+02   1.4828e-06 
  8.0264e+02   1.4838e-06 
  8.0274e+02   1.4856e-06 
  8.0284e+02   1.4875e-06 
  8.0294e+02   1.4885e-06 
  8.0304e+02   1.4896e-06 
  8.0314e+02   1.4907e-06 
  8.0324e+02   1.4933e-06 
  8.0334e+02   1.4951e-06 
  8.0344e+02   1.4947e-06 
  8.0354e+02   1.4972e-06 
  8.0364e+02   1.4976e-06 
  8.0374e+02   1.5009e-06 
  8.0384e+02   1.5019e-06 
  8.0394e+02   1.5023e-06 
  8.0404e+02   1.5041e-06 
  8.0414e+02   1.5052e-06 
  8.0424e+02   1.5077e-06 
  8.0434e+02   1.5088e-06 
  8.0444e+02   1.5099e-06 
  8.0454e+02   1.5110e-06 
  8.0464e+02   1.5128e-06 
  8.0474e+02   1.5148e-06 
  8.0484e+02   1.5164e-06 
  8.0494e+02   1.5168e-06 
  8.0504e+02   1.5186e-06 
  8.0514e+02   1.5196e-06 
  8.0524e+02   1.5223e-06 
  8.0534e+02   1.5233e-06 
  8.0544e+02   1.5244e-06 
  8.0554e+02   1.5254e-06 
  8.0564e+02   1.5265e-06 
  8.0574e+02   1.5298e-06 
  8.0584e+02   1.5309e-06 
  8.0594e+02   1.5313e-06 
  8.0604e+02   1.5324e-06 
  8.0614e+02   1.5341e-06 
  8.0624e+02   1.5367e-06 
  8.0634e+02   1.5377e-06 
  8.0644e+02   1.5388e-06 
  8.0654e+02   1.5399e-06 
  8.0664e+02   1.5410e-06 
  8.0674e+02   1.5435e-06 
  8.0684e+02   1.5453e-06 
  8.0694e+02   1.5456e-06 
  8.0704e+02   1.5467e-06 
  8.0714e+02   1.5485e-06 
  8.0724e+02   1.5511e-06 
  8.0734e+02   1.5522e-06 
  8.0744e+02   1.5532e-06 
  8.0754e+02   1.5543e-06 
  8.0764e+02   1.5553e-06 
  8.0774e+02   1.5579e-06 
  8.0784e+02   1.5598e-06 
  8.0794e+02   1.5600e-06 
  8.0804e+02   1.5611e-06 
  8.0814e+02   1.5629e-06 
  8.0824e+02   1.5655e-06 
  8.0834e+02   1.5666e-06 
  8.0844e+02   1.5669e-06 
  8.0854e+02   1.5687e-06 
  8.0864e+02   1.5697e-06 
  8.0874e+02   1.5723e-06 
  8.0884e+02   1.5742e-06 
  8.0894e+02   1.5745e-06 
  8.0904e+02   1.5755e-06 
  8.0914e+02   1.5773e-06 
  8.0924e+02   1.5799e-06 
  8.0934e+02   1.5810e-06 
  8.0944e+02   1.5813e-06 
  8.0954e+02   1.5831e-06 
  8.0964e+02   1.7729e-05 
  8.0974e+02   1.5870e-06 
  8.0984e+02   1.5886e-06 
  8.0994e+02   1.5888e-06 
  8.1004e+02   1.5899e-06 
  8.1014e+02   1.5917e-06 
  8.1024e+02   1.5943e-06 
  8.1034e+02   1.5954e-06 
  8.1044e+02   1.5963e-06 
  8.1054e+02   1.5975e-06 
  8.1064e+02   1.5985e-06 
  8.1074e+02   1.6012e-06 
  8.1084e+02   1.6030e-06 
  8.1094e+02   1.6032e-06 
  8.1104e+02   1.6043e-06 
  8.1114e+02   1.6061e-06 
  8.1124e+02   1.6079e-06 
  8.1134e+02   1.6106e-06 
  8.1144e+02   1.6100e-06 
  8.1154e+02   1.6118e-06 
  8.1164e+02   1.6129e-06 
  8.1174e+02   1.6155e-06 
  8.1184e+02   1.6174e-06 
  8.1194e+02   1.6176e-06 
  8.1204e+02   1.6186e-06 
  8.1214e+02   1.6205e-06 
  8.1224e+02   1.6223e-06 
  8.1234e+02   1.6249e-06 
  8.1244e+02   1.6244e-06 
  8.1254e+02   1.6262e-06 
  8.1264e+02   1.6272e-06 
  8.1274e+02   1.6299e-06 
  8.1284e+02   1.6317e-06 
  8.1294e+02   1.6319e-06 
  8.1304e+02   1.6330e-06 
  8.1314e+02   1.6348e-06 
  8.1324e+02   1.6375e-06 
  8.1334e+02   1.6385e-06 
  8.1344e+02   1.6387e-06 
  8.1354e+02   1.6405e-06 
  8.1364e+02   1.6424e-06 
  8.1374e+02   1.6442e-06 
  8.1384e+02   1.6452e-06 
  8.1394e+02   1.6471e-06 
  8.1404e+02   1.6481e-06 
  8.1414e+02   1.6491e-06 
  8.1424e+02   1.6518e-06 
  8.1434e+02   1.6528e-06 
  8.1444e+02   1.6530e-06 
  8.1454e+02   1.6549e-06 
  8.1464e+02   1.6567e-06 
  8.1474e+02   1.6613e-06 
  8.1484e+02   1.6604e-06 
  8.1494e+02   1.6606e-06 
  8.1504e+02   3.3295e-06 
  8.1514e+02   1.6634e-06 
  8.1524e+02   1.6661e-06 
  8.1534e+02   1.6671e-06 
  8.1544e+02   1.6681e-06 
  8.1554e+02   1.6692e-06 
  8.1564e+02   1.6710e-06 
  8.1574e+02   1.6729e-06 
  8.1584e+02   1.6747e-06 
  8.1594e+02   2.8002e-05 
  8.1604e+02   1.6759e-06 
  8.1614e+02   1.6786e-06 
  8.1624e+02   1.6796e-06 
  8.1634e+02   1.6823e-06 
  8.1644e+02   1.6817e-06 
  8.1654e+02   1.6843e-06 
  8.1664e+02   1.6845e-06 
  8.1674e+02   1.8100e-06 
  8.1684e+02   1.6895e-06 
  8.1694e+02   1.6892e-06 
  8.1704e+02   1.6910e-06 
  8.1714e+02   1.6920e-06 
  8.1724e+02   1.7032e-06 
  8.1734e+02   1.6957e-06 
  8.1744e+02   1.6967e-06 
  8.1754e+02   1.6977e-06 
  8.1764e+02   1.6996e-06 
  8.1774e+02   1.7348e-06 
  8.1784e+02   1.7483e-06 
  8.1794e+02   1.7622e-06 
  8.1804e+02   1.7053e-06 
  8.1814e+02   5.1843e-06 
  8.1824e+02   1.9019e-06 
  8.1834e+02   1.7108e-06 
  8.1844e+02   1.7110e-06 
  8.1854e+02   1.7120e-06 
  8.1864e+02   1.7139e-06 
  8.1874e+02   1.7166e-06 
  8.1884e+02   1.7175e-06 
  8.1894e+02   1.7471e-06 
  8.1904e+02   1.7195e-06 
  8.1914e+02   1.7205e-06 
  8.1924e+02   1.7241e-06 
  8.1934e+02   1.7242e-06 
  8.1944e+02   1.7278e-06 
  8.1954e+02   1.7271e-06 
  8.1964e+02   1.7281e-06 
  8.1974e+02   1.7308e-06 
  8.1984e+02   1.7318e-06 
  8.1994e+02   1.7328e-06 
  8.2004e+02   1.7338e-06 
  8.2014e+02   1.7356e-06 
  8.2024e+02   1.7375e-06 
  8.2034e+02   1.7393e-06 
  8.2044e+02   1.7395e-06 
  8.2054e+02   1.7413e-06 
  8.2064e+02   1.7423e-06 
  8.2074e+02   1.7450e-06 
  8.2084e+02   1.7469e-06 
  8.2094e+02   1.7470e-06 
  8.2104e+02   1.7480e-06 
  8.2114e+02   1.7498e-06 
  8.2124e+02   1.7572e-06 
  8.2134e+02   1.7536e-06 
  8.2144e+02   1.7537e-06 
  8.2154e+02   1.7555e-06 
  8.2164e+02   1.7574e-06 
  8.2174e+02   1.7593e-06 
  8.2184e+02   1.7602e-06 
  8.2194e+02   1.7621e-06 
  8.2204e+02   1.7622e-06 
  8.2214e+02   1.7640e-06 
  8.2224e+02   1.7668e-06 
  8.2234e+02   1.7687e-06 
  8.2244e+02   1.7688e-06 
  8.2254e+02   1.7697e-06 
  8.2264e+02   1.7716e-06 
  8.2274e+02   1.7736e-06 
  8.2284e+02   1.7753e-06 
  8.2294e+02   1.7754e-06 
  8.2304e+02   1.7772e-06 
  8.2314e+02   1.7782e-06 
  8.2324e+02   1.7932e-06 
  8.2334e+02   1.7829e-06 
  8.2344e+02   1.7829e-06 
  8.2354e+02   1.7839e-06 
  8.2364e+02   1.7887e-06 
  8.2374e+02   1.7885e-06 
  8.2384e+02   1.7895e-06 
  8.2394e+02   1.7895e-06 
  8.2404e+02   1.7914e-06 
  8.2414e+02   1.7933e-06 
  8.2424e+02   1.7952e-06 
  8.2434e+02   1.7970e-06 
  8.2444e+02   1.7971e-06 
  8.2454e+02   1.7989e-06 
  8.2464e+02   1.7999e-06 
  8.2474e+02   1.8027e-06 
  8.2484e+02   1.8037e-06 
  8.2494e+02   1.8046e-06 
  8.2504e+02   1.8056e-06 
  8.2514e+02   1.8074e-06 
  8.2524e+02   1.8093e-06 
  8.2534e+02   1.8112e-06 
  8.2544e+02   1.8121e-06 
  8.2554e+02   1.8131e-06 
  8.2564e+02   1.8143e-06 
  8.2574e+02   1.8168e-06 
  8.2584e+02   1.8187e-06 
  8.2594e+02   1.8187e-06 
  8.2604e+02   1.8201e-06 
  8.2614e+02   1.8216e-06 
  8.2624e+02   1.8246e-06 
  8.2634e+02   1.8253e-06 
  8.2644e+02   1.8264e-06 
  8.2654e+02   1.8272e-06 
  8.2664e+02   1.8291e-06 
  8.2674e+02   1.8315e-06 
  8.2684e+02   1.8328e-06 
  8.2694e+02   1.8338e-06 
  8.2704e+02   1.8338e-06 
  8.2714e+02   1.8366e-06 
  8.2724e+02   1.8385e-06 
  8.2734e+02   1.8394e-06 
  8.2744e+02   1.8404e-06 
  8.2754e+02   1.8422e-06 
  8.2764e+02   1.8432e-06 
  8.2774e+02   1.8460e-06 
  8.2784e+02   1.8469e-06 
  8.2794e+02   1.8469e-06 
  8.2804e+02   1.8488e-06 
  8.2814e+02   1.8507e-06 
  8.2824e+02   1.8526e-06 
  8.2834e+02   1.8545e-06 
  8.2844e+02   1.8577e-06 
  8.2854e+02   1.8554e-06 
  8.2864e+02   1.8582e-06 
  8.2874e+02   1.8601e-06 
  8.2884e+02   1.8610e-06 
  8.2894e+02   1.8620e-06 
  8.2904e+02   1.8638e-06 
  8.2914e+02   1.8648e-06 
  8.2924e+02   1.8667e-06 
  8.2934e+02   1.8685e-06 
  8.2944e+02   1.8695e-06 
  8.2954e+02   1.8704e-06 
  8.2964e+02   1.8723e-06 
  8.2974e+02   1.8742e-06 
  8.2984e+02   1.8761e-06 
  8.2994e+02   1.8760e-06 
  8.3004e+02   1.8779e-06 
  8.3014e+02   1.8788e-06 
  8.3024e+02   1.8817e-06 
  8.3034e+02   1.8836e-06 
  8.3044e+02   1.8835e-06 
  8.3054e+02   1.8844e-06 
  8.3064e+02   1.8863e-06 
  8.3074e+02   1.8892e-06 
  8.3084e+02   1.8901e-06 
  8.3094e+02   1.8910e-06 
  8.3104e+02   1.8919e-06 
  8.3114e+02   1.8938e-06 
  8.3124e+02   1.8957e-06 
  8.3134e+02   1.8976e-06 
  8.3144e+02   1.8975e-06 
  8.3154e+02   1.8994e-06 
  8.3164e+02   1.9003e-06 
  8.3174e+02   1.9032e-06 
  8.3184e+02   1.9051e-06 
  8.3194e+02   1.9050e-06 
  8.3204e+02   1.9060e-06 
  8.3214e+02   1.9078e-06 
  8.3224e+02   1.9107e-06 
  8.3234e+02   1.9116e-06 
  8.3244e+02   1.9125e-06 
  8.3254e+02   1.9134e-06 
  8.3264e+02   1.9153e-06 
  8.3274e+02   6.8838e-04 
  8.3284e+02   1.9191e-06 
  8.3294e+02   2.1625e-03 
  8.3304e+02   1.9209e-06 
  8.3314e+02   1.9218e-06 
  8.3324e+02   1.9247e-06 
  8.3334e+02   1.3800e-03 
  8.3344e+02   1.9265e-06 
  8.3354e+02   1.9274e-06 
  8.3364e+02   1.9303e-06 
  8.3374e+02   1.8846e-03 
  8.3384e+02   1.9341e-06 
  8.3394e+02   1.9340e-06 
  8.3404e+02   1.9349e-06 
  8.3414e+02   1.9368e-06 
  8.3424e+02   1.9387e-06 
  8.3434e+02   1.9406e-06 
  8.3444e+02   2.0784e-03 
  8.3454e+02   1.9424e-06 
  8.3464e+02   1.9475e-06 
  8.3474e+02   1.9472e-06 
  8.3484e+02   1.9471e-06 
  8.3494e+02   1.9479e-06 
  8.3504e+02   1.0001e-04 
  8.3514e+02   1.0021e-04 
  8.3524e+02   1.9537e-06 
  8.3534e+02   2.9315e-04 
  8.3544e+02   1.9554e-06 
  8.3554e+02   1.9563e-06 
  8.3564e+02   1.9582e-06 
  8.3574e+02   1.9612e-06 
  8.3584e+02   1.9622e-06 
  8.3594e+02   1.9629e-06 
  8.3604e+02   1.9638e-06 
  8.3614e+02   1.9647e-06 
  8.3624e+02   1.9686e-06 
  8.3634e+02   1.9695e-06 
  8.3644e+02   1.9693e-06 
  8.3654e+02   6.0817e-06 
  8.3664e+02   1.9721e-06 
  8.3674e+02   1.9761e-06 
  8.3684e+02   1.9759e-06 
  8.3694e+02   1.9768e-06 
  8.3704e+02   1.9787e-06 
  8.3714e+02   1.9796e-06 
  8.3724e+02   1.9825e-06 
  8.3734e+02   1.9865e-06 
  8.3744e+02   1.9843e-06 
  8.3754e+02   1.9851e-06 
  8.3764e+02   1.9871e-06 
  8.3774e+02   1.9900e-06 
  8.3784e+02   1.9910e-06 
  8.3794e+02   1.9907e-06 
  8.3804e+02   1.9937e-06 
  8.3814e+02   1.9935e-06 
  8.3824e+02   1.9964e-06 
  8.3834e+02   1.9984e-06 
  8.3844e+02   2.0006e-06 
  8.3854e+02   1.9990e-06 
  8.3864e+02   2.0020e-06 
  8.3874e+02   2.0039e-06 
  8.3884e+02   2.0048e-06 
  8.3894e+02   2.0056e-06 
  8.3904e+02   2.0079e-06 
  8.3914e+02   2.0084e-06 
  8.3924e+02   2.0114e-06 
  8.3934e+02   2.0122e-06 
  8.3944e+02   2.0131e-06 
  8.3954e+02   2.0139e-06 
  8.3964e+02   2.0159e-06 
  8.3974e+02   2.0188e-06 
  8.3984e+02   2.0197e-06 
  8.3994e+02   2.0195e-06 
  8.4004e+02   2.0214e-06 
  8.4014e+02   2.0233e-06 
  8.4024e+02   2.0252e-06 
  8.4034e+02   2.0271e-06 
  8.4044e+02   2.0269e-06 
  8.4054e+02   2.0288e-06 
  8.4064e+02   2.0307e-06 
  8.4074e+02   2.0327e-06 
  8.4084e+02   2.0335e-06 
  8.4094e+02   2.0344e-06 
  8.4104e+02   2.0363e-06 
  8.4114e+02   2.0371e-06 
  8.4124e+02   2.0401e-06 
  8.4134e+02   2.0410e-06 
  8.4144e+02   2.0418e-06 
  8.4154e+02   2.0426e-06 
  8.4164e+02   2.0446e-06 
  8.4174e+02   2.0476e-06 
  8.4184e+02   2.0484e-06 
  8.4194e+02   2.0481e-06 
  8.4204e+02   2.0512e-06 
  8.4214e+02   2.0509e-06 
  8.4224e+02   2.0550e-06 
  8.4234e+02   2.0548e-06 
  8.4244e+02   2.0567e-06 
  8.4254e+02   2.0739e-06 
  8.4264e+02   2.0583e-06 
  8.4274e+02   2.0614e-06 
  8.4284e+02   2.0633e-06 
  8.4294e+02   2.0630e-06 
  8.4304e+02   2.0649e-06 
  8.4314e+02   2.0658e-06 
  8.4324e+02   2.0688e-06 
  8.4334e+02   2.0696e-06 
  8.4344e+02   2.0704e-06 
  8.4354e+02   2.0724e-06 
  8.4364e+02   2.0732e-06 
  8.4374e+02   2.0751e-06 
  8.4384e+02   2.0782e-06 
  8.4394e+02   2.0768e-06 
  8.4404e+02   2.0795e-06 
  8.4414e+02   2.0806e-06 
  8.4424e+02   2.0837e-06 
  8.4434e+02   2.0845e-06 
  8.4444e+02   2.0842e-06 
  8.4454e+02   2.0861e-06 
  8.4464e+02   2.0880e-06 
  8.4474e+02   2.0900e-06 
  8.4484e+02   2.0919e-06 
  8.4494e+02   2.0916e-06 
  8.4504e+02   2.0935e-06 
  8.4514e+02   2.0944e-06 
  8.4524e+02   2.0974e-06 
  8.4534e+02   2.0993e-06 
  8.4544e+02   2.0990e-06 
  8.4554e+02   2.1010e-06 
  8.4564e+02   2.1018e-06 
  8.4574e+02   2.1048e-06 
  8.4584e+02   2.1056e-06 
  8.4594e+02   2.1064e-06 
  8.4604e+02   2.1072e-06 
  8.4614e+02   2.1092e-06 
  8.4624e+02   2.1122e-06 
  8.4634e+02   2.1130e-06 
  8.4644e+02   2.1138e-06 
  8.4654e+02   2.1146e-06 
  8.4664e+02   2.1166e-06 
  8.4674e+02   2.1185e-06 
  8.4684e+02   2.1205e-06 
  8.4694e+02   2.1213e-06 
  8.4704e+02   2.1221e-06 
  8.4714e+02   2.1228e-06 
  8.4724e+02   2.1259e-06 
  8.4734e+02   2.1279e-06 
  8.4744e+02   2.1275e-06 
  8.4754e+02   2.1295e-06 
  8.4764e+02   2.1314e-06 
  8.4774e+02   2.1333e-06 
  8.4784e+02   2.1341e-06 
  8.4794e+02   2.1349e-06 
  8.4804e+02   2.1461e-06 
  8.4814e+02   2.1376e-06 
  8.4824e+02   2.1407e-06 
  8.4834e+02   2.1427e-06 
  8.4844e+02   2.1423e-06 
  8.4854e+02   2.1431e-06 
  8.4864e+02   2.1450e-06 
  8.4874e+02   2.1481e-06 
  8.4884e+02   2.1489e-06 
  8.4894e+02   2.1497e-06 
  8.4904e+02   2.1505e-06 
  8.4914e+02   2.1524e-06 
  8.4924e+02   2.1746e-06 
  8.4934e+02   2.1575e-06 
  8.4944e+02   2.1559e-06 
  8.4954e+02   2.1579e-06 
  8.4964e+02   2.1598e-06 
  8.4974e+02   2.1618e-06 
  8.4984e+02   2.1637e-06 
  8.4994e+02   2.1645e-06 
  8.5004e+02   2.1641e-06 
  8.5014e+02   2.1672e-06 
  8.5024e+02   2.1692e-06 
  8.5034e+02   2.1711e-06 
  8.5044e+02   2.1707e-06 
  8.5054e+02   2.1726e-06 
  8.5064e+02   2.1734e-06 
  8.5074e+02   2.1765e-06 
  8.5084e+02   2.1785e-06 
  8.5094e+02   2.1781e-06 
  8.5104e+02   2.1800e-06 
  8.5114e+02   2.1808e-06 
  8.5124e+02   2.1839e-06 
  8.5134e+02   2.1847e-06 
  8.5144e+02   2.1855e-06 
  8.5154e+02   2.1862e-06 
  8.5164e+02   2.1882e-06 
  8.5174e+02   2.1913e-06 
  8.5184e+02   2.1921e-06 
  8.5194e+02   2.1928e-06 
  8.5204e+02   2.1936e-06 
  8.5214e+02   2.6276e-06 
  8.5224e+02   2.1987e-06 
  8.5234e+02   2.1994e-06 
  8.5244e+02   2.2002e-06 
  8.5254e+02   2.2009e-06 
  8.5264e+02   2.2017e-06 
  8.5274e+02   2.2061e-06 
  8.5284e+02   2.2068e-06 
  8.5294e+02   2.2064e-06 
  8.5304e+02   2.2083e-06 
  8.5314e+02   2.2103e-06 
  8.5324e+02   2.2122e-06 
  8.5334e+02   2.2142e-06 
  8.5344e+02   2.2137e-06 
  8.5354e+02   2.2157e-06 
  8.5364e+02   2.2176e-06 
  8.5374e+02   2.2196e-06 
  8.5384e+02   2.2203e-06 
  8.5394e+02   2.2223e-06 
  8.5404e+02   2.2218e-06 
  8.5414e+02   2.2250e-06 
  8.5424e+02   2.2269e-06 
  8.5434e+02   2.2277e-06 
  8.5444e+02   2.2284e-06 
  8.5454e+02   2.2304e-06 
  8.5464e+02   2.2311e-06 
  8.5474e+02   2.3161e-06 
  8.5484e+02   2.5548e-06 
  8.5494e+02   2.2358e-06 
  8.5504e+02   2.2695e-06 
  8.5514e+02   2.2371e-06 
  8.5524e+02   2.2345e-06 
  8.5534e+02   2.2329e-06 
  8.5544e+02   2.2264e-06 
  8.5554e+02   2.2248e-06 
  8.5564e+02   2.2208e-06 
  8.5574e+02   2.2180e-06 
  8.5584e+02   2.2152e-06 
  8.5594e+02   2.2112e-06 
  8.5604e+02   2.2071e-06 
  8.5614e+02   2.2043e-06 
  8.5624e+02   2.2015e-06 
  8.5634e+02   2.1987e-06 
  8.5644e+02   2.1947e-06 
  8.5654e+02   2.1907e-06 
  8.5664e+02   2.1878e-06 
  8.5674e+02   2.2486e-06 
  8.5684e+02   2.1822e-06 
  8.5694e+02   2.1770e-06 
  8.5704e+02   2.1742e-06 
  8.5714e+02   2.1714e-06 
  8.5724e+02   2.1685e-06 
  8.5734e+02   2.1657e-06 
  8.5744e+02   2.1605e-06 
  8.5754e+02   2.1577e-06 
  8.5764e+02   2.1549e-06 
  8.5774e+02   2.1524e-06 
  8.5784e+02   2.1627e-06 
  8.5794e+02   2.1454e-06 
  8.5804e+02   6.3214e-05 
  8.5814e+02   2.1384e-06 
  8.5824e+02   2.1355e-06 
  8.5834e+02   2.2101e-06 
  8.5844e+02   2.1275e-06 
  8.5854e+02   1.8584e-04 
  8.5864e+02   2.1207e-06 
  8.5874e+02   2.1190e-06 
  8.5884e+02   2.1162e-06 
  8.5894e+02   2.1111e-06 
  8.5904e+02   2.1070e-06 
  8.5914e+02   2.1043e-06 
  8.5924e+02   2.1025e-06 
  8.5934e+02   2.0985e-06 
  8.5944e+02   2.0945e-06 
  8.5954e+02   2.0917e-06 
  8.5964e+02   2.0877e-06 
  8.5974e+02   2.0860e-06 
  8.5984e+02   2.0820e-06 
  8.5994e+02   2.0792e-06 
  8.6004e+02   2.0740e-06 
  8.6014e+02   2.0712e-06 
  8.6024e+02   2.0829e-06 
  8.6034e+02   2.0670e-06 
  8.6044e+02   2.5846e-06 
  8.6054e+02   2.0796e-06 
  8.6064e+02   2.0535e-06 
  8.6074e+02   2.0529e-06 
  8.6084e+02   2.0490e-06 
  8.6094e+02   2.0450e-06 
  8.6104e+02   2.0410e-06 
  8.6114e+02   2.0532e-06 
  8.6124e+02   2.0353e-06 
  8.6134e+02   2.0324e-06 
  8.6144e+02   2.0285e-06 
  8.6154e+02   2.0244e-06 
  8.6164e+02   2.0205e-06 
  8.6174e+02   2.0199e-06 
  8.6184e+02   2.0159e-06 
  8.6194e+02   2.0108e-06 
  8.6204e+02   2.0079e-06 
  8.6214e+02   2.0051e-06 
  8.6224e+02   2.0022e-06 
  8.6234e+02   1.9993e-06 
  8.6244e+02   1.9942e-06 
  8.6254e+02   1.9914e-06 
  8.6264e+02   1.9885e-06 
  8.6274e+02   1.9857e-06 
  8.6284e+02   1.9828e-06 
  8.6294e+02   1.9777e-06 
  8.6304e+02   1.9748e-06 
  8.6314e+02   1.9709e-06 
  8.6324e+02   1.9691e-06 
  8.6334e+02   1.9662e-06 
  8.6344e+02   1.9612e-06 
  8.6354e+02   1.9583e-06 
  8.6364e+02   1.9554e-06 
  8.6374e+02   1.9525e-06 
  8.6384e+02   1.9486e-06 
  8.6394e+02   1.9446e-06 
  8.6404e+02   1.9417e-06 
  8.6414e+02   1.9378e-06 
  8.6424e+02   1.9360e-06 
  8.6434e+02   1.9331e-06 
  8.6444e+02   1.9281e-06 
  8.6454e+02   1.9252e-06 
  8.6464e+02   1.9212e-06 
  8.6474e+02   1.9194e-06 
  8.6484e+02   1.9165e-06 
  8.6494e+02   1.9115e-06 
  8.6504e+02   1.9075e-06 
  8.6514e+02   1.9047e-06 
  8.6524e+02   1.9029e-06 
  8.6534e+02   1.9000e-06 
  8.6544e+02   1.8949e-06 
  8.6554e+02   1.8910e-06 
  8.6564e+02   1.8881e-06 
  8.6574e+02   1.8863e-06 
  8.6584e+02   1.8834e-06 
  8.6594e+02   1.8784e-06 
  8.6604e+02   1.8744e-06 
  8.6614e+02   1.8715e-06 
  8.6624e+02   1.8697e-06 
  8.6634e+02   1.8657e-06 
  8.6644e+02   1.8618e-06 
  8.6654e+02   1.8589e-06 
  8.6664e+02   1.8550e-06 
  8.6674e+02   1.8521e-06 
  8.6684e+02   1.8502e-06 
  8.6694e+02   1.8452e-06 
  8.6704e+02   1.8413e-06 
  8.6714e+02   1.8384e-06 
  8.6724e+02   1.8365e-06 
  8.6734e+02   1.8326e-06 
  8.6744e+02   1.8286e-06 
  8.6754e+02   1.8247e-06 
  8.6764e+02   1.8218e-06 
  8.6774e+02   1.8199e-06 
  8.6784e+02   1.8160e-06 
  8.6794e+02   1.8121e-06 
  8.6804e+02   1.8081e-06 
  8.6814e+02   1.8052e-06 
  8.6824e+02   1.8641e-06 
  8.6834e+02   1.7994e-06 
  8.6844e+02   1.7955e-06 
  8.6854e+02   1.7915e-06 
  8.6864e+02   1.7886e-06 
  8.6874e+02   1.7857e-06 
  8.6884e+02   1.7828e-06 
  8.6894e+02   1.7789e-06 
  8.6904e+02   1.7750e-06 
  8.6914e+02   1.7720e-06 
  8.6924e+02   1.7701e-06 
  8.6934e+02   1.7662e-06 
  8.6944e+02   1.7623e-06 
  8.6954e+02   1.7584e-06 
  8.6964e+02   1.7554e-06 
  8.6974e+02   1.7525e-06 
  8.6984e+02   1.7496e-06 
  8.6994e+02   1.7457e-06 
  8.7004e+02   1.7418e-06 
  8.7014e+02   1.7388e-06 
  8.7024e+02   1.7369e-06 
  8.7034e+02   1.7330e-06 
  8.7044e+02   1.7281e-06 
  8.7054e+02   1.7252e-06 
  8.7064e+02   1.7222e-06 
  8.7074e+02   1.7203e-06 
  8.7084e+02   1.7164e-06 
  8.7094e+02   1.7115e-06 
  8.7104e+02   1.7133e-06 
  8.7114e+02   1.7047e-06 
  8.7124e+02   1.7037e-06 
  8.7134e+02   1.6998e-06 
  8.7144e+02   1.6959e-06 
  8.7154e+02   1.6919e-06 
  8.7164e+02   1.6890e-06 
  8.7174e+02   1.6863e-06 
  8.7184e+02   3.3692e-06 
  8.7194e+02   1.6792e-06 
  8.7204e+02   1.6753e-06 
  8.7214e+02   3.8177e-06 
  8.7224e+02   1.6695e-06 
  8.7234e+02   1.6665e-06 
  8.7244e+02   1.6626e-06 
  8.7254e+02   1.9194e-06 
  8.7264e+02   1.6558e-06 
  8.7274e+02   1.6528e-06 
  8.7284e+02   1.6499e-06 
  8.7294e+02   1.6460e-06 
  8.7304e+02   1.6421e-06 
  8.7314e+02   1.6575e-06 
  8.7324e+02   1.6362e-06 
  8.7334e+02   1.6333e-06 
  8.7344e+02   1.6294e-06 
  8.7354e+02   1.6255e-06 
  8.7364e+02   1.6216e-06 
  8.7374e+02   1.6205e-06 
  8.7384e+02   1.7155e-06 
  8.7394e+02   1.6127e-06 
  8.7404e+02   1.6089e-06 
  8.7414e+02   1.6050e-06 
  8.7424e+02   1.6039e-06 
  8.7434e+02   1.6000e-06 
  8.7444e+02   1.5961e-06 
  8.7454e+02   1.5922e-06 
  8.7464e+02   1.5929e-06 
  8.7474e+02   1.5863e-06 
  8.7484e+02   1.5833e-06 
  8.7494e+02   1.5795e-06 
  8.7504e+02   1.5756e-06 
  8.7514e+02   1.5726e-06 
  8.7524e+02   1.5697e-06 
  8.7534e+02   1.5667e-06 
  8.7544e+02   1.8741e-06 
  8.7554e+02   1.5590e-06 
  8.7564e+02   1.8709e-06 
  8.7574e+02   1.5530e-06 
  8.7584e+02   1.5501e-06 
  8.7594e+02   1.6595e-06 
  8.7604e+02   1.5423e-06 
  8.7614e+02   1.5394e-06 
  8.7624e+02   1.5373e-06 
  8.7634e+02   1.5334e-06 
  8.7644e+02   1.5287e-06 
  8.7654e+02   1.5266e-06 
  8.7664e+02   1.5218e-06 
  8.7674e+02   1.5206e-06 
  8.7684e+02   1.5185e-06 
  8.7694e+02   1.5129e-06 
  8.7704e+02   1.5090e-06 
  8.7714e+02   1.5061e-06 
  8.7724e+02   1.5031e-06 
  8.7734e+02   1.5010e-06 
  8.7744e+02   1.4954e-06 
  8.7754e+02   1.4933e-06 
  8.7764e+02   1.4886e-06 
  8.7774e+02   1.4873e-06 
  8.7784e+02   1.4834e-06 
  8.7794e+02   1.4796e-06 
  8.7804e+02   1.4758e-06 
  8.7814e+02   1.4728e-06 
  8.7824e+02   1.4706e-06 
  8.7834e+02   1.4668e-06 
  8.7844e+02   1.5582e-06 
  8.7854e+02   1.4598e-06 
  8.7864e+02   1.4561e-06 
  8.7874e+02   1.4540e-06 
  8.7884e+02   1.4501e-06 
  8.7894e+02   1.4463e-06 
  8.7904e+02   1.4425e-06 
  8.7914e+02   1.4395e-06 
  8.7924e+02   1.4373e-06 
  8.7934e+02   1.4335e-06 
  8.7944e+02   1.4296e-06 
  8.7954e+02   1.4268e-06 
  8.7964e+02   1.4228e-06 
  8.7974e+02   1.4198e-06 
  8.7984e+02   1.4176e-06 
  8.7994e+02   1.4130e-06 
  8.8004e+02   1.4092e-06 
  8.8014e+02   1.4061e-06 
  8.8024e+02   1.4040e-06 
  8.8034e+02   1.5945e-06 
  8.8044e+02   1.3963e-06 
  8.8054e+02   1.3933e-06 
  8.8064e+02   1.3895e-06 
  8.8074e+02   1.3873e-06 
  8.8084e+02   1.3835e-06 
  8.8094e+02   1.3797e-06 
  8.8104e+02   1.3766e-06 
  8.8114e+02   1.3728e-06 
  8.8124e+02   1.3706e-06 
  8.8134e+02   1.3676e-06 
  8.8144e+02   1.3630e-06 
  8.8154e+02   1.3600e-06 
  8.8164e+02   1.3562e-06 
  8.8174e+02   1.3539e-06 
  8.8184e+02   1.3512e-06 
  8.8194e+02   1.3474e-06 
  8.8204e+02   1.3433e-06 
  8.8214e+02   1.3395e-06 
  8.8224e+02   1.3373e-06 
  8.8234e+02   1.3342e-06 
  8.8244e+02   1.3297e-06 
  8.8254e+02   1.3259e-06 
  8.8264e+02   1.3236e-06 
  8.8274e+02   1.3256e-06 
  8.8284e+02   1.3175e-06 
  8.8294e+02   1.3130e-06 
  8.8304e+02   1.3100e-06 
  8.8314e+02   1.3062e-06 
  8.8324e+02   1.3039e-06 
  8.8334e+02   1.3009e-06 
  8.8344e+02   1.2963e-06 
  8.8354e+02   1.2933e-06 
  8.8364e+02   1.2902e-06 
  8.8374e+02   1.2872e-06 
  8.8384e+02   1.2842e-06 
  8.8394e+02   1.2796e-06 
  8.8404e+02   1.2766e-06 
  8.8414e+02   1.2736e-06 
  8.8424e+02   1.2705e-06 
  8.8434e+02   1.2675e-06 
  8.8444e+02   1.2630e-06 
  8.8454e+02   5.3448e-06 
  8.8464e+02   1.2569e-06 
  8.8474e+02   1.2538e-06 
  8.8484e+02   1.2508e-06 
  8.8494e+02   1.2470e-06 
  8.8504e+02   1.2432e-06 
  8.8514e+02   1.2402e-06 
  8.8524e+02   1.2372e-06 
  8.8534e+02   1.2341e-06 
  8.8544e+02   1.2306e-06 
  8.8554e+02   1.3758e-06 
  8.8564e+02   1.2256e-06 
  8.8574e+02   1.2205e-06 
  8.8584e+02   1.2174e-06 
  8.8594e+02   1.2137e-06 
  8.8604e+02   1.2099e-06 
  8.8614e+02   1.2068e-06 
  8.8624e+02   1.2045e-06 
  8.8634e+02   1.2007e-06 
  8.8644e+02   1.1970e-06 
  8.8654e+02   1.1932e-06 
  8.8664e+02   1.1902e-06 
  8.8674e+02   1.1878e-06 
  8.8684e+02   1.1840e-06 
  8.8694e+02   1.1803e-06 
  8.8704e+02   1.1765e-06 
  8.8714e+02   1.1742e-06 
  8.8724e+02   4.1701e-06 
  8.8734e+02   1.1680e-06 
  8.8744e+02   1.1636e-06 
  8.8754e+02   1.1598e-06 
  8.8764e+02   1.1568e-06 
  8.8774e+02   1.1564e-06 
  8.8784e+02   1.1513e-06 
  8.8794e+02   1.1469e-06 
  8.8804e+02   1.1432e-06 
  8.8814e+02   1.1408e-06 
  8.8824e+02   1.1377e-06 
  8.8834e+02   1.1340e-06 
  8.8844e+02   1.1302e-06 
  8.8854e+02   1.1271e-06 
  8.8864e+02   1.1241e-06 
  8.8874e+02   1.1210e-06 
  8.8884e+02   1.1173e-06 
  8.8894e+02   1.1142e-06 
  8.8904e+02   1.1098e-06 
  8.8914e+02   1.1074e-06 
  8.8924e+02   1.1043e-06 
  8.8934e+02   1.1012e-06 
  8.8944e+02   1.0968e-06 
  8.8954e+02   1.0938e-06 
  8.8964e+02   1.0907e-06 
  8.8974e+02   1.0876e-06 
  8.8984e+02   1.0845e-06 
  8.8994e+02   1.0808e-06 
  8.9004e+02   1.0771e-06 
  8.9014e+02   1.0733e-06 
  8.9024e+02   1.0715e-06 
  8.9034e+02   1.0678e-06 
  8.9044e+02   1.0635e-06 
  8.9054e+02   1.0610e-06 
  8.9064e+02   1.0567e-06 
  8.9074e+02   1.0548e-06 
  8.9084e+02   1.0511e-06 
  8.9094e+02   1.0474e-06 
  8.9104e+02   1.0437e-06 
  8.9114e+02   1.0406e-06 
  8.9124e+02   1.0381e-06 
  8.9134e+02   1.0344e-06 
  8.9144e+02   1.0307e-06 
  8.9154e+02   1.0270e-06 
  8.9164e+02   1.0239e-06 
  8.9174e+02   1.0214e-06 
  8.9184e+02   1.0177e-06 
  8.9194e+02   1.0140e-06 
  8.9204e+02   1.0679e-06 
  8.9214e+02   1.0072e-06 
  8.9224e+02   1.0047e-06 
  8.9234e+02   1.0010e-06 
  8.9244e+02   9.9731e-07 
  8.9254e+02   9.9420e-07 
  8.9264e+02   9.9051e-07 
  8.9274e+02   9.8919e-07 
  8.9284e+02   9.8489e-07 
  8.9294e+02   9.8376e-07 
  8.9304e+02   9.7750e-07 
  8.9314e+02   9.7381e-07 
  8.9324e+02   9.7292e-07 
  8.9334e+02   9.6760e-07 
  8.9344e+02   9.6449e-07 
  8.9354e+02   9.6080e-07 
  8.9364e+02   9.5712e-07 
  8.9374e+02   9.5458e-07 
  8.9384e+02   9.6213e-07 
  8.9394e+02   1.0492e-06 
  8.9404e+02   9.4411e-07 
  8.9414e+02   9.4099e-07 
  8.9424e+02   9.3788e-07 
  8.9434e+02   9.3663e-07 
  8.9444e+02   9.3108e-07 
  8.9454e+02   9.2741e-07 
  8.9464e+02   9.2429e-07 
  8.9474e+02   9.2117e-07 
  8.9484e+02   9.1805e-07 
  8.9494e+02   9.1438e-07 
  8.9504e+02   9.1071e-07 
  8.9514e+02   2.8742e-06 
  8.9524e+02   9.0501e-07 
  8.9534e+02   9.0134e-07 
  8.9544e+02   8.9768e-07 
  8.9554e+02   8.9455e-07 
  8.9564e+02   8.9089e-07 
  8.9574e+02   8.8830e-07 
  8.9584e+02   8.8464e-07 
  8.9594e+02   8.8098e-07 
  8.9604e+02   8.7785e-07 
  8.9614e+02   8.7419e-07 
  8.9624e+02   8.7159e-07 
  8.9634e+02   8.6845e-07 
  8.9644e+02   8.6428e-07 
  8.9654e+02   8.6115e-07 
  8.9664e+02   8.5749e-07 
  8.9674e+02   8.5488e-07 
  8.9684e+02   8.5174e-07 
  8.9694e+02   8.4758e-07 
  8.9704e+02   8.4444e-07 
  8.9714e+02   8.4131e-07 
  8.9724e+02   8.3835e-07 
  8.9734e+02   8.3503e-07 
  8.9744e+02   8.3138e-07 
  8.9754e+02   8.2776e-07 
  8.9764e+02   8.2460e-07 
  8.9774e+02   8.2146e-07 
  8.9784e+02   8.2650e-07 
  8.9794e+02   8.1468e-07 
  8.9804e+02   8.1104e-07 
  8.9814e+02   8.0790e-07 
  8.9824e+02   8.0524e-07 
  8.9834e+02   8.0161e-07 
  8.9844e+02   7.9797e-07 
  8.9854e+02   7.9435e-07 
  8.9864e+02   7.9120e-07 
  8.9874e+02   7.8853e-07 
  8.9884e+02   7.8490e-07 
  8.9894e+02   1.1190e-06 
  8.9904e+02   7.7812e-07 
  8.9914e+02   7.7450e-07 
  8.9924e+02   7.7182e-07 
  8.9934e+02   7.6866e-07 
  8.9944e+02   7.6457e-07 
  8.9954e+02   7.6142e-07 
  8.9964e+02   7.5857e-07 
  8.9974e+02   7.5511e-07 
  8.9984e+02   7.5195e-07 
  8.9994e+02   7.4787e-07 
  9.0004e+02   7.4472e-07 
  9.0014e+02   7.4156e-07 
  9.0024e+02   7.3840e-07 
  9.0034e+02   7.3523e-07 
  9.0044e+02   7.3118e-07 
  9.0054e+02   7.2846e-07 
  9.0064e+02   7.2441e-07 
  9.0074e+02   7.2213e-07 
  9.0084e+02   7.1852e-07 
  9.0094e+02   7.1492e-07 
  9.0104e+02   7.1132e-07 
  9.0114e+02   7.0822e-07 
  9.0124e+02   7.0499e-07 
  9.0134e+02   7.0224e-07 
  9.0144e+02   6.9822e-07 
  9.0154e+02   6.9470e-07 
  9.0164e+02   6.9146e-07 
  9.0174e+02   6.8870e-07 
  9.0184e+02   6.8511e-07 
  9.0194e+02   6.8152e-07 
  9.0204e+02   6.7835e-07 
  9.0214e+02   6.7476e-07 
  9.0224e+02   6.7199e-07 
  9.0234e+02   6.6882e-07 
  9.0244e+02   6.6482e-07 
  9.0254e+02   6.6165e-07 
  9.0264e+02   6.5847e-07 
  9.0274e+02   6.5529e-07 
  9.0284e+02   6.5210e-07 
  9.0294e+02   6.4813e-07 
  9.0304e+02   6.4495e-07 
  9.0314e+02   6.4533e-07 
  9.0324e+02   6.3858e-07 
  9.0334e+02   6.3540e-07 
  9.0344e+02   6.3182e-07 
  9.0354e+02   6.2825e-07 
  9.0364e+02   1.1932e-04 
  9.0374e+02   6.2226e-07 
  9.0384e+02   6.1869e-07 
  9.0394e+02   7.9112e-04 
  9.0404e+02   6.1156e-07 
  9.0414e+02   5.9587e-04 
  9.0424e+02   6.0555e-07 
  9.0434e+02   6.0199e-07 
  9.0444e+02   4.0036e-04 
  9.0454e+02   5.9523e-07 
  9.0464e+02   5.9168e-07 
  9.0474e+02   5.8885e-07 
  9.0484e+02   5.8565e-07 
  9.0494e+02   5.8205e-07 
  9.0504e+02   5.7854e-07 
  9.0514e+02   5.7499e-07 
  9.0524e+02   5.7249e-07 
  9.0534e+02   5.6859e-07 
  9.0544e+02   5.6542e-07 
  9.0554e+02   5.6184e-07 
  9.0564e+02   5.5864e-07 
  9.0574e+02   5.5544e-07 
  9.0584e+02   5.5224e-07 
  9.0594e+02   5.4880e-07 
  9.0604e+02   5.4515e-07 
  9.0614e+02   5.4195e-07 
  9.0624e+02   8.0174e-07 
  9.0634e+02   5.3587e-07 
  9.0644e+02   5.3167e-07 
  9.0654e+02   5.8153e-07 
  9.0664e+02   5.2531e-07 
  9.0674e+02   5.2237e-07 
  9.0684e+02   6.3859e-06 
  9.0694e+02   5.1531e-07 
  9.0704e+02   5.1210e-07 
  9.0714e+02   5.0857e-07 
  9.0724e+02   5.0567e-07 
  9.0734e+02   5.0245e-07 
  9.0744e+02   4.9862e-07 
  9.0754e+02   4.9541e-07 
  9.0764e+02   5.0955e-07 
  9.0774e+02   5.5327e-07 
  9.0784e+02   4.8575e-07 
  9.0794e+02   4.8193e-07 
  9.0804e+02   4.7901e-07 
  9.0814e+02   4.7520e-07 
  9.0824e+02   4.7257e-07 
  9.0834e+02   4.6905e-07 
  9.0844e+02   4.6554e-07 
  9.0854e+02   4.6203e-07 
  9.0864e+02   4.5881e-07 
  9.0874e+02   4.5587e-07 
  9.0884e+02   4.5236e-07 
  9.0894e+02   4.4886e-07 
  9.0904e+02   4.4563e-07 
  9.0914e+02   4.4213e-07 
  9.0924e+02   4.3917e-07 
  9.0934e+02   4.3567e-07 
  9.0944e+02   4.3217e-07 
  9.0954e+02   4.2894e-07 
  9.0964e+02   4.2571e-07 
  9.0974e+02   4.2248e-07 
  9.0984e+02   4.1924e-07 
  9.0994e+02   4.1549e-07 
  9.1004e+02   4.1226e-07 
  9.1014e+02   4.0903e-07 
  9.1024e+02   4.0579e-07 
  9.1034e+02   4.0255e-07 
  9.1044e+02   4.4158e-06 
  9.1054e+02   3.9558e-07 
  9.1064e+02   3.9235e-07 
  9.1074e+02   3.8935e-07 
  9.1084e+02   3.8586e-07 
  9.1094e+02   3.8238e-07 
  9.1104e+02   3.7891e-07 
  9.1114e+02   3.7567e-07 
  9.1124e+02   3.7266e-07 
  9.1134e+02   3.6941e-07 
  9.1144e+02   3.6571e-07 
  9.1154e+02   3.6246e-07 
  9.1164e+02   3.5899e-07 
  9.1174e+02   3.5597e-07 
  9.1184e+02   3.5272e-07 
  9.1194e+02   3.4903e-07 
  9.1204e+02   3.4579e-07 
  9.1214e+02   3.4254e-07 
  9.1224e+02   3.3929e-07 
  9.1234e+02   3.3604e-07 
  9.1244e+02   3.3257e-07 
  9.1254e+02   8.7006e-07 
  9.1264e+02   3.2586e-07 
  9.1274e+02   2.3061e-06 
  9.1284e+02   3.1961e-07 
  9.1294e+02   3.1590e-07 
  9.1304e+02   3.1245e-07 
  9.1314e+02   3.0919e-07 
  9.1324e+02   3.0625e-07 
  9.1334e+02   3.0289e-07 
  9.1344e+02   2.9923e-07 
  9.1354e+02   2.9579e-07 
  9.1364e+02   2.9271e-07 
  9.1374e+02   2.8945e-07 
  9.1384e+02   2.8618e-07 
  9.1394e+02   2.8256e-07 
  9.1404e+02   2.7930e-07 
  9.1414e+02   2.7604e-07 
  9.1424e+02   2.7278e-07 
  9.1434e+02   2.6951e-07 
  9.1444e+02   2.6607e-07 
  9.1454e+02   3.3099e-07 
  9.1464e+02   2.5937e-07 
  9.1474e+02   2.5611e-07 
  9.1484e+02   2.5299e-07 
  9.1494e+02   2.4941e-07 
  9.1504e+02   2.4598e-07 
  9.1514e+02   2.4272e-07 
  9.1524e+02   2.3959e-07 
  9.1534e+02   2.3632e-07 
  9.1544e+02   2.3275e-07 
  9.1554e+02   2.2947e-07 
  9.1564e+02   9.9580e-05 
  9.1574e+02   2.2292e-07 
  9.1584e+02   2.1964e-07 
  9.1594e+02   1.5878e-05 
  9.1604e+02   8.2180e-05 
  9.1614e+02   2.0954e-07 
  9.1624e+02   2.0626e-07 
  9.1634e+02   2.0298e-07 
  9.1644e+02   1.9957e-07 
  9.1654e+02   1.9629e-07 
  9.1664e+02   1.9288e-07 
  9.1674e+02   1.4386e-04 
  9.1684e+02   1.8631e-07 
  9.1694e+02   1.8291e-07 
  9.1704e+02   1.7963e-07 
  9.1714e+02   1.7623e-07 
  9.1724e+02   1.7305e-07 
  9.1734e+02   1.6976e-07 
  9.1744e+02   1.6626e-07 
  9.1754e+02   1.6297e-07 
  9.1764e+02   1.5958e-07 
  9.1774e+02   1.5649e-07 
  9.1784e+02   1.5310e-07 
  9.1794e+02   1.4961e-07 
  9.1804e+02   1.4632e-07 
  9.1814e+02   1.4303e-07 
  9.1824e+02   1.3983e-07 
  9.1834e+02   1.3644e-07 
  9.1844e+02   1.3327e-07 
  9.1854e+02   1.3281e-07 
  9.1864e+02   1.3273e-07 
  9.1874e+02   1.3282e-07 
  9.1884e+02   1.3274e-07 
  9.1894e+02   1.3266e-07 
  9.1904e+02   1.3267e-07 
  9.1914e+02   1.3259e-07 
  9.1924e+02   1.3268e-07 
  9.1934e+02   1.3269e-07 
  9.1944e+02   1.3252e-07 
  9.1954e+02   1.3253e-07 
  9.1964e+02   1.3254e-07 
  9.1974e+02   1.3254e-07 
  9.1984e+02   1.3255e-07 
  9.1994e+02   1.3247e-07 
  9.2004e+02   1.3239e-07 
  9.2014e+02   1.3240e-07 
  9.2024e+02   1.3249e-07 
  9.2034e+02   1.3241e-07 
  9.2044e+02   1.3233e-07 
  9.2054e+02   1.3234e-07 
  9.2064e+02   1.3226e-07 
  9.2074e+02   1.3235e-07 
  9.2084e+02   1.3236e-07 
  9.2094e+02   1.3220e-07 
  9.2104e+02   1.3220e-07 
  9.2114e+02   1.3212e-07 
  9.2124e+02   1.3221e-07 
  9.2134e+02   1.8402e-06 
  9.2144e+02   1.3214e-07 
  9.2154e+02   1.3212e-07 
  9.2164e+02   1.3207e-07 
  9.2174e+02   1.3208e-07 
  9.2184e+02   1.3230e-07 
  9.2194e+02   1.3192e-07 
  9.2204e+02   6.3324e-07 
  9.2214e+02   1.3193e-07 
  9.2224e+02   1.3202e-07 
  9.2234e+02   1.3194e-07 
  9.2244e+02   1.3187e-07 
  9.2254e+02   3.3851e-06 
  9.2264e+02   1.3188e-07 
  9.2274e+02   1.3188e-07 
  9.2284e+02   1.3189e-07 
  9.2294e+02   1.3173e-07 
  9.2304e+02   2.5671e-06 
  9.2314e+02   1.3174e-07 
  9.2324e+02   1.6296e-06 
  9.2334e+02   3.7497e-06 
  9.2344e+02   6.3721e-07 
  9.2354e+02   1.3168e-07 
  9.2364e+02   6.0312e-07 
  9.2374e+02   1.3161e-07 
  9.2384e+02   1.3170e-07 
  9.2394e+02   1.3153e-07 
  9.2404e+02   1.3436e-07 
  9.2414e+02   1.3146e-07 
  9.2424e+02   4.6150e-06 
  9.2434e+02   1.3156e-07 
  9.2444e+02   1.3139e-07 
  9.2454e+02   1.3140e-07 
  9.2464e+02   1.3141e-07 
  9.2474e+02   1.3141e-07 
  9.2484e+02   1.3142e-07 
  9.2494e+02   1.3134e-07 
  9.2504e+02   1.3126e-07 
  9.2514e+02   1.3127e-07 
  9.2524e+02   1.3136e-07 
  9.2534e+02   1.3128e-07 
  9.2544e+02   1.3120e-07 
  9.2554e+02   1.3121e-07 
  9.2564e+02   1.3113e-07 
  9.2574e+02   1.3122e-07 
  9.2584e+02   1.3123e-07 
  9.2594e+02   1.3106e-07 
  9.2604e+02   1.3107e-07 
  9.2614e+02   1.3108e-07 
  9.2624e+02   1.3108e-07 
  9.2634e+02   1.3109e-07 
  9.2644e+02   1.3101e-07 
  9.2654e+02   1.3093e-07 
  9.2664e+02   1.3094e-07 
  9.2674e+02   1.3103e-07 
  9.2684e+02   1.3095e-07 
  9.2694e+02   1.3087e-07 
  9.2704e+02   1.3088e-07 
  9.2714e+02   1.3080e-07 
  9.2724e+02   1.3089e-07 
  9.2734e+02   1.3090e-07 
  9.2744e+02   1.3073e-07 
  9.2754e+02   1.3074e-07 
  9.2764e+02   1.3078e-07 
  9.2774e+02   1.3077e-07 
  9.2784e+02   1.3076e-07 
  9.2794e+02   1.3068e-07 
  9.2804e+02   1.3060e-07 
  9.2814e+02   1.3060e-07 
  9.2824e+02   1.3061e-07 
  9.2834e+02   1.3070e-07 
  9.2844e+02   1.3054e-07 
  9.2854e+02   1.3046e-07 
  9.2864e+02   1.3055e-07 
  9.2874e+02   1.3056e-07 
  9.2884e+02   1.3048e-07 
  9.2894e+02   1.3048e-07 
  9.2904e+02   1.3040e-07 
  9.2914e+02   1.3033e-07 
  9.2924e+02   1.3050e-07 
  9.2934e+02   1.3084e-07 
  9.2944e+02   1.3026e-07 
  9.2954e+02   1.3035e-07 
  9.2964e+02   1.3027e-07 
  9.2974e+02   1.3028e-07 
  9.2984e+02   1.3037e-07 
  9.2994e+02   1.3020e-07 
  9.3004e+02   1.3012e-07 
  9.3014e+02   1.3219e-07 
  9.3024e+02   1.3022e-07 
  9.3034e+02   1.3014e-07 
  9.3044e+02   1.3015e-07 
  9.3054e+02   1.3007e-07 
  9.3064e+02   1.2999e-07 
  9.3074e+02   1.3016e-07 
  9.3084e+02   1.3008e-07 
  9.3094e+02   1.2992e-07 
  9.3104e+02   1.3001e-07 
  9.3114e+02   1.2993e-07 
  9.3124e+02   1.2994e-07 
  9.3134e+02   1.3003e-07 
  9.3144e+02   1.2986e-07 
  9.3154e+02   1.2987e-07 
  9.3164e+02   1.2979e-07 
  9.3174e+02   1.2988e-07 
  9.3184e+02   1.2989e-07 
  9.3194e+02   1.2972e-07 
  9.3204e+02   1.2973e-07 
  9.3214e+02   1.2973e-07 
  9.3224e+02   1.2974e-07 
  9.3234e+02   1.2975e-07 
  9.3244e+02   1.2967e-07 
  9.3254e+02   1.2967e-07 
  9.3264e+02   1.2959e-07 
  9.3274e+02   1.2968e-07 
  9.3284e+02   1.2961e-07 
  9.3294e+02   1.2953e-07 
  9.3304e+02   1.2953e-07 
  9.3314e+02   1.2945e-07 
  9.3324e+02   1.2954e-07 
  9.3334e+02   4.2288e-05 
  9.3344e+02   1.2947e-07 
  9.3354e+02   1.2939e-07 
  9.3364e+02   1.2940e-07 
  9.3374e+02   1.2940e-07 
  9.3384e+02   1.2941e-07 
  9.3394e+02   1.2933e-07 
  9.3404e+02   1.2933e-07 
  9.3414e+02   1.2925e-07 
  9.3424e+02   1.2935e-07 
  9.3434e+02   1.2927e-07 
  9.3444e+02   1.2919e-07 
  9.3454e+02   1.2919e-07 
  9.3464e+02   1.2920e-07 
  9.3474e+02   1.2920e-07 
  9.3484e+02   1.2921e-07 
  9.3494e+02   1.2913e-07 
  9.3504e+02   1.2905e-07 
  9.3514e+02   1.2906e-07 
  9.3524e+02   1.2906e-07 
  9.3534e+02   1.2915e-07 
  9.3544e+02   1.2899e-07 
  9.3554e+02   1.2891e-07 
  9.3564e+02   1.2900e-07 
  9.3574e+02   1.2900e-07 
  9.3584e+02   1.2892e-07 
  9.3594e+02   1.2893e-07 
  9.3604e+02   1.2885e-07 
  9.3614e+02   1.4420e-07 
  9.3624e+02   1.2895e-07 
  9.3634e+02   1.2887e-07 
  9.3644e+02   1.2870e-07 
  9.3654e+02   1.2879e-07 
  9.3664e+02   1.2871e-07 
  9.3674e+02   1.2872e-07 
  9.3684e+02   1.2881e-07 
  9.3694e+02   1.2864e-07 
  9.3704e+02   1.2865e-07 
  9.3714e+02   1.2857e-07 
  9.3724e+02   1.2866e-07 
  9.3734e+02   1.2867e-07 
  9.3744e+02   1.2859e-07 
  9.3754e+02   1.2851e-07 
  9.3764e+02   1.2851e-07 
  9.3774e+02   1.2852e-07 
  9.3784e+02   1.2852e-07 
  9.3794e+02   1.2844e-07 
  9.3804e+02   1.2845e-07 
  9.3814e+02   1.2837e-07 
  9.3824e+02   1.2846e-07 
  9.3834e+02   1.2838e-07 
  9.3844e+02   1.2830e-07 
  9.3854e+02   1.2830e-07 
  9.3864e+02   1.2831e-07 
  9.3874e+02   1.2832e-07 
  9.3884e+02   1.2832e-07 
  9.3894e+02   1.2824e-07 
  9.3904e+02   1.2816e-07 
  9.3914e+02   1.2817e-07 
  9.3924e+02   1.2826e-07 
  9.3934e+02   1.2818e-07 
  9.3944e+02   1.2810e-07 
  9.3954e+02   1.2810e-07 
  9.3964e+02   1.2802e-07 
  9.3974e+02   1.2811e-07 
  9.3984e+02   1.2812e-07 
  9.3994e+02   1.2795e-07 
  9.4004e+02   1.2804e-07 
  9.4014e+02   1.2788e-07 
  9.4024e+02   1.2805e-07 
  9.4034e+02   1.2797e-07 
  9.4044e+02   1.2789e-07 
  9.4054e+02   1.2781e-07 
  9.4064e+02   1.2786e-07 
  9.4074e+02   1.2791e-07 
  9.4084e+02   1.2791e-07 
  9.4094e+02   1.2775e-07 
  9.4104e+02   1.2775e-07 
  9.4114e+02   1.2776e-07 
  9.4124e+02   1.2776e-07 
  9.4134e+02   1.2777e-07 
  9.4144e+02   1.4486e-07 
  9.4154e+02   1.2814e-07 
  9.4164e+02   1.2761e-07 
  9.4174e+02   1.2762e-07 
  9.4184e+02   1.2771e-07 
  9.4194e+02   1.2754e-07 
  9.4204e+02   1.2746e-07 
  9.4214e+02   1.2755e-07 
  9.4224e+02   1.2756e-07 
  9.4234e+02   1.2757e-07 
  9.4244e+02   1.2748e-07 
  9.4254e+02   1.2740e-07 
  9.4264e+02   1.2741e-07 
  9.4274e+02   1.2741e-07 
  9.4284e+02   1.2742e-07 
  9.4294e+02   1.2734e-07 
  9.4304e+02   1.2734e-07 
  9.4314e+02   1.2726e-07 
  9.4324e+02   1.2735e-07 
  9.4334e+02   1.2736e-07 
  9.4344e+02   1.2719e-07 
  9.4354e+02   1.2720e-07 
  9.4364e+02   1.2712e-07 
  9.4374e+02   4.3901e-07 
  9.4384e+02   1.2721e-07 
  9.4394e+02   1.2705e-07 
  9.4404e+02   1.2714e-07 
  9.4414e+02   1.2714e-07 
  9.4424e+02   1.2706e-07 
  9.4434e+02   1.5088e-07 
  9.4444e+02   1.2699e-07 
  9.4454e+02   2.1504e-05 
  9.4464e+02   1.2700e-07 
  9.4474e+02   1.2696e-07 
  9.4484e+02   1.2701e-07 
  9.4494e+02   1.2692e-07 
  9.4504e+02   1.2684e-07 
  9.4514e+02   1.2693e-07 
  9.4524e+02   1.2677e-07 
  9.4534e+02   1.2694e-07 
  9.4544e+02   1.2678e-07 
  9.4554e+02   1.2670e-07 
  9.4564e+02   1.2685e-07 
  9.4574e+02   1.2679e-07 
  9.4584e+02   1.2671e-07 
  9.4594e+02   1.2672e-07 
  9.4604e+02   1.2664e-07 
  9.4614e+02   1.2664e-07 
  9.4624e+02   1.2665e-07 
  9.4634e+02   1.2665e-07 
  9.4644e+02   1.2657e-07 
  9.4654e+02   1.2649e-07 
  9.4664e+02   1.2658e-07 
  9.4674e+02   1.2650e-07 
  9.4684e+02   1.2659e-07 
  9.4694e+02   1.2642e-07 
  9.4704e+02   1.2643e-07 
  9.4714e+02   1.2846e-07 
  9.4724e+02   1.2644e-07 
  9.4734e+02   1.2644e-07 
  9.4744e+02   1.2627e-07 
  9.4754e+02   1.2636e-07 
  9.4764e+02   1.2720e-07 
  9.4774e+02   1.2620e-07 
  9.4784e+02   1.2638e-07 
  9.4794e+02   1.2621e-07 
  9.4804e+02   1.2622e-07 
  9.4814e+02   1.2622e-07 
  9.4824e+02   1.2614e-07 
  9.4834e+02   1.2623e-07 
  9.4844e+02   1.2615e-07 
  9.4854e+02   1.2607e-07 
  9.4864e+02   1.2616e-07 
  9.4874e+02   1.2599e-07 
  9.4884e+02   1.2617e-07 
  9.4894e+02   1.2600e-07 
  9.4904e+02   1.2592e-07 
  9.4914e+02   1.2610e-07 
  9.4924e+02   1.3887e-07 
  9.4934e+02   1.2593e-07 
  9.4944e+02   1.2594e-07 
  9.4954e+02   1.2586e-07 
  9.4964e+02   1.2595e-07 
  9.4974e+02   5.0065e-07 
  9.4984e+02   1.2665e-07 
  9.4994e+02   1.2579e-07 
  9.5004e+02   1.2603e-07 
  9.5014e+02   1.2580e-07 
  9.5024e+02   1.2572e-07 
  9.5034e+02   1.2581e-07 
  9.5044e+02   1.2586e-07 
  9.5054e+02   1.2565e-07 
  9.5064e+02   1.2574e-07 
  9.5074e+02   1.2557e-07 
  9.5084e+02   1.2566e-07 
  9.5094e+02   1.2558e-07 
  9.5104e+02   1.2550e-07 
  9.5114e+02   1.2559e-07 
  9.5124e+02   1.2551e-07 
  9.5134e+02   1.2560e-07 
  9.5144e+02   1.2543e-07 
  9.5154e+02   1.2543e-07 
  9.5164e+02   1.2544e-07 
  9.5174e+02   1.2544e-07 
  9.5184e+02   1.2545e-07 
  9.5194e+02   1.2557e-07 
  9.5204e+02   1.2537e-07 
  9.5214e+02   1.2537e-07 
  9.5224e+02   1.2529e-07 
  9.5234e+02   1.2530e-07 
  9.5244e+02   1.2522e-07 
  9.5254e+02   1.2522e-07 
  9.5264e+02   1.2522e-07 
  9.5274e+02   1.2523e-07 
  9.5284e+02   1.2515e-07 
  9.5294e+02   1.2515e-07 
  9.5304e+02   1.2507e-07 
  9.5314e+02   1.2516e-07 
  9.5324e+02   1.2508e-07 
  9.5334e+02   1.2508e-07 
  9.5344e+02   1.2500e-07 
  9.5354e+02   1.2501e-07 
  9.5364e+02   1.2509e-07 
  9.5374e+02   1.2493e-07 
  9.5384e+02   1.2502e-07 
  9.5394e+02   1.2485e-07 
  9.5404e+02   1.2485e-07 
  9.5414e+02   1.2494e-07 
  9.5424e+02   1.2486e-07 
  9.5434e+02   1.2505e-07 
  9.5444e+02   7.6115e-07 
  9.5454e+02   1.2479e-07 
  9.5464e+02   1.2479e-07 
  9.5474e+02   1.2471e-07 
  9.5484e+02   1.2480e-07 
  9.5494e+02   1.2464e-07 
  9.5504e+02   1.2472e-07 
  9.5514e+02   1.2464e-07 
  9.5524e+02   1.2465e-07 
  9.5534e+02   4.5030e-06 
  9.5544e+02   1.2457e-07 
  9.5554e+02   1.2457e-07 
  9.5564e+02   1.2458e-07 
  9.5574e+02   1.2450e-07 
  9.5584e+02   1.2459e-07 
  9.5594e+02   1.2442e-07 
  9.5604e+02   1.2442e-07 
  9.5614e+02   1.2451e-07 
  9.5624e+02   1.2443e-07 
  9.5634e+02   1.2443e-07 
  9.5644e+02   1.2435e-07 
  9.5654e+02   1.2427e-07 
  9.5664e+02   1.2436e-07 
  9.5674e+02   1.2428e-07 
  9.5684e+02   1.2437e-07 
  9.5694e+02   1.2420e-07 
  9.5704e+02   1.2421e-07 
  9.5714e+02   1.2429e-07 
  9.5724e+02   1.2421e-07 
  9.5734e+02   1.2422e-07 
  9.5744e+02   1.2414e-07 
  9.5754e+02   1.2405e-07 
  9.5764e+02   1.2414e-07 
  9.5774e+02   1.2406e-07 
  9.5784e+02   1.2415e-07 
  9.5794e+02   1.2398e-07 
  9.5804e+02   1.2399e-07 
  9.5814e+02   1.2408e-07 
  9.5824e+02   1.2391e-07 
  9.5834e+02   1.2400e-07 
  9.5844e+02   1.2392e-07 
  9.5854e+02   1.2392e-07 
  9.5864e+02   1.2392e-07 
  9.5874e+02   1.2384e-07 
  9.5884e+02   1.2393e-07 
  9.5894e+02   1.2376e-07 
  9.5904e+02   1.2377e-07 
  9.5914e+02   1.2386e-07 
  9.5924e+02   1.2369e-07 
  9.5934e+02   1.2378e-07 
  9.5944e+02   1.2370e-07 
  9.5954e+02   1.2362e-07 
  9.5964e+02   1.2371e-07 
  9.5974e+02   1.2362e-07 
  9.5984e+02   1.2371e-07 
  9.5994e+02   1.2355e-07 
  9.6004e+02   1.2428e-07 
  9.6014e+02   1.2364e-07 
  9.6024e+02   1.2347e-07 
  9.6034e+02   1.2356e-07 
  9.6044e+02   1.2348e-07 
  9.6054e+02   1.2348e-07 
  9.6064e+02   1.2349e-07 
  9.6074e+02   1.2345e-07 
  9.6084e+02   1.2341e-07 
  9.6094e+02   1.2341e-07 
  9.6104e+02   1.2333e-07 
  9.6114e+02   1.2333e-07 
  9.6124e+02   1.2334e-07 
  9.6134e+02   1.2334e-07 
  9.6144e+02   1.2317e-07 
  9.6154e+02   1.2326e-07 
  9.6164e+02   1.2326e-07 
  9.6174e+02   1.2318e-07 
  9.6184e+02   1.2327e-07 
  9.6194e+02   1.2310e-07 
  9.6204e+02   1.2311e-07 
  9.6214e+02   1.2320e-07 
  9.6224e+02   1.2303e-07 
  9.6234e+02   1.2312e-07 
  9.6244e+02   4.3871e-06 
  9.6254e+02   1.2295e-07 
  9.6264e+02   1.2304e-07 
  9.6274e+02   1.2296e-07 
  9.6284e+02   1.2305e-07 
  9.6294e+02   1.2288e-07 
  9.6304e+02   1.2289e-07 
  9.6314e+02   1.2297e-07 
  9.6324e+02   1.2281e-07 
  9.6334e+02   1.2290e-07 
  9.6344e+02   1.2281e-07 
  9.6354e+02   1.2282e-07 
  9.6364e+02   1.2282e-07 
  9.6374e+02   1.2274e-07 
  9.6384e+02   1.2283e-07 
  9.6394e+02   1.2266e-07 
  9.6404e+02   1.2266e-07 
  9.6414e+02   1.2275e-07 
  9.6424e+02   1.2258e-07 
  9.6434e+02   1.2267e-07 
  9.6444e+02   1.2259e-07 
  9.6454e+02   1.2259e-07 
  9.6464e+02   1.2260e-07 
  9.6474e+02   1.2252e-07 
  9.6484e+02   1.2252e-07 
  9.6494e+02   1.2252e-07 
  9.6504e+02   1.2244e-07 
  9.6514e+02   1.2253e-07 
  9.6524e+02   1.2236e-07 
  9.6534e+02   1.2245e-07 
  9.6544e+02   1.2237e-07 
  9.6554e+02   1.2237e-07 
  9.6564e+02   1.2237e-07 
  9.6574e+02   1.2229e-07 
  9.6584e+02   1.2238e-07 
  9.6594e+02   1.2221e-07 
  9.6604e+02   1.2222e-07 
  9.6614e+02   1.2230e-07 
  9.6624e+02   1.2214e-07 
  9.6634e+02   1.2231e-07 
  9.6644e+02   1.2214e-07 
  9.6654e+02   1.2208e-07 
  9.6664e+02   1.2833e-07 
  9.6674e+02   1.2215e-07 
  9.6684e+02   1.2207e-07 
  9.6694e+02   1.2207e-07 
  9.6704e+02   1.2199e-07 
  9.6714e+02   1.2379e-07 
  9.6724e+02   1.2567e-07 
  9.6734e+02   1.2396e-07 
  9.6744e+02   1.2200e-07 
  9.6754e+02   2.6992e-07 
  9.6764e+02   7.0446e-07 
  9.6774e+02   1.2184e-07 
  9.6784e+02   1.2184e-07 
  9.6794e+02   1.2185e-07 
  9.6804e+02   1.2176e-07 
  9.6814e+02   1.2185e-07 
  9.6824e+02   1.2177e-07 
  9.6834e+02   1.2177e-07 
  9.6844e+02   1.2169e-07 
  9.6854e+02   1.2169e-07 
  9.6864e+02   1.2170e-07 
  9.6874e+02   3.7522e-07 
  9.6884e+02   1.2170e-07 
  9.6894e+02   1.2162e-07 
  9.6904e+02   1.2154e-07 
  9.6914e+02   1.2163e-07 
  9.6924e+02   1.2154e-07 
  9.6934e+02   1.2155e-07 
  9.6944e+02   1.2146e-07 
  9.6954e+02   1.9150e-06 
  9.6964e+02   1.2156e-07 
  9.6974e+02   1.2139e-07 
  9.6984e+02   1.2148e-07 
  9.6994e+02   1.2139e-07 
  9.7004e+02   1.2131e-07 
  9.7014e+02   1.2140e-07 
  9.7024e+02   1.2132e-07 
  9.7034e+02   1.2132e-07 
  9.7044e+02   1.2124e-07 
  9.7054e+02   1.2124e-07 
  9.7064e+02   1.2133e-07 
  9.7074e+02   1.2150e-07 
  9.7084e+02   1.2125e-07 
  9.7094e+02   1.2117e-07 
  9.7104e+02   1.2108e-07 
  9.7114e+02   1.2126e-07 
  9.7124e+02   1.2100e-07 
  9.7134e+02   1.2118e-07 
  9.7144e+02   1.2101e-07 
  9.7154e+02   1.2101e-07 
  9.7164e+02   1.2110e-07 
  9.7174e+02   1.2093e-07 
  9.7184e+02   1.2102e-07 
  9.7194e+02   1.2094e-07 
  9.7204e+02   1.2094e-07 
  9.7214e+02   1.2094e-07 
  9.7224e+02   1.2086e-07 
  9.7234e+02   1.2095e-07 
  9.7244e+02   1.2078e-07 
  9.7254e+02   1.0575e-06 
  9.7264e+02   1.2087e-07 
  9.7274e+02   1.2079e-07 
  9.7284e+02   1.2079e-07 
  9.7294e+02   1.2071e-07 
  9.7304e+02   1.2062e-07 
  9.7314e+02   1.2080e-07 
  9.7324e+02   1.2063e-07 
  9.7334e+02   1.2072e-07 
  9.7344e+02   1.2055e-07 
  9.7354e+02   1.2055e-07 
  9.7364e+02   1.2064e-07 
  9.7374e+02   1.2056e-07 
  9.7384e+02   1.2056e-07 
  9.7394e+02   1.2048e-07 
  9.7404e+02   1.2048e-07 
  9.7414e+02   1.2048e-07 
  9.7424e+02   1.2048e-07 
  9.7434e+02   1.2049e-07 
  9.7444e+02   1.2032e-07 
  9.7454e+02   1.2041e-07 
  9.7464e+02   1.2032e-07 
  9.7474e+02   1.2033e-07 
  9.7484e+02   5.5244e-07 
  9.7494e+02   1.2025e-07 
  9.7504e+02   1.2025e-07 
  9.7514e+02   1.2025e-07 
  9.7524e+02   1.2025e-07 
  9.7534e+02   1.2026e-07 
  9.7544e+02   1.2009e-07 
  9.7554e+02   1.2018e-07 
  9.7564e+02   1.2018e-07 
  9.7574e+02   1.2009e-07 
  9.7584e+02   1.2015e-07 
  9.7594e+02   1.2010e-07 
  9.7604e+02   1.2002e-07 
  9.7614e+02   1.2010e-07 
  9.7624e+02   1.1994e-07 
  9.7634e+02   1.2002e-07 
  9.7644e+02   1.1994e-07 
  9.7654e+02   1.1994e-07 
  9.7664e+02   1.1995e-07 
  9.7674e+02   1.1986e-07 
  9.7684e+02   1.1995e-07 
  9.7694e+02   1.1978e-07 
  9.7704e+02   1.8988e-02 
  9.7714e+02   1.1987e-07 
  9.7724e+02   1.1979e-07 
  9.7734e+02   1.1979e-07 
  9.7744e+02   1.1971e-07 
  9.7754e+02   1.1971e-07 
  9.7764e+02   1.1993e-07 
  9.7774e+02   1.1963e-07 
  9.7784e+02   1.1972e-07 
  9.7794e+02   1.1963e-07 
  9.7804e+02   1.1955e-07 
  9.7814e+02   1.1964e-07 
  9.7824e+02   1.1956e-07 
  9.7834e+02   1.1956e-07 
  9.7844e+02   1.1956e-07 
  9.7854e+02   1.1948e-07 
  9.7864e+02   1.1948e-07 
  9.7874e+02   1.1940e-07 
  9.7884e+02   1.1948e-07 
  9.7894e+02   1.1940e-07 
  9.7904e+02   1.1940e-07 
  9.7914e+02   1.1940e-07 
  9.7924e+02   1.1932e-07 
  9.7934e+02   1.1932e-07 
  9.7944e+02   1.1933e-07 
  9.7954e+02   1.1924e-07 
  9.7964e+02   1.1924e-07 
  9.7974e+02   1.1063e-06 
  9.7984e+02   8.7821e-06 
  9.7994e+02   7.6138e-06 
  9.8004e+02   1.1917e-07 
  9.8014e+02   1.1917e-07 
  9.8024e+02   1.1909e-07 
  9.8034e+02   1.2088e-07 
  9.8044e+02   1.1901e-07 
  9.8054e+02   1.1909e-07 
  9.8064e+02   1.1910e-07 
  9.8074e+02   1.1893e-07 
  9.8084e+02   1.1910e-07 
  9.8094e+02   1.1894e-07 
  9.8104e+02   1.1893e-07 
  9.8114e+02   1.1894e-07 
  9.8124e+02   1.1885e-07 
  9.8134e+02   1.1894e-07 
  9.8144e+02   1.1886e-07 
  9.8154e+02   1.1877e-07 
  9.8164e+02   1.1886e-07 
  9.8174e+02   1.1878e-07 
  9.8184e+02   1.1886e-07 
  9.8194e+02   1.1869e-07 
  9.8204e+02   1.1870e-07 
  9.8214e+02   1.1879e-07 
  9.8224e+02   1.1862e-07 
  9.8234e+02   1.1870e-07 
  9.8244e+02   1.1862e-07 
  9.8254e+02   1.1862e-07 
  9.8264e+02   1.1862e-07 
  9.8274e+02   1.1854e-07 
  9.8284e+02   1.1863e-07 
  9.8294e+02   1.1846e-07 
  9.8304e+02   1.1855e-07 
  9.8314e+02   1.1855e-07 
  9.8324e+02   1.1838e-07 
  9.8334e+02   1.1847e-07 
  9.8344e+02   1.1847e-07 
  9.8354e+02   1.1830e-07 
  9.8364e+02   1.1847e-07 
  9.8374e+02   1.1830e-07 
  9.8384e+02   1.1839e-07 
  9.8394e+02   1.1831e-07 
  9.8404e+02   1.1822e-07 
  9.8414e+02   1.1853e-07 
  9.8424e+02   1.1840e-07 
  9.8434e+02   1.1832e-07 
  9.8444e+02   1.1815e-07 
  9.8454e+02   1.1815e-07 
  9.8464e+02   1.1824e-07 
  9.8474e+02   1.1807e-07 
  9.8484e+02   1.1815e-07 
  9.8494e+02   1.1807e-07 
  9.8504e+02   1.1807e-07 
  9.8514e+02   1.1807e-07 
  9.8524e+02   1.1799e-07 
  9.8534e+02   1.1808e-07 
  9.8544e+02   1.1791e-07 
  9.8554e+02   1.1800e-07 
  9.8564e+02   1.1791e-07 
  9.8574e+02   1.1791e-07 
  9.8584e+02   1.1793e-07 
  9.8594e+02   1.7640e-07 
  9.8604e+02   1.1775e-07 
  9.8614e+02   1.1792e-07 
  9.8624e+02   1.1775e-07 
  9.8634e+02   1.1784e-07 
  9.8644e+02   1.1776e-07 
  9.8654e+02   1.1767e-07 
  9.8664e+02   1.1776e-07 
  9.8674e+02   1.1768e-07 
  9.8684e+02   1.1776e-07 
  9.8694e+02   1.1759e-07 
  9.8704e+02   1.1760e-07 
  9.8714e+02   1.1768e-07 
  9.8724e+02   1.1802e-07 
  9.8734e+02   1.1760e-07 
  9.8744e+02   1.1752e-07 
  9.8754e+02   1.1743e-07 
  9.8764e+02   1.1761e-07 
  9.8774e+02   1.1744e-07 
  9.8784e+02   1.1766e-07 
  9.8794e+02   1.1736e-07 
  9.8804e+02   1.1744e-07 
  9.8814e+02   1.1736e-07 
  9.8824e+02   1.1736e-07 
  9.8834e+02   1.1745e-07 
  9.8844e+02   1.1728e-07 
  9.8854e+02   1.1728e-07 
  9.8864e+02   1.1728e-07 
  9.8874e+02   1.1729e-07 
  9.8884e+02   1.1729e-07 
  9.8894e+02   1.1720e-07 
  9.8904e+02   1.1712e-07 
  9.8914e+02   1.1721e-07 
  9.8924e+02   1.1712e-07 
  9.8934e+02   1.1721e-07 
  9.8944e+02   1.1713e-07 
  9.8954e+02   1.1704e-07 
  9.8964e+02   1.1705e-07 
  9.8974e+02   1.1705e-07 
  9.8984e+02   8.9540e-04 
  9.8994e+02   1.1705e-07 
  9.9004e+02   1.1692e-07 
  9.9014e+02   1.1706e-07 
  9.9024e+02   1.1689e-07 
  9.9034e+02   1.1698e-07 
  9.9044e+02   1.1689e-07 
  9.9054e+02   1.1681e-07 
  9.9064e+02   1.1690e-07 
  9.9074e+02   1.1681e-07 
  9.9084e+02   1.1690e-07 
  9.9094e+02   1.1673e-07 
  9.9104e+02   1.1673e-07 
  9.9114e+02   1.1682e-07 
  9.9124e+02   1.1665e-07 
  9.9134e+02   1.1674e-07 
  9.9144e+02   1.1665e-07 
  9.9154e+02   4.2055e-04 
  9.9164e+02   1.1666e-07 
  9.9174e+02   1.1666e-07 
  9.9184e+02   1.1658e-07 
  9.9194e+02   1.1658e-07 
  9.9204e+02   1.1649e-07 
  9.9214e+02   1.1658e-07 
  9.9224e+02   1.1650e-07 
  9.9234e+02   1.1659e-07 
  9.9244e+02   1.1642e-07 
  9.9254e+02   1.1642e-07 
  9.9264e+02   5.0446e-07 
  9.9274e+02   1.1642e-07 
  9.9284e+02   1.1642e-07 
  9.9294e+02   1.1634e-07 
  9.9304e+02   1.1625e-07 
  9.9314e+02   1.1643e-07 
  9.9324e+02   1.1626e-07 
  9.9334e+02   1.1626e-07 
  9.9344e+02   1.1626e-07 
  9.9354e+02   2.0774e-06 
  9.9364e+02   1.1627e-07 
  9.9374e+02   1.1618e-07 
  9.9384e+02   1.1618e-07 
  9.9394e+02   1.1610e-07 
  9.9404e+02   1.1610e-07 
  9.9414e+02   1.1634e-07 
  9.9424e+02   1.1613e-07 
  9.9434e+02   1.1611e-07 
  9.9444e+02   1.1602e-07 
  9.9454e+02   1.1602e-07 
  9.9464e+02   1.1603e-07 
  9.9474e+02   6.0088e-06 
  9.9484e+02   1.1594e-07 
  9.9494e+02   1.1595e-07 
  9.9504e+02   1.1586e-07 
  9.9514e+02   1.1595e-07 
  9.9524e+02   1.1586e-07 
  9.9534e+02   1.1587e-07 
  9.9544e+02   1.1578e-07 
  9.9554e+02   1.1578e-07 
  9.9564e+02   1.1579e-07 
  9.9574e+02   1.1579e-07 
  9.9584e+02   1.1579e-07 
  9.9594e+02   1.1562e-07 
  9.9604e+02   1.6208e-06 
  9.9614e+02   1.1571e-07 
  9.9624e+02   1.1562e-07 
  9.9634e+02   1.1571e-07 
  9.9644e+02   1.1554e-07 
  9.9654e+02   1.1554e-07 
  9.9664e+02   1.1563e-07 
  9.9674e+02   1.1555e-07 
  9.9684e+02   1.1555e-07 
  9.9694e+02   1.1546e-07 
  9.9704e+02   1.4655e-06 
  9.9714e+02   1.1547e-07 
  9.9724e+02   1.1538e-07 
  9.9734e+02   9.9720e-06 
  9.9744e+02   1.3990e-07 
  9.9754e+02   1.1539e-07 
  9.9764e+02   1.1539e-07 
  9.9774e+02   1.1530e-07 
  9.9784e+02   1.1531e-07 
  9.9794e+02   1.1531e-07 
  9.9804e+02   1.1522e-07 
  9.9814e+02   1.1522e-07 
  9.9824e+02   1.1523e-07 
  9.9834e+02   1.1523e-07 
  9.9844e+02   1.1514e-07 
  9.9854e+02   1.1514e-07 
  9.9864e+02   1.1515e-07 
  9.9874e+02   1.1515e-07 
  9.9884e+02   1.1515e-07 
  9.9894e+02   1.1498e-07 
  9.9904e+02   1.1507e-07 
  9.9914e+02   1.1507e-07 
  9.9924e+02   3.3751e-06 
  9.9934e+02   1.1498e-07 
  9.9944e+02   1.1499e-07 
  9.9954e+02   1.1490e-07 
  9.9964e+02   1.1499e-07 
  9.9974e+02   1.1482e-07 
  9.9984e+02   1.1498e-07 
  9.9994e+02   1.1491e-07 
  1.0000e+03   1.1474e-07 
  1.0001e+03   1.1491e-07 
  1.0002e+03   1.1474e-07 
  1.0003e+03   1.1483e-07 
  1.0004e+03   1.2387e-06 
  1.0005e+03   1.1466e-07 
  1.0006e+03   1.1474e-07 
  1.0007e+03   1.1466e-07 
  1.0008e+03   2.2632e-07 
  1.0009e+03   1.1458e-07 
  1.0010e+03   1.1458e-07 
  1.0011e+03   1.1467e-07 
  1.0012e+03   1.1458e-07 
  1.0013e+03   1.1458e-07 
  1.0014e+03   1.1450e-07 
  1.0015e+03   1.1450e-07 
  1.0016e+03   1.1450e-07 
  1.0017e+03   1.4582e-07 
  1.0018e+03   1.1450e-07 
  1.0019e+03   1.1442e-07 
  1.0020e+03   1.1442e-07 
  1.0021e+03   2.6000e-07 
  1.0022e+03   1.1434e-07 
  1.0023e+03   1.1434e-07 
  1.0024e+03   1.2217e-07 
  1.0025e+03   1.1425e-07 
  1.0026e+03   1.1434e-07 
  1.0027e+03   1.1417e-07 
  1.0028e+03   2.6281e-07 
  1.0029e+03   1.1426e-07 
  1.0030e+03   1.1409e-07 
  1.0031e+03   1.1426e-07 
  1.0032e+03   1.9130e-07 
  1.0033e+03   1.1418e-07 
  1.0034e+03   1.1409e-07 
  1.0035e+03   1.1401e-07 
  1.0036e+03   1.1418e-07 
  1.0037e+03   1.1401e-07 
  1.0038e+03   1.1401e-07 
  1.0039e+03   1.1401e-07 
  1.0040e+03   1.1393e-07 
  1.0041e+03   1.1401e-07 
  1.0042e+03   1.1384e-07 
  1.0043e+03   1.1402e-07 
  1.0044e+03   1.1385e-07 
  1.0045e+03   1.1385e-07 
  1.0046e+03   1.1385e-07 
  1.0047e+03   1.1385e-07 
  1.0048e+03   1.1385e-07 
  1.0049e+03   1.1376e-07 
  1.0050e+03   1.1368e-07 
  1.0051e+03   1.1377e-07 
  1.0052e+03   1.1368e-07 
  1.0053e+03   1.1377e-07 
  1.0054e+03   1.1368e-07 
  1.0055e+03   1.1360e-07 
  1.0056e+03   3.7234e-06 
  1.0057e+03   1.1360e-07 
  1.0058e+03   1.1360e-07 
  1.0059e+03   1.1352e-07 
  1.0060e+03   6.1542e-07 
  1.0061e+03   1.3759e-06 
  1.0062e+03   4.0263e-07 
  1.0063e+03   1.1352e-07 
  1.0064e+03   1.1344e-07 
  1.0065e+03   5.0416e-07 
  1.0066e+03   1.1348e-07 
  1.0067e+03   1.1335e-07 
  1.0068e+03   4.7344e-07 
  1.0069e+03   5.2682e-07 
  1.0070e+03   1.1327e-07 
  1.0071e+03   1.1336e-07 
  1.0072e+03   1.1346e-07 
  1.0073e+03   1.1327e-07 
  1.0074e+03   1.1319e-07 
  1.0075e+03   1.1327e-07 
  1.0076e+03   1.1319e-07 
  1.0077e+03   1.1319e-07 
  1.0078e+03   1.1319e-07 
  1.0079e+03   1.1311e-07 
  1.0080e+03   1.1311e-07 
  1.0081e+03   1.1311e-07 
  1.0082e+03   1.1302e-07 
  1.0083e+03   1.1311e-07 
  1.0084e+03   1.1302e-07 
  1.0085e+03   1.1294e-07 
  1.0086e+03   1.1303e-07 
  1.0087e+03   1.1294e-07 
  1.0088e+03   1.1303e-07 
  1.0089e+03   1.1286e-07 
  1.0090e+03   1.1286e-07 
  1.0091e+03   1.1294e-07 
  1.0092e+03   1.1286e-07 
  1.0093e+03   1.1286e-07 
  1.0094e+03   1.1277e-07 
  1.0095e+03   1.1277e-07 
  1.0096e+03   1.1286e-07 
  1.0097e+03   1.1269e-07 
  1.0098e+03   5.6857e-07 
  1.0099e+03   1.1271e-07 
  1.0100e+03   1.0226e-06 
  1.0101e+03   1.1269e-07 
  1.0102e+03   1.2926e-06 
  1.0103e+03   1.4816e-06 
  1.0104e+03   1.1261e-07 
  1.0105e+03   1.1252e-07 
  1.0106e+03   1.1261e-07 
  1.0107e+03   1.1253e-07 
  1.0108e+03   1.1253e-07 
  1.0109e+03   1.1244e-07 
  1.0110e+03   1.1244e-07 
  1.0111e+03   1.1253e-07 
  1.0112e+03   1.1236e-07 
  1.0113e+03   1.1244e-07 
  1.0114e+03   1.1236e-07 
  1.0115e+03   1.1236e-07 
  1.0116e+03   1.1236e-07 
  1.0117e+03   1.1236e-07 
  1.0118e+03   1.1227e-07 
  1.0119e+03   1.1228e-07 
  1.0120e+03   1.1228e-07 
  1.0121e+03   1.1228e-07 
  1.0122e+03   1.1219e-07 
  1.0123e+03   1.1219e-07 
  1.0124e+03   1.1211e-07 
  1.0125e+03   1.1219e-07 
  1.0126e+03   1.1211e-07 
  1.0127e+03   1.1211e-07 
  1.0128e+03   1.1211e-07 
  1.0129e+03   1.1202e-07 
  1.0130e+03   1.1202e-07 
  1.0131e+03   1.1211e-07 
  1.0132e+03   1.1194e-07 
  1.0133e+03   1.1203e-07 
  1.0134e+03   1.1203e-07 
  1.0135e+03   1.1185e-07 
  1.0136e+03   1.1203e-07 
  1.0137e+03   1.1185e-07 
  1.0138e+03   1.1186e-07 
  1.0139e+03   1.1186e-07 
  1.0140e+03   1.1177e-07 
  1.0141e+03   2.6524e-07 
  1.0142e+03   1.1177e-07 
  1.0143e+03   1.1177e-07 
  1.0144e+03   2.4022e-06 
  1.0145e+03   1.1169e-07 
  1.0146e+03   1.1169e-07 
  1.0147e+03   1.1169e-07 
  1.0148e+03   1.1169e-07 
  1.0149e+03   1.1160e-07 
  1.0150e+03   1.1160e-07 
  1.0151e+03   1.1193e-07 
  1.0152e+03   1.1152e-07 
  1.0153e+03   1.1160e-07 
  1.0154e+03   1.1152e-07 
  1.0155e+03   1.1143e-07 
  1.0156e+03   1.1152e-07 
  1.0157e+03   1.1143e-07 
  1.0158e+03   1.1152e-07 
  1.0159e+03   1.1135e-07 
  1.0160e+03   1.1143e-07 
  1.0161e+03   1.1135e-07 
  1.0162e+03   1.1135e-07 
  1.0163e+03   1.1135e-07 
  1.0164e+03   1.1135e-07 
  1.0165e+03   1.1126e-07 
  1.0166e+03   1.1126e-07 
  1.0167e+03   1.1126e-07 
  1.0168e+03   1.1127e-07 
  1.0169e+03   1.1118e-07 
  1.0170e+03   1.1109e-07 
  1.0171e+03   1.1127e-07 
  1.0172e+03   1.1109e-07 
  1.0173e+03   1.1111e-07 
  1.0174e+03   1.1109e-07 
  1.0175e+03   1.1110e-07 
  1.0176e+03   1.1110e-07 
  1.0177e+03   1.1092e-07 
  1.0178e+03   1.1110e-07 
  1.0179e+03   1.1092e-07 
  1.0180e+03   1.1101e-07 
  1.0181e+03   1.1092e-07 
  1.0182e+03   1.1092e-07 
  1.0183e+03   1.1092e-07 
  1.0184e+03   1.1084e-07 
  1.0185e+03   1.1084e-07 
  1.0186e+03   1.1093e-07 
  1.0187e+03   1.1075e-07 
  1.0188e+03   1.1084e-07 
  1.0189e+03   1.1075e-07 
  1.0190e+03   1.1285e-07 
  1.0191e+03   1.1075e-07 
  1.0192e+03   1.1067e-07 
  1.0193e+03   1.1075e-07 
  1.0194e+03   1.1058e-07 
  1.0195e+03   1.5649e-06 
  1.0196e+03   1.1067e-07 
  1.0197e+03   1.1060e-07 
  1.0198e+03   1.1058e-07 
  1.0199e+03   1.1050e-07 
  1.0200e+03   1.1058e-07 
  1.0201e+03   1.1050e-07 
  1.0202e+03   1.1050e-07 
  1.0203e+03   1.1050e-07 
  1.0204e+03   1.1041e-07 
  1.0205e+03   1.1041e-07 
  1.0206e+03   1.1050e-07 
  1.0207e+03   1.1033e-07 
  1.0208e+03   1.1041e-07 
  1.0209e+03   1.1033e-07 
  1.0210e+03   1.1024e-07 
  1.0211e+03   1.1041e-07 
  1.0212e+03   2.7807e-07 
  1.0213e+03   1.1024e-07 
  1.0214e+03   1.1024e-07 
  1.0215e+03   1.1020e-07 
  1.0216e+03   1.1024e-07 
  1.0217e+03   1.1015e-07 
  1.0218e+03   1.1024e-07 
  1.0219e+03   1.1007e-07 
  1.0220e+03   1.1007e-07 
  1.0221e+03   1.1015e-07 
  1.0222e+03   1.1007e-07 
  1.0223e+03   1.1007e-07 
  1.0224e+03   1.0998e-07 
  1.0225e+03   1.0998e-07 
  1.0226e+03   1.0998e-07 
  1.0227e+03   1.0998e-07 
  1.0228e+03   1.0998e-07 
  1.0229e+03   1.0981e-07 
  1.0230e+03   1.0989e-07 
  1.0231e+03   1.0989e-07 
  1.0232e+03   1.0981e-07 
  1.0233e+03   1.0989e-07 
  1.0234e+03   1.0981e-07 
  1.0235e+03   1.0972e-07 
  1.0236e+03   1.0981e-07 
  1.0237e+03   1.0972e-07 
  1.0238e+03   1.0981e-07 
  1.0239e+03   1.0963e-07 
  1.0240e+03   1.0963e-07 
  1.0241e+03   1.0963e-07 
  1.0242e+03   1.0972e-07 
  1.0243e+03   1.0963e-07 
  1.0244e+03   1.0955e-07 
  1.0245e+03   1.0955e-07 
  1.0246e+03   1.0955e-07 
  1.0247e+03   1.0963e-07 
  1.0248e+03   1.0946e-07 
  1.0249e+03   1.0946e-07 
  1.0250e+03   1.0937e-07 
  1.0251e+03   1.0946e-07 
  1.0252e+03   1.0955e-07 
  1.0253e+03   1.0937e-07 
  1.0254e+03   1.0929e-07 
  1.0255e+03   1.0937e-07 
  1.0256e+03   1.0929e-07 
  1.0257e+03   2.4409e-02 
  1.0258e+03   1.3522e-07 
  1.0259e+03   5.9940e-07 
  1.0260e+03   1.0920e-07 
  1.0261e+03   3.6511e-07 
  1.0262e+03   1.0929e-07 
  1.0263e+03   1.0920e-07 
  1.0264e+03   1.0911e-07 
  1.0265e+03   1.0911e-07 
  1.0266e+03   1.0911e-07 
  1.0267e+03   1.0920e-07 
  1.0268e+03   1.0903e-07 
  1.0269e+03   1.0903e-07 
  1.0270e+03   1.0904e-07 
  1.0271e+03   1.0894e-07 
  1.0272e+03   1.0911e-07 
  1.0273e+03   1.0894e-07 
  1.0274e+03   1.0894e-07 
  1.0275e+03   1.0894e-07 
  1.0276e+03   1.0889e-07 
  1.0277e+03   1.0894e-07 
  1.0278e+03   1.0885e-07 
  1.0279e+03   1.0885e-07 
  1.0280e+03   1.0876e-07 
  1.0281e+03   1.0876e-07 
  1.0282e+03   1.0893e-07 
  1.0283e+03   1.0868e-07 
  1.0284e+03   1.0884e-07 
  1.0285e+03   1.0876e-07 
  1.0286e+03   1.0859e-07 
  1.0287e+03   1.0885e-07 
  1.0288e+03   1.0859e-07 
  1.0289e+03   1.0859e-07 
  1.0290e+03   1.0859e-07 
  1.0291e+03   1.0859e-07 
  1.0292e+03   1.0859e-07 
  1.0293e+03   1.0859e-07 
  1.0294e+03   1.0850e-07 
  1.0295e+03   1.0841e-07 
  1.0296e+03   1.0850e-07 
  1.0297e+03   1.0850e-07 
  1.0298e+03   1.0841e-07 
  1.0299e+03   1.0841e-07 
  1.0300e+03   1.0832e-07 
  1.0301e+03   1.0841e-07 
  1.0302e+03   1.0841e-07 
  1.0303e+03   1.0832e-07 
  1.0304e+03   1.0823e-07 
  1.0305e+03   1.0823e-07 
  1.0306e+03   1.0823e-07 
  1.0307e+03   1.0841e-07 
  1.0308e+03   1.0843e-07 
  1.0309e+03   1.0815e-07 
  1.0310e+03   1.0815e-07 
  1.0311e+03   1.0814e-07 
  1.0312e+03   1.0823e-07 
  1.0313e+03   1.0806e-07 
  1.0314e+03   1.0806e-07 
  1.0315e+03   1.0806e-07 
  1.0316e+03   1.0806e-07 
  1.0317e+03   1.0814e-07 
  1.0318e+03   1.0797e-07 
  1.0319e+03   8.2930e-04 
  1.0320e+03   1.0797e-07 
  1.0321e+03   1.0788e-07 
  1.0322e+03   1.0805e-07 
  1.0323e+03   1.0788e-07 
  1.0324e+03   1.0779e-07 
  1.0325e+03   1.0788e-07 
  1.0326e+03   1.0779e-07 
  1.0327e+03   1.0788e-07 
  1.0328e+03   1.0779e-07 
  1.0329e+03   1.0770e-07 
  1.0330e+03   1.0779e-07 
  1.0331e+03   1.0761e-07 
  1.0332e+03   1.0787e-07 
  1.0333e+03   1.0761e-07 
  1.0334e+03   1.0773e-07 
  1.0335e+03   1.0761e-07 
  1.0336e+03   1.0761e-07 
  1.0337e+03   1.0770e-07 
  1.0338e+03   1.0752e-07 
  1.0339e+03   1.0752e-07 
  1.0340e+03   1.0752e-07 
  1.0341e+03   1.0744e-07 
  1.0342e+03   1.0761e-07 
  1.0343e+03   1.0749e-07 
  1.0344e+03   1.0743e-07 
  1.0345e+03   1.0743e-07 
  1.0346e+03   1.0735e-07 
  1.0347e+03   1.0743e-07 
  1.0348e+03   1.0734e-07 
  1.0349e+03   1.0734e-07 
  1.0350e+03   1.0726e-07 
  1.0351e+03   1.0726e-07 
  1.0352e+03   1.0743e-07 
  1.0353e+03   1.0717e-07 
  1.0354e+03   1.0725e-07 
  1.0355e+03   1.0717e-07 
  1.0356e+03   1.0717e-07 
  1.0357e+03   1.0725e-07 
  1.0358e+03   1.0708e-07 
  1.0359e+03   1.0716e-07 
  1.0360e+03   1.0699e-07 
  1.0361e+03   1.0707e-07 
  1.0362e+03   1.0716e-07 
  1.0363e+03   3.6289e-04 
  1.0364e+03   1.0699e-07 
  1.0365e+03   1.0698e-07 
  1.0366e+03   1.0698e-07 
  1.0367e+03   1.0698e-07 
  1.0368e+03   1.0690e-07 
  1.0369e+03   1.0689e-07 
  1.0370e+03   7.2203e-04 
  1.0371e+03   1.0681e-07 
  1.0372e+03   1.0698e-07 
  1.0373e+03   1.0680e-07 
  1.0374e+03   1.0672e-07 
  1.0375e+03   1.0680e-07 
  1.0376e+03   4.1610e-04 
  1.0377e+03   1.0680e-07 
  1.0378e+03   1.0671e-07 
  1.0379e+03   1.0663e-07 
  1.0380e+03   1.0663e-07 
  1.0381e+03   1.0662e-07 
  1.0382e+03   1.0671e-07 
  1.0383e+03   1.0662e-07 
  1.0384e+03   1.0654e-07 
  1.0385e+03   1.0653e-07 
  1.0386e+03   1.0653e-07 
  1.0387e+03   1.0662e-07 
  1.0388e+03   1.0644e-07 
  1.0389e+03   1.0644e-07 
  1.0390e+03   1.0644e-07 
  1.0391e+03   1.0644e-07 
  1.0392e+03   1.0644e-07 
  1.0393e+03   1.0635e-07 
  1.0394e+03   1.0635e-07 
  1.0395e+03   1.0635e-07 
  1.0396e+03   1.0626e-07 
  1.0397e+03   1.0644e-07 
  1.0398e+03   1.0626e-07 
  1.0399e+03   1.0617e-07 
  1.0400e+03   1.0637e-07 
  1.0401e+03   1.0617e-07 
  1.0402e+03   1.0634e-07 
  1.0403e+03   1.9801e-06 
  1.0404e+03   1.0617e-07 
  1.0405e+03   1.0608e-07 
  1.0406e+03   1.0608e-07 
  1.0407e+03   1.0618e-07 
  1.0408e+03   1.0608e-07 
  1.0409e+03   1.0599e-07 
  1.0410e+03   1.0599e-07 
  1.0411e+03   1.0599e-07 
  1.0412e+03   1.0607e-07 
  1.0413e+03   1.0590e-07 
  1.0414e+03   1.0598e-07 
  1.0415e+03   1.0581e-07 
  1.0416e+03   1.0590e-07 
  1.0417e+03   1.0598e-07 
  1.0418e+03   1.0581e-07 
  1.0419e+03   1.0581e-07 
  1.0420e+03   1.0580e-07 
  1.0421e+03   1.0572e-07 
  1.0422e+03   1.0589e-07 
  1.0423e+03   1.0571e-07 
  1.0424e+03   1.0571e-07 
  1.0425e+03   1.0563e-07 
  1.0426e+03   1.0571e-07 
  1.0427e+03   1.0571e-07 
  1.0428e+03   1.0562e-07 
  1.0429e+03   1.0562e-07 
  1.0430e+03   1.0553e-07 
  1.0431e+03   1.0553e-07 
  1.0432e+03   1.1098e-07 
  1.0433e+03   1.0544e-07 
  1.0434e+03   1.0553e-07 
  1.0435e+03   1.0544e-07 
  1.0436e+03   1.0544e-07 
  1.0437e+03   1.0552e-07 
  1.0438e+03   1.0535e-07 
  1.0439e+03   1.0543e-07 
  1.0440e+03   1.0535e-07 
  1.0441e+03   1.0526e-07 
  1.0442e+03   1.0552e-07 
  1.0443e+03   1.0526e-07 
  1.0444e+03   1.0526e-07 
  1.0445e+03   1.0525e-07 
  1.0446e+03   1.0517e-07 
  1.0447e+03   1.0534e-07 
  1.0448e+03   1.0516e-07 
  1.0449e+03   1.0516e-07 
  1.0450e+03   1.0516e-07 
  1.0451e+03   1.0507e-07 
  1.0452e+03   1.0524e-07 
  1.0453e+03   1.0507e-07 
  1.0454e+03   1.0507e-07 
  1.0455e+03   1.0498e-07 
  1.0456e+03   1.0507e-07 
  1.0457e+03   2.6611e-06 
  1.0458e+03   1.0498e-07 
  1.0459e+03   1.0498e-07 
  1.0460e+03   1.0489e-07 
  1.0461e+03   1.0489e-07 
  1.0462e+03   1.0497e-07 
  1.0463e+03   1.0488e-07 
  1.0464e+03   1.0488e-07 
  1.0465e+03   1.0479e-07 
  1.0466e+03   1.0479e-07 
  1.0467e+03   1.0488e-07 
  1.0468e+03   1.0470e-07 
  1.0469e+03   1.0479e-07 
  1.0470e+03   1.0470e-07 
  1.0471e+03   1.0461e-07 
  1.0472e+03   1.0487e-07 
  1.0473e+03   1.0461e-07 
  1.0474e+03   1.0461e-07 
  1.0475e+03   9.9039e-07 
  1.0476e+03   1.0452e-07 
  1.0477e+03   1.0469e-07 
  1.0478e+03   1.0460e-07 
  1.0479e+03   1.0398e-06 
  1.0480e+03   1.0479e-07 
  1.0481e+03   1.0451e-07 
  1.0482e+03   1.0451e-07 
  1.0483e+03   1.0442e-07 
  1.0484e+03   1.0990e-07 
  1.0485e+03   1.0442e-07 
  1.0486e+03   1.0433e-07 
  1.0487e+03   1.0450e-07 
  1.0488e+03   1.0433e-07 
  1.0489e+03   1.0424e-07 
  1.0490e+03   1.2115e-06 
  1.0491e+03   1.0424e-07 
  1.0492e+03   1.9946e-07 
  1.0493e+03   1.0423e-07 
  1.0494e+03   1.7854e-07 
  1.0495e+03   1.0423e-07 
  1.0496e+03   1.0414e-07 
  1.0497e+03   1.0422e-07 
  1.0498e+03   1.0414e-07 
  1.0499e+03   1.0483e-07 
  1.0500e+03   1.0405e-07 
  1.0501e+03   1.0405e-07 
  1.0502e+03   1.0413e-07 
  1.0503e+03   1.0396e-07 
  1.0504e+03   1.0409e-07 
  1.0505e+03   1.0387e-07 
  1.0506e+03   1.0395e-07 
  1.0507e+03   1.0404e-07 
  1.0508e+03   1.0386e-07 
  1.0509e+03   1.0386e-07 
  1.0510e+03   1.0386e-07 
  1.0511e+03   1.0386e-07 
  1.0512e+03   1.0394e-07 
  1.0513e+03   1.0377e-07 
  1.0514e+03   1.0376e-07 
  1.0515e+03   1.1013e-07 
  1.0516e+03   1.0376e-07 
  1.0517e+03   1.0376e-07 
  1.0518e+03   1.0367e-07 
  1.0519e+03   1.0367e-07 
  1.0520e+03   1.0367e-07 
  1.0521e+03   1.0358e-07 
  1.0522e+03   1.0375e-07 
  1.0523e+03   1.0349e-07 
  1.0524e+03   1.0357e-07 
  1.0525e+03   1.0348e-07 
  1.0526e+03   1.0348e-07 
  1.0527e+03   1.0365e-07 
  1.0528e+03   1.0641e-07 
  1.0529e+03   1.0339e-07 
  1.0530e+03   1.0339e-07 
  1.0531e+03   1.0345e-07 
  1.0532e+03   1.1185e-07 
  1.0533e+03   1.0330e-07 
  1.0534e+03   1.0330e-07 
  1.0535e+03   1.0329e-07 
  1.0536e+03   1.0329e-07 
  1.0537e+03   1.0338e-07 
  1.0538e+03   1.0329e-07 
  1.0539e+03   1.0320e-07 
  1.0540e+03   1.2967e-07 
  1.0541e+03   1.0320e-07 
  1.0542e+03   1.0328e-07 
  1.0543e+03   1.0311e-07 
  1.0544e+03   1.0310e-07 
  1.0545e+03   1.0310e-07 
  1.0546e+03   1.0301e-07 
  1.0547e+03   1.0318e-07 
  1.0548e+03   1.0301e-07 
  1.0549e+03   1.0301e-07 
  1.0550e+03   1.0300e-07 
  1.0551e+03   1.0300e-07 
  1.0552e+03   1.0300e-07 
  1.0553e+03   1.0291e-07 
  1.0554e+03   1.0291e-07 
  1.0555e+03   1.0291e-07 
  1.0556e+03   1.0282e-07 
  1.0557e+03   1.0290e-07 
  1.0558e+03   1.0582e-07 
  1.0559e+03   1.0281e-07 
  1.0560e+03   1.0273e-07 
  1.0561e+03   1.0281e-07 
  1.0562e+03   1.0281e-07 
  1.0563e+03   1.0272e-07 
  1.0564e+03   1.0263e-07 
  1.0565e+03   1.0272e-07 
  1.0566e+03   1.0263e-07 
  1.0567e+03   1.0271e-07 
  1.0568e+03   1.0262e-07 
  1.0569e+03   1.0253e-07 
  1.0570e+03   1.1633e-07 
  1.0571e+03   1.0253e-07 
  1.0572e+03   3.2040e-07 
  1.0573e+03   1.0253e-07 
  1.0574e+03   1.0244e-07 
  1.0575e+03   1.0244e-07 
  1.0576e+03   1.0267e-07 
  1.0577e+03   1.0252e-07 
  1.0578e+03   1.0234e-07 
  1.0579e+03   1.0234e-07 
  1.0580e+03   1.0234e-07 
  1.0581e+03   1.0234e-07 
  1.0582e+03   1.0242e-07 
  1.0583e+03   1.0225e-07 
  1.0584e+03   1.0224e-07 
  1.0585e+03   1.0224e-07 
  1.0586e+03   1.0224e-07 
  1.0587e+03   1.0224e-07 
  1.0588e+03   1.0223e-07 
  1.0589e+03   1.0206e-07 
  1.0590e+03   1.0214e-07 
  1.0591e+03   1.0214e-07 
  1.0592e+03   1.0214e-07 
  1.0593e+03   1.0205e-07 
  1.0594e+03   1.0205e-07 
  1.0595e+03   1.0205e-07 
  1.0596e+03   1.0196e-07 
  1.0597e+03   1.0204e-07 
  1.0598e+03   1.0195e-07 
  1.0599e+03   1.0195e-07 
  1.0600e+03   1.0186e-07 
  1.0601e+03   1.0194e-07 
  1.0602e+03   1.0194e-07 
  1.0603e+03   1.0185e-07 
  1.0604e+03   1.0177e-07 
  1.0605e+03   1.0185e-07 
  1.0606e+03   1.0176e-07 
  1.0607e+03   1.0241e-07 
  1.0608e+03   1.0176e-07 
  1.0609e+03   1.0167e-07 
  1.0610e+03   1.0167e-07 
  1.0611e+03   1.0166e-07 
  1.0612e+03   1.0183e-07 
  1.0613e+03   1.0157e-07 
  1.0614e+03   1.0157e-07 
  1.0615e+03   1.0165e-07 
  1.0616e+03   1.0148e-07 
  1.0617e+03   1.0165e-07 
  1.0618e+03   1.0156e-07 
  1.0619e+03   1.0147e-07 
  1.0620e+03   1.0147e-07 
  1.0621e+03   1.0147e-07 
  1.0622e+03   1.0155e-07 
  1.0623e+03   1.0138e-07 
  1.0624e+03   1.0137e-07 
  1.0625e+03   1.0137e-07 
  1.0626e+03   5.2689e-05 
  1.0627e+03   1.0145e-07 
  1.0628e+03   1.0128e-07 
  1.0629e+03   1.0127e-07 
  1.0630e+03   1.0127e-07 
  1.0631e+03   1.0118e-07 
  1.0632e+03   1.0135e-07 
  1.0633e+03   1.0118e-07 
  1.0634e+03   1.0118e-07 
  1.0635e+03   3.4653e-07 
  1.0636e+03   1.0117e-07 
  1.0637e+03   1.0125e-07 
  1.0638e+03   1.0108e-07 
  1.0639e+03   1.0099e-07 
  1.0640e+03   1.0107e-07 
  1.0641e+03   1.0098e-07 
  1.0642e+03   1.0115e-07 
  1.0643e+03   1.0098e-07 
  1.0644e+03   1.0106e-07 
  1.0645e+03   1.0097e-07 
  1.0646e+03   1.0089e-07 
  1.0647e+03   1.0097e-07 
  1.0648e+03   1.0088e-07 
  1.0649e+03   1.0088e-07 
  1.0650e+03   1.0079e-07 
  1.0651e+03   1.0079e-07 
  1.0652e+03   1.0096e-07 
  1.0653e+03   1.0070e-07 
  1.0654e+03   1.0078e-07 
  1.0655e+03   1.0069e-07 
  1.0656e+03   1.0069e-07 
  1.0657e+03   1.0077e-07 
  1.0658e+03   1.0068e-07 
  1.0659e+03   1.3676e-05 
  1.0660e+03   1.0059e-07 
  1.0661e+03   1.9526e-05 
  1.0662e+03   1.0067e-07 
  1.0663e+03   1.0058e-07 
  1.0664e+03   1.0049e-07 
  1.0665e+03   1.0049e-07 
  1.0666e+03   6.6124e-07 
  1.0667e+03   1.0057e-07 
  1.0668e+03   1.0040e-07 
  1.0669e+03   1.0039e-07 
  1.0670e+03   1.0039e-07 
  1.0671e+03   1.0039e-07 
  1.0672e+03   1.0047e-07 
  1.0673e+03   1.0030e-07 
  1.0674e+03   1.0029e-07 
  1.0675e+03   1.0029e-07 
  1.0676e+03   1.0029e-07 
  1.0677e+03   1.0037e-07 
  1.0678e+03   1.0020e-07 
  1.0679e+03   1.0019e-07 
  1.0680e+03   1.0019e-07 
  1.0681e+03   1.0010e-07 
  1.0682e+03   1.0027e-07 
  1.0683e+03   1.0031e-07 
  1.0684e+03   1.0034e-07 
  1.0685e+03   1.0009e-07 
  1.0686e+03   1.0000e-07 
  1.0687e+03   1.0017e-07 
  1.0688e+03   9.9996e-08 
  1.0689e+03   9.9993e-08 
  1.0690e+03   9.9904e-08 
  1.0691e+03   9.9901e-08 
  1.0692e+03   1.0007e-07 
  1.0693e+03   9.9895e-08 
  1.0694e+03   9.9892e-08 
  1.0695e+03   9.9804e-08 
  1.0696e+03   1.0554e-07 
  1.0697e+03   9.9969e-08 
  1.0698e+03   9.9795e-08 
  1.0699e+03   9.9706e-08 
  1.0700e+03   9.9789e-08 
  1.0701e+03   9.9700e-08 
  1.0702e+03   9.9783e-08 
  1.0703e+03   1.6352e-07 
  1.0704e+03   9.9691e-08 
  1.0705e+03   9.9603e-08 
  1.0706e+03   9.9600e-08 
  1.0707e+03   9.9682e-08 
  1.0708e+03   9.9594e-08 
  1.0709e+03   9.9505e-08 
  1.0710e+03   9.9588e-08 
  1.0711e+03   9.9499e-08 
  1.0712e+03   9.9582e-08 
  1.0713e+03   9.9407e-08 
  1.0714e+03   9.9490e-08 
  1.0715e+03   9.9401e-08 
  1.0716e+03   9.9398e-08 
  1.0717e+03   9.9481e-08 
  1.0718e+03   9.9392e-08 
  1.0719e+03   9.9303e-08 
  1.0720e+03   9.9300e-08 
  1.0721e+03   9.9297e-08 
  1.0722e+03   9.9380e-08 
  1.0723e+03   9.9206e-08 
  1.0724e+03   9.9203e-08 
  1.0725e+03   9.9200e-08 
  1.0726e+03   9.9197e-08 
  1.0727e+03   1.0192e-07 
  1.0728e+03   9.9191e-08 
  1.0729e+03   2.9614e-05 
  1.0730e+03   9.9099e-08 
  1.0731e+03   9.9010e-08 
  1.0732e+03   9.9179e-08 
  1.0733e+03   9.9004e-08 
  1.0734e+03   9.9001e-08 
  1.0735e+03   9.2091e-06 
  1.0736e+03   9.8995e-08 
  1.0737e+03   9.9078e-08 
  1.0738e+03   9.8903e-08 
  1.0739e+03   9.8900e-08 
  1.0740e+03   9.8897e-08 
  1.0741e+03   9.8809e-08 
  1.0742e+03   9.8977e-08 
  1.0743e+03   9.8803e-08 
  1.0744e+03   9.8800e-08 
  1.0745e+03   9.8797e-08 
  1.0746e+03   9.8709e-08 
  1.0747e+03   9.8877e-08 
  1.0748e+03   9.8703e-08 
  1.0749e+03   9.8700e-08 
  1.0750e+03   9.8611e-08 
  1.0751e+03   9.8694e-08 
  1.0752e+03   9.8691e-08 
  1.0753e+03   9.8603e-08 
  1.0754e+03   9.8600e-08 
  1.0755e+03   9.8597e-08 
  1.0756e+03   9.8508e-08 
  1.0757e+03   9.8591e-08 
  1.0758e+03   9.8503e-08 
  1.0759e+03   9.8500e-08 
  1.0760e+03   9.8412e-08 
  1.0761e+03   9.8494e-08 
  1.0762e+03   9.8492e-08 
  1.0763e+03   9.8403e-08 
  1.0764e+03   9.8400e-08 
  1.0765e+03   9.8312e-08 
  1.0766e+03   9.8309e-08 
  1.0767e+03   9.8477e-08 
  1.0768e+03   9.8218e-08 
  1.0769e+03   9.8301e-08 
  1.0770e+03   9.8212e-08 
  1.0771e+03   9.8209e-08 
  1.0772e+03   9.8378e-08 
  1.0773e+03   9.8118e-08 
  1.0774e+03   9.8253e-08 
  1.0775e+03   9.8112e-08 
  1.0776e+03   9.8109e-08 
  1.0777e+03   9.8192e-08 
  1.0778e+03   9.8103e-08 
  1.0779e+03   9.8101e-08 
  1.0780e+03   9.8012e-08 
  1.0781e+03   9.8009e-08 
  1.0782e+03   9.8092e-08 
  1.0783e+03   9.8003e-08 
  1.0784e+03   9.7915e-08 
  1.0785e+03   9.7912e-08 
  1.0786e+03   9.7909e-08 
  1.0787e+03   9.7991e-08 
  1.0788e+03   9.7903e-08 
  1.0789e+03   9.7814e-08 
  1.0790e+03   9.7811e-08 
  1.0791e+03   9.7808e-08 
  1.0792e+03   9.7891e-08 
  1.0793e+03   9.7717e-08 
  1.0794e+03   9.7800e-08 
  1.0795e+03   9.7711e-08 
  1.0796e+03   9.7708e-08 
  1.0797e+03   9.7791e-08 
  1.0798e+03   9.7616e-08 
  1.0799e+03   9.7613e-08 
  1.0800e+03   9.7610e-08 
  1.0801e+03   9.7607e-08 
  1.0802e+03   9.7690e-08 
  1.0803e+03   9.7516e-08 
  1.0804e+03   9.7513e-08 
  1.0805e+03   9.7510e-08 
  1.0806e+03   9.7507e-08 
  1.0807e+03   9.7589e-08 
  1.0808e+03   9.7415e-08 
  1.0809e+03   9.7412e-08 
  1.0810e+03   9.7409e-08 
  1.0811e+03   9.7406e-08 
  1.0812e+03   9.7488e-08 
  1.0813e+03   9.7314e-08 
  1.0814e+03   9.7311e-08 
  1.0815e+03   9.7308e-08 
  1.0816e+03   9.7219e-08 
  1.0817e+03   9.7387e-08 
  1.0818e+03   9.7213e-08 
  1.0819e+03   9.7210e-08 
  1.0820e+03   9.7207e-08 
  1.0821e+03   9.7118e-08 
  1.0822e+03   9.7286e-08 
  1.0823e+03   9.7112e-08 
  1.0824e+03   9.7109e-08 
  1.0825e+03   9.7105e-08 
  1.0826e+03   9.7017e-08 
  1.0827e+03   9.7185e-08 
  1.0828e+03   9.7010e-08 
  1.0829e+03   9.7007e-08 
  1.0830e+03   9.7004e-08 
  1.0831e+03   9.6915e-08 
  1.0832e+03   9.7083e-08 
  1.0833e+03   9.6909e-08 
  1.0834e+03   9.6906e-08 
  1.0835e+03   9.6923e-08 
  1.0836e+03   9.6899e-08 
  1.0837e+03   9.6896e-08 
  1.0838e+03   9.6808e-08 
  1.0839e+03   3.6899e-04 
  1.0840e+03   9.6801e-08 
  1.0841e+03   9.6712e-08 
  1.0842e+03   9.6880e-08 
  1.0843e+03   9.6706e-08 
  1.0844e+03   9.6617e-08 
  1.0845e+03   3.8239e-04 
  1.0846e+03   9.6611e-08 
  1.0847e+03   9.6778e-08 
  1.0848e+03   9.6519e-08 
  1.0849e+03   1.3808e-05 
  1.0850e+03   9.6597e-08 
  1.0851e+03   9.6509e-08 
  1.0852e+03   9.6591e-08 
  1.0853e+03   9.8320e-08 
  1.0854e+03   9.6499e-08 
  1.0855e+03   5.3227e-05 
  1.0856e+03   9.6492e-08 
  1.0857e+03   9.8840e-05 
  1.0858e+03   9.6400e-08 
  1.0859e+03   9.6311e-08 
  1.0860e+03   9.6393e-08 
  1.0861e+03   9.6305e-08 
  1.0862e+03   9.6387e-08 
  1.0863e+03   9.6298e-08 
  1.0864e+03   9.6295e-08 
  1.0865e+03   9.6206e-08 
  1.0866e+03   9.6202e-08 
  1.0867e+03   9.6370e-08 
  1.0868e+03   9.6110e-08 
  1.0869e+03   9.6192e-08 
  1.0870e+03   9.6103e-08 
  1.0871e+03   9.6100e-08 
  1.0872e+03   9.6267e-08 
  1.0873e+03   9.6008e-08 
  1.0874e+03   9.6090e-08 
  1.0875e+03   9.6001e-08 
  1.0876e+03   9.5998e-08 
  1.0877e+03   9.6079e-08 
  1.0878e+03   9.5991e-08 
  1.0879e+03   9.5987e-08 
  1.0880e+03   9.6130e-08 
  1.0881e+03   9.5895e-08 
  1.0882e+03   9.5977e-08 
  1.0883e+03   9.5888e-08 
  1.0884e+03   9.5799e-08 
  1.0885e+03   9.5796e-08 
  1.0886e+03   9.5792e-08 
  1.0887e+03   9.5959e-08 
  1.0888e+03   9.5700e-08 
  1.0889e+03   9.5782e-08 
  1.0890e+03   9.5693e-08 
  1.0891e+03   9.5689e-08 
  1.0892e+03   9.5771e-08 
  1.0893e+03   9.5682e-08 
  1.0894e+03   9.5593e-08 
  1.0895e+03   9.5590e-08 
  1.0896e+03   9.5586e-08 
  1.0897e+03   9.5668e-08 
  1.0898e+03   9.5579e-08 
  1.0899e+03   9.5490e-08 
  1.0900e+03   9.5487e-08 
  1.0901e+03   9.5483e-08 
  1.0902e+03   9.5565e-08 
  1.0903e+03   9.5476e-08 
  1.0904e+03   9.5387e-08 
  1.0905e+03   9.5384e-08 
  1.0906e+03   9.5380e-08 
  1.0907e+03   9.5572e-08 
  1.0908e+03   9.5373e-08 
  1.0909e+03   9.5284e-08 
  1.0910e+03   9.5280e-08 
  1.0911e+03   9.5277e-08 
  1.0912e+03   9.5358e-08 
  1.0913e+03   9.5184e-08 
  1.0914e+03   9.5266e-08 
  1.0915e+03   9.5395e-08 
  1.0916e+03   9.5173e-08 
  1.0917e+03   9.5255e-08 
  1.0918e+03   9.5081e-08 
  1.0919e+03   9.5077e-08 
  1.0920e+03   9.5073e-08 
  1.0921e+03   9.5070e-08 
  1.0922e+03   9.5151e-08 
  1.0923e+03   9.5062e-08 
  1.0924e+03   9.4973e-08 
  1.0925e+03   9.4970e-08 
  1.0926e+03   9.4966e-08 
  1.0927e+03   9.5047e-08 
  1.0928e+03   9.4873e-08 
  1.0929e+03   9.4870e-08 
  1.0930e+03   9.4866e-08 
  1.0931e+03   9.4862e-08 
  1.0932e+03   9.4944e-08 
  1.0933e+03   9.4769e-08 
  1.0934e+03   9.4851e-08 
  1.0935e+03   9.4762e-08 
  1.0936e+03   9.4673e-08 
  1.0937e+03   9.4840e-08 
  1.0938e+03   9.4751e-08 
  1.0939e+03   9.4662e-08 
  1.0940e+03   9.4658e-08 
  1.0941e+03   9.4569e-08 
  1.0942e+03   9.4735e-08 
  1.0943e+03   9.4647e-08 
  1.0944e+03   9.4558e-08 
  1.0945e+03   9.4554e-08 
  1.0946e+03   9.4550e-08 
  1.0947e+03   9.4546e-08 
  1.0948e+03   9.4542e-08 
  1.0949e+03   9.4453e-08 
  1.0950e+03   9.4449e-08 
  1.0951e+03   9.4446e-08 
  1.0952e+03   9.4527e-08 
  1.0953e+03   9.4353e-08 
  1.0954e+03   9.4349e-08 
  1.0955e+03   9.4345e-08 
  1.0956e+03   9.4341e-08 
  1.0957e+03   9.4337e-08 
  1.0958e+03   9.4377e-08 
  1.0959e+03   9.4244e-08 
  1.0960e+03   9.4241e-08 
  1.0961e+03   9.4152e-08 
  1.0962e+03   9.4318e-08 
  1.0963e+03   9.4229e-08 
  1.0964e+03   9.4140e-08 
  1.0965e+03   9.4136e-08 
  1.0966e+03   4.4926e-06 
  1.0967e+03   9.4213e-08 
  1.0968e+03   9.4039e-08 
  1.0969e+03   9.4120e-08 
  1.0970e+03   9.3946e-08 
  1.0971e+03   9.4027e-08 
  1.0972e+03   9.4108e-08 
  1.0973e+03   9.4059e-08 
  1.0974e+03   9.3930e-08 
  1.0975e+03   9.3926e-08 
  1.0976e+03   9.3922e-08 
  1.0977e+03   9.4003e-08 
  1.0978e+03   9.3829e-08 
  1.0979e+03   9.3825e-08 
  1.0980e+03   9.3821e-08 
  1.0981e+03   9.3817e-08 
  1.0982e+03   9.3935e-08 
  1.0983e+03   9.3809e-08 
  1.0984e+03   1.4513e-07 
  1.0985e+03   9.3716e-08 
  1.0986e+03   9.3627e-08 
  1.0987e+03   9.3793e-08 
  1.0988e+03   9.3619e-08 
  1.0989e+03   9.3700e-08 
  1.0990e+03   9.3526e-08 
  1.0991e+03   9.3607e-08 
  1.0992e+03   9.3688e-08 
  1.0993e+03   9.3514e-08 
  1.0994e+03   9.3510e-08 
  1.0995e+03   9.3506e-08 
  1.0996e+03   9.3502e-08 
  1.0997e+03   9.3582e-08 
  1.0998e+03   9.3444e-08 
  1.0999e+03   9.3404e-08 
  1.1000e+03   9.3400e-08 
  1.1001e+03   9.3311e-08 
  1.1002e+03   9.3477e-08 
  1.1003e+03   9.3303e-08 
  1.1004e+03   9.3384e-08 
  1.1005e+03   9.3210e-08 
  1.1006e+03   9.3291e-08 
  1.1007e+03   9.3371e-08 
  1.1008e+03   9.3579e-08 
  1.1009e+03   9.3193e-08 
  1.1010e+03   9.3189e-08 
  1.1011e+03   9.3185e-08 
  1.1012e+03   9.3266e-08 
  1.1013e+03   9.3092e-08 
  1.1014e+03   9.3087e-08 
  1.1015e+03   9.3083e-08 
  1.1016e+03   9.2994e-08 
  1.1017e+03   9.3160e-08 
  1.1018e+03   9.3071e-08 
  1.1019e+03   1.1670e-07 
  1.1020e+03   9.2893e-08 
  1.1021e+03   9.2973e-08 
  1.1022e+03   9.3054e-08 
  1.1023e+03   5.4722e-07 
  1.1024e+03   9.2876e-08 
  1.1025e+03   9.2871e-08 
  1.1026e+03   9.2867e-08 
  1.1027e+03   9.2948e-08 
  1.1028e+03   9.4634e-08 
  1.1029e+03   9.2769e-08 
  1.1030e+03   9.2765e-08 
  1.1031e+03   9.2761e-08 
  1.1032e+03   9.2841e-08 
  1.1033e+03   9.2668e-08 
  1.1034e+03   9.2663e-08 
  1.1035e+03   9.2659e-08 
  1.1036e+03   9.2655e-08 
  1.1037e+03   9.2650e-08 
  1.1038e+03   9.2646e-08 
  1.1039e+03   9.2557e-08 
  1.1040e+03   9.2553e-08 
  1.1041e+03   9.2463e-08 
  1.1042e+03   9.2629e-08 
  1.1043e+03   9.2540e-08 
  1.1044e+03   9.2450e-08 
  1.1045e+03   9.2446e-08 
  1.1046e+03   9.2357e-08 
  1.1047e+03   9.2522e-08 
  1.1048e+03   9.2348e-08 
  1.1049e+03   9.2429e-08 
  1.1050e+03   9.2340e-08 
  1.1051e+03   9.2250e-08 
  1.1052e+03   9.2415e-08 
  1.1053e+03   9.2326e-08 
  1.1054e+03   9.2237e-08 
  1.1055e+03   9.2233e-08 
  1.1056e+03   9.2144e-08 
  1.1057e+03   9.2309e-08 
  1.1058e+03   9.2485e-08 
  1.1059e+03   9.2130e-08 
  1.1060e+03   9.2126e-08 
  1.1061e+03   9.2037e-08 
  1.1062e+03   9.2202e-08 
  1.1063e+03   9.3508e-08 
  1.1064e+03   9.2024e-08 
  1.1065e+03   9.2019e-08 
  1.1066e+03   9.2015e-08 
  1.1067e+03   9.2095e-08 
  1.1068e+03   9.1921e-08 
  1.1069e+03   9.1917e-08 
  1.1070e+03   9.1912e-08 
  1.1071e+03   9.1908e-08 
  1.1072e+03   9.1988e-08 
  1.1073e+03   9.1814e-08 
  1.1074e+03   9.1894e-08 
  1.1075e+03   9.1805e-08 
  1.1076e+03   9.1716e-08 
  1.1077e+03   9.1880e-08 
  1.1078e+03   9.1791e-08 
  1.1079e+03   9.1702e-08 
  1.1080e+03   9.1698e-08 
  1.1081e+03   9.1693e-08 
  1.1082e+03   9.2596e-08 
  1.1083e+03   1.8032e-05 
  1.1084e+03   9.1679e-08 
  1.1085e+03   9.1590e-08 
  1.1086e+03   9.1586e-08 
  1.1087e+03   9.1666e-08 
  1.1088e+03   9.1492e-08 
  1.1089e+03   9.1487e-08 
  1.1090e+03   9.1483e-08 
  1.1091e+03   9.1478e-08 
  1.1092e+03   9.1558e-08 
  1.1093e+03   9.1469e-08 
  1.1094e+03   9.1380e-08 
  1.1095e+03   9.1375e-08 
  1.1096e+03   9.1371e-08 
  1.1097e+03   9.1450e-08 
  1.1098e+03   9.1361e-08 
  1.1099e+03   4.0363e-05 
  1.1100e+03   9.1267e-08 
  1.1101e+03   9.1263e-08 
  1.1102e+03   9.1343e-08 
  1.1103e+03   9.1253e-08 
  1.1104e+03   9.1164e-08 
  1.1105e+03   9.1160e-08 
  1.1106e+03   9.1155e-08 
  1.1107e+03   9.1235e-08 
  1.1108e+03   9.1146e-08 
  1.1109e+03   9.1056e-08 
  1.1110e+03   9.1136e-08 
  1.1111e+03   9.1047e-08 
  1.1112e+03   9.1127e-08 
  1.1113e+03   9.1423e-08 
  1.1114e+03   9.1033e-08 
  1.1115e+03   9.0944e-08 
  1.1116e+03   9.0939e-08 
  1.1117e+03   9.1019e-08 
  1.1118e+03   9.0929e-08 
  1.1119e+03   9.0840e-08 
  1.1120e+03   9.0836e-08 
  1.1121e+03   9.0831e-08 
  1.1122e+03   9.0995e-08 
  1.1123e+03   9.0737e-08 
  1.1124e+03   9.0816e-08 
  1.1125e+03   9.0727e-08 
  1.1126e+03   9.0722e-08 
  1.1127e+03   9.0802e-08 
  1.1128e+03   9.0713e-08 
  1.1129e+03   9.0708e-08 
  1.1130e+03   9.0619e-08 
  1.1131e+03   9.7966e-07 
  1.1132e+03   6.4834e-05 
  1.1133e+03   9.0604e-08 
  1.1134e+03   9.0600e-08 
  1.1135e+03   9.0510e-08 
  1.1136e+03   9.0506e-08 
  1.1137e+03   9.0585e-08 
  1.1138e+03   9.0496e-08 
  1.1139e+03   9.9962e-08 
  1.1140e+03   9.0402e-08 
  1.1141e+03   9.0397e-08 
  1.1142e+03   9.0561e-08 
  1.1143e+03   9.0387e-08 
  1.1144e+03   9.0298e-08 
  1.1145e+03   9.0377e-08 
  1.1146e+03   9.0288e-08 
  1.1147e+03   9.0368e-08 
  1.1148e+03   9.0278e-08 
  1.1149e+03   9.0274e-08 
  1.1150e+03   9.0184e-08 
  1.1151e+03   1.4418e-07 
  1.1152e+03   9.0343e-08 
  1.1153e+03   1.9386e-07 
  1.1154e+03   9.0080e-08 
  1.1155e+03   9.0160e-08 
  1.1156e+03   1.1612e-07 
  1.1157e+03   9.4060e-08 
  1.1158e+03   9.0061e-08 
  1.1159e+03   8.9971e-08 
  1.1160e+03   9.0051e-08 
  1.1161e+03   1.0092e-07 
  1.1162e+03   9.0125e-08 
  1.1163e+03   8.9952e-08 
  1.1164e+03   8.9947e-08 
  1.1165e+03   9.0120e-08 
  1.1166e+03   9.0375e-08 
  1.1167e+03   8.9932e-08 
  1.1168e+03   8.9842e-08 
  1.1169e+03   8.9837e-08 
  1.1170e+03   8.9832e-08 
  1.1171e+03   8.9743e-08 
  1.1172e+03   8.9906e-08 
  1.1173e+03   8.9733e-08 
  1.1174e+03   8.9728e-08 
  1.1175e+03   8.9639e-08 
  1.1176e+03   8.9718e-08 
  1.1177e+03   9.3814e-08 
  1.1178e+03   8.9708e-08 
  1.1179e+03   8.9534e-08 
  1.1180e+03   1.0742e-07 
  1.1181e+03   8.9608e-08 
  1.1182e+03   8.9603e-08 
  1.1183e+03   8.9598e-08 
  1.1184e+03   8.9509e-08 
  1.1185e+03   8.9420e-08 
  1.1186e+03   8.9499e-08 
  1.1187e+03   8.9578e-08 
  1.1188e+03   9.6345e-08 
  1.1189e+03   8.9399e-08 
  1.1190e+03   8.9394e-08 
  1.1191e+03   8.9305e-08 
  1.1192e+03   8.9468e-08 
  1.1193e+03   8.9295e-08 
  1.1194e+03   8.9290e-08 
  1.1195e+03   8.9285e-08 
  1.1196e+03   8.9279e-08 
  1.1197e+03   8.9358e-08 
  1.1198e+03   8.9185e-08 
  1.1199e+03   8.9180e-08 
  1.1200e+03   8.9175e-08 
  1.1201e+03   8.9169e-08 
  1.1202e+03   8.9248e-08 
  1.1203e+03   8.9075e-08 
  1.1204e+03   8.9070e-08 
  1.1205e+03   8.9065e-08 
  1.1206e+03   8.9059e-08 
  1.1207e+03   8.9373e-08 
  1.1208e+03   8.8965e-08 
  1.1209e+03   8.9044e-08 
  1.1210e+03   8.8955e-08 
  1.1211e+03   8.8949e-08 
  1.1212e+03   8.9028e-08 
  1.1213e+03   8.8855e-08 
  1.1214e+03   8.8850e-08 
  1.1215e+03   8.8844e-08 
  1.1216e+03   8.8839e-08 
  1.1217e+03   8.8918e-08 
  1.1218e+03   8.8829e-08 
  1.1219e+03   8.8739e-08 
  1.1220e+03   8.8734e-08 
  1.1221e+03   8.8729e-08 
  1.1222e+03   8.8808e-08 
  1.1223e+03   8.9621e-08 
  1.1224e+03   8.8629e-08 
  1.1225e+03   8.2434e-06 
  1.1226e+03   8.9178e-08 
  1.1227e+03   8.8697e-08 
  1.1228e+03   8.8524e-08 
  1.1229e+03   8.8602e-08 
  1.1230e+03   8.8513e-08 
  1.1231e+03   8.8508e-08 
  1.1232e+03   8.8586e-08 
  1.1233e+03   8.8497e-08 
  1.1234e+03   8.8492e-08 
  1.1235e+03   8.8403e-08 
  1.1236e+03   8.8397e-08 
  1.1237e+03   8.8476e-08 
  1.1238e+03   8.8387e-08 
  1.1239e+03   8.8381e-08 
  1.1240e+03   8.8292e-08 
  1.1241e+03   8.9167e-08 
  1.1242e+03   8.8449e-08 
  1.1243e+03   8.8276e-08 
  1.1244e+03   2.5961e-07 
  1.1245e+03   8.8491e-08 
  1.1246e+03   8.8176e-08 
  1.1247e+03   8.9909e-08 
  1.1248e+03   8.8251e-08 
  1.1249e+03   8.7789e-07 
  1.1250e+03   8.8447e-08 
  1.1251e+03   8.8252e-08 
  1.1252e+03   8.9750e-08 
  1.1253e+03   8.8054e-08 
  1.1254e+03   8.8049e-08 
  1.1255e+03   8.8043e-08 
  1.1256e+03   8.7954e-08 
  1.1257e+03   8.8032e-08 
  1.1258e+03   8.8027e-08 
  1.1259e+03   8.7854e-08 
  1.1260e+03   8.7932e-08 
  1.1261e+03   8.7843e-08 
  1.1262e+03   8.8005e-08 
  1.1263e+03   8.7832e-08 
  1.1264e+03   8.7826e-08 
  1.1265e+03   8.7821e-08 
  1.1266e+03   8.7731e-08 
  1.1267e+03   8.7893e-08 
  1.1268e+03   8.7720e-08 
  1.1269e+03   8.7715e-08 
  1.1270e+03   8.7709e-08 
  1.1271e+03   8.7704e-08 
  1.1272e+03   8.7750e-08 
  1.1273e+03   8.7693e-08 
  1.1274e+03   8.7603e-08 
  1.1275e+03   8.7514e-08 
  1.1276e+03   8.7592e-08 
  1.1277e+03   8.7670e-08 
  1.1278e+03   8.7498e-08 
  1.1279e+03   8.7492e-08 
  1.1280e+03   8.7486e-08 
  1.1281e+03   8.7481e-08 
  1.1282e+03   8.7559e-08 
  1.1283e+03   1.6139e-05 
  1.1284e+03   8.7380e-08 
  1.1285e+03   8.7375e-08 
  1.1286e+03   8.7369e-08 
  1.1287e+03   8.7447e-08 
  1.1288e+03   8.7358e-08 
  1.1289e+03   8.7269e-08 
  1.1290e+03   8.7263e-08 
  1.1291e+03   8.7257e-08 
  1.1292e+03   8.7335e-08 
  1.1293e+03   8.7163e-08 
  1.1294e+03   8.7240e-08 
  1.1295e+03   8.7151e-08 
  1.1296e+03   8.7146e-08 
  1.1297e+03   8.7992e-08 
  1.1298e+03   8.7134e-08 
  1.1299e+03   8.7045e-08 
  1.1300e+03   8.7039e-08 
  1.1301e+03   8.7034e-08 
  1.1302e+03   8.7195e-08 
  1.1303e+03   8.6939e-08 
  1.1304e+03   8.7017e-08 
  1.1305e+03   8.6927e-08 
  1.1306e+03   8.6922e-08 
  1.1307e+03   8.6999e-08 
  1.1308e+03   8.6910e-08 
  1.1309e+03   8.6904e-08 
  1.1310e+03   4.1104e-07 
  1.1311e+03   8.6809e-08 
  1.1312e+03   8.6971e-08 
  1.1313e+03   8.6798e-08 
  1.1314e+03   8.6709e-08 
  1.1315e+03   8.6786e-08 
  1.1316e+03   2.1907e-07 
  1.1317e+03   8.6775e-08 
  1.1318e+03   8.6686e-08 
  1.1319e+03   8.6680e-08 
  1.1320e+03   8.6674e-08 
  1.1321e+03   8.6585e-08 
  1.1322e+03   8.6662e-08 
  1.1323e+03   8.6573e-08 
  1.1324e+03   8.6567e-08 
  1.1325e+03   8.6562e-08 
  1.1326e+03   8.6472e-08 
  1.1327e+03   8.6633e-08 
  1.1328e+03   8.6461e-08 
  1.1329e+03   8.6455e-08 
  1.1330e+03   8.6528e-08 
  1.1331e+03   8.6360e-08 
  1.1332e+03   8.6521e-08 
  1.1333e+03   8.6348e-08 
  1.1334e+03   8.6342e-08 
  1.1335e+03   8.6336e-08 
  1.1336e+03   1.7889e-07 
  1.1337e+03   8.6325e-08 
  1.1338e+03   8.6319e-08 
  1.1339e+03   8.6230e-08 
  1.1340e+03   8.6140e-08 
  1.1341e+03   8.6218e-08 
  1.1342e+03   8.6295e-08 
  1.1343e+03   8.6123e-08 
  1.1344e+03   8.6200e-08 
  1.1345e+03   8.6111e-08 
  1.1346e+03   8.6022e-08 
  1.1347e+03   8.6182e-08 
  1.1348e+03   8.6093e-08 
  1.1349e+03   8.6004e-08 
  1.1350e+03   8.5998e-08 
  1.1351e+03   8.5992e-08 
  1.1352e+03   8.6069e-08 
  1.1353e+03   8.5897e-08 
  1.1354e+03   8.5974e-08 
  1.1355e+03   8.5885e-08 
  1.1356e+03   8.5879e-08 
  1.1357e+03   8.5956e-08 
  1.1358e+03   8.5867e-08 
  1.1359e+03   8.5778e-08 
  1.1360e+03   8.5772e-08 
  1.1361e+03   8.5766e-08 
  1.1362e+03   8.5926e-08 
  1.1363e+03   8.5671e-08 
  1.1364e+03   8.5748e-08 
  1.1365e+03   8.5659e-08 
  1.1366e+03   8.5653e-08 
  1.1367e+03   8.5813e-08 
  1.1368e+03   8.5557e-08 
  1.1369e+03   8.5635e-08 
  1.1370e+03   3.9102e-06 
  1.1371e+03   8.5539e-08 
  1.1372e+03   8.6250e-08 
  1.1373e+03   8.5527e-08 
  1.1374e+03   8.5521e-08 
  1.1375e+03   8.5432e-08 
  1.1376e+03   8.5509e-08 
  1.1377e+03   8.5503e-08 
  1.1378e+03   8.5414e-08 
  1.1379e+03   8.5408e-08 
  1.1380e+03   8.5626e-08 
  1.1381e+03   8.5312e-08 
  1.1382e+03   8.5474e-08 
  1.1383e+03   8.5300e-08 
  1.1384e+03   8.5294e-08 
  1.1385e+03   1.1204e-07 
  1.1386e+03   8.5282e-08 
  1.1387e+03   8.5911e-08 
  1.1388e+03   8.5187e-08 
  1.1389e+03   8.5180e-08 
  1.1390e+03   8.5174e-08 
  1.1391e+03   8.5085e-08 
  1.1392e+03   8.5245e-08 
  1.1393e+03   8.5073e-08 
  1.1394e+03   8.5067e-08 
  1.1395e+03   8.5061e-08 
  1.1396e+03   8.5054e-08 
  1.1397e+03   8.5131e-08 
  1.1398e+03   8.4959e-08 
  1.1399e+03   8.5036e-08 
  1.1400e+03   8.4947e-08 
  1.1401e+03   8.4857e-08 
  1.1402e+03   8.5017e-08 
  1.1403e+03   8.4928e-08 
  1.1404e+03   8.4839e-08 
  1.1405e+03   8.4833e-08 
  1.1406e+03   8.4826e-08 
  1.1407e+03   8.4903e-08 
  1.1408e+03   8.4814e-08 
  1.1409e+03   8.4725e-08 
  1.1410e+03   8.4801e-08 
  1.1411e+03   8.4712e-08 
  1.1412e+03   8.4789e-08 
  1.1413e+03   8.4700e-08 
  1.1414e+03   8.4611e-08 
  1.1415e+03   8.4604e-08 
  1.1416e+03   8.4681e-08 
  1.1417e+03   8.4675e-08 
  1.1418e+03   8.4586e-08 
  1.1419e+03   8.4496e-08 
  1.1420e+03   8.4573e-08 
  1.1421e+03   8.4484e-08 
  1.1422e+03   8.4560e-08 
  1.1423e+03   8.4471e-08 
  1.1424e+03   8.4465e-08 
  1.1425e+03   8.4459e-08 
  1.1426e+03   8.4370e-08 
  1.1427e+03   8.4446e-08 
  1.1428e+03   8.4357e-08 
  1.1429e+03   8.4351e-08 
  1.1430e+03   8.4437e-08 
  1.1431e+03   8.4255e-08 
  1.1432e+03   8.4414e-08 
  1.1433e+03   8.4242e-08 
  1.1434e+03   8.4236e-08 
  1.1435e+03   8.4230e-08 
  1.1436e+03   8.4141e-08 
  1.1437e+03   8.4300e-08 
  1.1438e+03   8.4128e-08 
  1.1439e+03   8.4121e-08 
  1.1440e+03   8.4115e-08 
  1.1441e+03   8.4109e-08 
  1.1442e+03   8.4185e-08 
  1.1443e+03   8.4013e-08 
  1.1444e+03   8.4007e-08 
  1.1445e+03   8.4000e-08 
  1.1446e+03   8.3994e-08 
  1.1447e+03   8.4070e-08 
  1.1448e+03   8.3981e-08 
  1.1449e+03   8.3892e-08 
  1.1450e+03   8.3885e-08 
  1.1451e+03   8.3879e-08 
  1.1452e+03   8.3955e-08 
  1.1453e+03   8.3783e-08 
  1.1454e+03   8.3860e-08 
  1.1455e+03   8.3771e-08 
  1.1456e+03   8.3764e-08 
  1.1457e+03   8.3840e-08 
  1.1458e+03   8.3751e-08 
  1.1459e+03   8.3662e-08 
  1.1460e+03   8.3738e-08 
  1.1461e+03   1.0962e-05 
  1.1462e+03   8.3725e-08 
  1.1463e+03   8.3636e-08 
  1.1464e+03   8.3630e-08 
  1.1465e+03   8.4792e-08 
  1.1466e+03   8.3643e-08 
  1.1467e+03   8.3693e-08 
  1.1468e+03   8.3521e-08 
  1.1469e+03   8.3432e-08 
  1.1470e+03   8.3508e-08 
  1.1471e+03   8.3419e-08 
  1.1472e+03   8.3577e-08 
  1.1473e+03   8.3406e-08 
  1.1474e+03   8.3399e-08 
  1.1475e+03   8.3393e-08 
  1.1476e+03   8.3303e-08 
  1.1477e+03   8.3462e-08 
  1.1478e+03   8.3290e-08 
  1.1479e+03   8.3284e-08 
  1.1480e+03   8.3277e-08 
  1.1481e+03   8.3188e-08 
  1.1482e+03   8.3346e-08 
  1.1483e+03   8.3175e-08 
  1.1484e+03   8.3168e-08 
  1.1485e+03   8.3162e-08 
  1.1486e+03   8.3155e-08 
  1.1487e+03   8.3231e-08 
  1.1488e+03   8.3059e-08 
  1.1489e+03   8.3135e-08 
  1.1490e+03   8.3046e-08 
  1.1491e+03   8.2957e-08 
  1.1492e+03   8.3115e-08 
  1.1493e+03   8.3026e-08 
  1.1494e+03   8.2937e-08 
  1.1495e+03   8.2931e-08 
  1.1496e+03   1.1586e-07 
  1.1497e+03   8.3082e-08 
  1.1498e+03   8.2828e-08 
  1.1499e+03   8.2904e-08 
  1.1500e+03   8.2815e-08 
  1.1501e+03   8.2808e-08 
  1.1502e+03   8.2884e-08 
  1.1503e+03   8.2795e-08 
  1.1504e+03   8.2788e-08 
  1.1505e+03   8.2699e-08 
  1.1506e+03   8.2692e-08 
  1.1507e+03   8.2850e-08 
  1.1508e+03   1.1230e-07 
  1.1509e+03   8.2590e-08 
  1.1510e+03   8.2665e-08 
  1.1511e+03   8.2576e-08 
  1.1512e+03   8.2734e-08 
  1.1513e+03   8.2563e-08 
  1.1514e+03   8.2556e-08 
  1.1515e+03   8.2467e-08 
  1.1516e+03   8.2543e-08 
  1.1517e+03   8.2536e-08 
  1.1518e+03   8.2529e-08 
  1.1519e+03   8.5567e-08 
  1.1520e+03   8.2351e-08 
  1.1521e+03   8.2426e-08 
  1.1522e+03   8.2502e-08 
  1.1523e+03   8.2331e-08 
  1.1524e+03   8.2324e-08 
  1.1525e+03   8.2317e-08 
  1.1526e+03   8.2310e-08 
  1.1527e+03   8.2386e-08 
  1.1528e+03   8.2214e-08 
  1.1529e+03   8.2208e-08 
  1.1530e+03   8.2201e-08 
  1.1531e+03   8.2194e-08 
  1.1532e+03   8.2269e-08 
  1.1533e+03   8.2180e-08 
  1.1534e+03   8.2091e-08 
  1.1535e+03   8.2084e-08 
  1.1536e+03   8.2078e-08 
  1.1537e+03   1.2335e-06 
  1.1538e+03   8.1982e-08 
  1.1539e+03   8.2057e-08 
  1.1540e+03   8.1968e-08 
  1.1541e+03   8.1961e-08 
  1.1542e+03   8.2036e-08 
  1.1543e+03   8.1947e-08 
  1.1544e+03   8.1940e-08 
  1.1545e+03   8.1851e-08 
  1.1546e+03   8.1927e-08 
  1.1547e+03   8.1920e-08 
  1.1548e+03   8.1831e-08 
  1.1549e+03   8.1824e-08 
  1.1550e+03   8.1735e-08 
  1.1551e+03   8.1810e-08 
  1.1552e+03   8.1803e-08 
  1.1553e+03   8.1714e-08 
  1.1554e+03   8.1707e-08 
  1.1555e+03   8.1700e-08 
  1.1556e+03   8.1693e-08 
  1.1557e+03   8.1686e-08 
  1.1558e+03   8.1679e-08 
  1.1559e+03   8.1590e-08 
  1.1560e+03   8.1583e-08 
  1.1561e+03   8.1494e-08 
  1.1562e+03   8.1651e-08 
  1.1563e+03   8.1480e-08 
  1.1564e+03   8.1555e-08 
  1.1565e+03   8.1466e-08 
  1.1566e+03   8.1378e-08 
  1.1567e+03   8.1534e-08 
  1.1568e+03   8.1445e-08 
  1.1569e+03   8.1357e-08 
  1.1570e+03   8.1349e-08 
  1.1571e+03   8.1342e-08 
  1.1572e+03   8.1417e-08 
  1.1573e+03   8.1328e-08 
  1.1574e+03   8.1321e-08 
  1.1575e+03   8.1232e-08 
  1.1576e+03   8.1225e-08 
  1.1577e+03   8.1300e-08 
  1.1578e+03   8.1211e-08 
  1.1579e+03   8.1204e-08 
  1.1580e+03   8.1115e-08 
  1.1581e+03   8.1108e-08 
  1.1582e+03   8.1265e-08 
  1.1583e+03   8.1094e-08 
  1.1584e+03   8.1005e-08 
  1.1585e+03   8.1080e-08 
  1.1586e+03   8.0991e-08 
  1.1587e+03   8.1147e-08 
  1.1588e+03   8.0977e-08 
  1.1589e+03   8.0970e-08 
  1.1590e+03   8.1277e-08 
  1.1591e+03   8.3151e-08 
  1.1592e+03   8.1030e-08 
  1.1593e+03   8.0859e-08 
  1.1594e+03   8.0852e-08 
  1.1595e+03   8.0845e-08 
  1.1596e+03   8.0838e-08 
  1.1597e+03   8.0831e-08 
  1.1598e+03   8.0824e-08 
  1.1599e+03   8.0735e-08 
  1.1600e+03   8.0728e-08 
  1.1601e+03   8.0720e-08 
  1.1602e+03   8.0795e-08 
  1.1603e+03   8.0624e-08 
  1.1604e+03   8.0699e-08 
  1.1605e+03   8.0610e-08 
  1.1606e+03   8.0603e-08 
  1.1607e+03   8.0677e-08 
  1.1608e+03   8.0588e-08 
  1.1609e+03   8.0500e-08 
  1.1610e+03   8.0492e-08 
  1.1611e+03   8.0567e-08 
  1.1612e+03   8.0560e-08 
  1.1613e+03   8.0471e-08 
  1.1614e+03   8.0382e-08 
  1.1615e+03   8.0456e-08 
  1.1616e+03   8.0367e-08 
  1.1617e+03   8.0442e-08 
  1.1618e+03   8.1397e-08 
  1.1619e+03   8.1128e-08 
  1.1620e+03   8.0338e-08 
  1.1621e+03   8.0250e-08 
  1.1622e+03   8.0405e-08 
  1.1623e+03   8.0235e-08 
  1.1624e+03   8.0228e-08 
  1.1625e+03   8.0221e-08 
  1.1626e+03   8.0132e-08 
  1.1627e+03   8.0287e-08 
  1.1628e+03   8.0117e-08 
  1.1629e+03   8.0110e-08 
  1.1630e+03   8.0344e-08 
  1.1631e+03   8.0408e-08 
  1.1632e+03   8.0169e-08 
  1.1633e+03   7.9999e-08 
  1.1634e+03   7.9992e-08 
  1.1635e+03   8.0066e-08 
  1.1636e+03   7.9896e-08 
  1.1637e+03   8.0051e-08 
  1.1638e+03   7.9962e-08 
  1.1639e+03   7.9874e-08 
  1.1640e+03   7.9948e-08 
  1.1641e+03   7.9859e-08 
  1.1642e+03   7.9954e-08 
  1.1643e+03   7.9844e-08 
  1.1644e+03   7.9786e-08 
  1.1645e+03   7.9829e-08 
  1.1646e+03   7.9741e-08 
  1.1647e+03   7.9815e-08 
  1.1648e+03   7.9726e-08 
  1.1649e+03   7.9718e-08 
  1.1650e+03   7.9630e-08 
  1.1651e+03   7.9704e-08 
  1.1652e+03   7.9696e-08 
  1.1653e+03   7.9608e-08 
  1.1654e+03   7.9600e-08 
  1.1655e+03   7.9593e-08 
  1.1656e+03   7.9504e-08 
  1.1657e+03   7.9659e-08 
  1.1658e+03   7.9489e-08 
  1.1659e+03   7.9482e-08 
  1.1660e+03   7.9474e-08 
  1.1661e+03   7.9467e-08 
  1.1662e+03   7.9459e-08 
  1.1663e+03   2.2441e-07 
  1.1664e+03   7.9363e-08 
  1.1665e+03   7.9356e-08 
  1.1666e+03   7.9348e-08 
  1.1667e+03   7.9422e-08 
  1.1668e+03   7.9252e-08 
  1.1669e+03   7.9326e-08 
  1.1670e+03   7.9237e-08 
  1.1671e+03   7.9229e-08 
  1.1672e+03   7.9303e-08 
  1.1673e+03   7.9214e-08 
  1.1674e+03   7.9126e-08 
  1.1675e+03   3.2069e-07 
  1.1676e+03   7.9111e-08 
  1.1677e+03   7.9184e-08 
  1.1678e+03   7.9096e-08 
  1.1679e+03   7.9088e-08 
  1.1680e+03   7.8999e-08 
  1.1681e+03   1.0481e-07 
  1.1682e+03   7.9065e-08 
  1.1683e+03   7.8977e-08 
  1.1684e+03   7.8969e-08 
  1.1685e+03   7.8962e-08 
  1.1686e+03   7.8873e-08 
  1.1687e+03   7.9027e-08 
  1.1688e+03   7.8899e-08 
  1.1689e+03   7.8850e-08 
  1.1690e+03   7.8847e-08 
  1.1691e+03   7.8754e-08 
  1.1692e+03   7.8908e-08 
  1.1693e+03   7.8820e-08 
  1.1694e+03   7.8731e-08 
  1.1695e+03   7.8724e-08 
  1.1696e+03   7.8716e-08 
  1.1697e+03   7.8789e-08 
  1.1698e+03   1.0844e-07 
  1.1699e+03   7.8612e-08 
  1.1700e+03   7.8685e-08 
  1.1701e+03   7.8597e-08 
  1.1702e+03   7.8670e-08 
  1.1703e+03   7.8501e-08 
  1.1704e+03   7.8574e-08 
  1.1705e+03   7.8485e-08 
  1.1706e+03   7.8558e-08 
  1.1707e+03   7.8551e-08 
  1.1708e+03   7.8462e-08 
  1.1709e+03   7.8374e-08 
  1.1710e+03   7.8447e-08 
  1.1711e+03   7.8358e-08 
  1.1712e+03   7.8512e-08 
  1.1713e+03   7.8343e-08 
  1.1714e+03   7.8335e-08 
  1.1715e+03   7.8746e-08 
  1.1716e+03   7.8320e-08 
  1.1717e+03   7.8312e-08 
  1.1718e+03   8.0207e-08 
  1.1719e+03   7.8216e-08 
  1.1720e+03   7.8208e-08 
  1.1721e+03   7.8120e-08 
  1.1722e+03   7.8488e-08 
  1.1723e+03   7.8104e-08 
  1.1724e+03   7.8177e-08 
  1.1725e+03   7.8088e-08 
  1.1726e+03   7.8081e-08 
  1.1727e+03   7.8073e-08 
  1.1728e+03   7.8934e-08 
  1.1729e+03   7.7977e-08 
  1.1730e+03   7.8050e-08 
  1.1731e+03   7.7961e-08 
  1.1732e+03   7.8034e-08 
  1.1733e+03   7.7945e-08 
  1.1734e+03   7.7857e-08 
  1.1735e+03   7.7930e-08 
  1.1736e+03   7.7841e-08 
  1.1737e+03   7.7914e-08 
  1.1738e+03   7.7826e-08 
  1.1739e+03   7.7818e-08 
  1.1740e+03   7.7729e-08 
  1.1741e+03   7.7802e-08 
  1.1742e+03   7.7794e-08 
  1.1743e+03   7.7706e-08 
  1.1744e+03   7.7698e-08 
  1.1745e+03   7.7690e-08 
  1.1746e+03   7.7682e-08 
  1.1747e+03   7.7674e-08 
  1.1748e+03   7.7586e-08 
  1.1749e+03   4.8228e-06 
  1.1750e+03   7.7490e-08 
  1.1751e+03   7.7562e-08 
  1.1752e+03   5.0256e-05 
  1.1753e+03   7.7466e-08 
  1.1754e+03   7.7976e-08 
  1.1755e+03   3.7677e-05 
  1.1756e+03   7.8652e-08 
  1.1757e+03   1.4283e-05 
  1.1758e+03   7.7346e-08 
  1.1759e+03   5.4665e-06 
  1.1760e+03   7.7330e-08 
  1.1761e+03   7.7415e-08 
  1.1762e+03   7.7475e-08 
  1.1763e+03   6.2608e-05 
  1.1764e+03   7.7298e-08 
  1.1765e+03   7.7210e-08 
  1.1766e+03   7.8157e-08 
  1.1767e+03   7.7275e-08 
  1.1768e+03   7.7186e-08 
  1.1769e+03   7.7178e-08 
  1.1770e+03   7.7170e-08 
  1.1771e+03   7.7082e-08 
  1.1772e+03   7.7235e-08 
  1.1773e+03   7.7066e-08 
  1.1774e+03   7.7058e-08 
  1.1775e+03   7.7050e-08 
  1.1776e+03   7.6962e-08 
  1.1777e+03   7.7114e-08 
  1.1778e+03   7.6946e-08 
  1.1779e+03   7.7018e-08 
  1.1780e+03   7.6930e-08 
  1.1781e+03   7.6922e-08 
  1.1782e+03   7.6914e-08 
  1.1783e+03   7.6905e-08 
  1.1784e+03   7.6817e-08 
  1.1785e+03   7.6889e-08 
  1.1786e+03   7.6801e-08 
  1.1787e+03   7.6873e-08 
  1.1788e+03   7.6785e-08 
  1.1789e+03   7.6697e-08 
  1.1790e+03   7.6769e-08 
  1.1791e+03   7.6681e-08 
  1.1792e+03   7.6753e-08 
  1.1793e+03   7.6664e-08 
  1.1794e+03   7.6656e-08 
  1.1795e+03   7.6568e-08 
  1.1796e+03   7.6640e-08 
  1.1797e+03   7.6632e-08 
  1.1798e+03   7.6544e-08 
  1.1799e+03   7.6536e-08 
  1.1800e+03   7.6528e-08 
  1.1801e+03   7.6519e-08 
  1.1802e+03   7.6511e-08 
  1.1803e+03   7.6503e-08 
  1.1804e+03   7.6415e-08 
  1.1805e+03   7.6407e-08 
  1.1806e+03   7.6399e-08 
  1.1807e+03   7.6390e-08 
  1.1808e+03   0.0000e+00 
  1.1809e+03   0.0000e+00 
  1.1810e+03   0.0000e+00 
  1.1811e+03   0.0000e+00 
  1.1812e+03   0.0000e+00 
  1.1813e+03   0.0000e+00 
  1.1814e+03   0.0000e+00 
  1.1815e+03   0.0000e+00 
  1.1816e+03   0.0000e+00 
  1.1817e+03   0.0000e+00 
  1.1818e+03   0.0000e+00 
  1.1819e+03   0.0000e+00 
  1.1820e+03   0.0000e+00 
  1.1821e+03   0.0000e+00 
  1.1822e+03   0.0000e+00 
  1.1823e+03   0.0000e+00 
  1.1824e+03   0.0000e+00 
  1.1825e+03   0.0000e+00 
  1.1826e+03   0.0000e+00 
  1.1827e+03   0.0000e+00 
  1.1828e+03   0.0000e+00 
  1.1829e+03   2.0683e-07 
  1.1830e+03   2.9053e-07 
  1.1831e+03   0.0000e+00 
  1.1832e+03   0.0000e+00 
  1.1833e+03   0.0000e+00 
  1.1834e+03   1.1556e-10 
  1.1835e+03   0.0000e+00 
  1.1836e+03   0.0000e+00 
  1.1837e+03   0.0000e+00 
  1.1838e+03   0.0000e+00 
  1.1839e+03   0.0000e+00 
  1.1840e+03   0.0000e+00 
  1.1841e+03   0.0000e+00 
  1.1842e+03   0.0000e+00 
  1.1843e+03   0.0000e+00 
  1.1844e+03   4.2537e-10 
  1.1845e+03   1.2053e-06 
  1.1846e+03   0.0000e+00 
  1.1847e+03   0.0000e+00 
  1.1848e+03   0.0000e+00 
  1.1849e+03   0.0000e+00 
  1.1850e+03   0.0000e+00 
  1.1851e+03   0.0000e+00 
  1.1852e+03   0.0000e+00 
  1.1853e+03   0.0000e+00 
  1.1854e+03   0.0000e+00 
  1.1855e+03   0.0000e+00 
  1.1856e+03   0.0000e+00 
  1.1857e+03   8.1875e-10 
  1.1858e+03   0.0000e+00 
  1.1859e+03   1.6293e-09 
  1.1860e+03   0.0000e+00 
  1.1861e+03   3.3231e-10 
  1.1862e+03   0.0000e+00 
  1.1863e+03   0.0000e+00 
  1.1864e+03   0.0000e+00 
  1.1865e+03   0.0000e+00 
  1.1866e+03   0.0000e+00 
  1.1867e+03   0.0000e+00 
  1.1868e+03   0.0000e+00 
  1.1869e+03   0.0000e+00 
  1.1870e+03   0.0000e+00 
  1.1871e+03   0.0000e+00 
  1.1872e+03   0.0000e+00 
  1.1873e+03   0.0000e+00 
  1.1874e+03   0.0000e+00 
  1.1875e+03   0.0000e+00 
  1.1876e+03   0.0000e+00 
  1.1877e+03   0.0000e+00 
  1.1878e+03   0.0000e+00 
  1.1879e+03   0.0000e+00 
  1.1880e+03   0.0000e+00 
  1.1881e+03   0.0000e+00 
  1.1882e+03   1.6813e-05 
  1.1883e+03   0.0000e+00 
  1.1884e+03   0.0000e+00 
  1.1885e+03   0.0000e+00 
  1.1886e+03   0.0000e+00 
  1.1887e+03   0.0000e+00 
  1.1888e+03   0.0000e+00 
  1.1889e+03   0.0000e+00 
  1.1890e+03   0.0000e+00 
  1.1891e+03   0.0000e+00 
  1.1892e+03   0.0000e+00 
  1.1893e+03   0.0000e+00 
  1.1894e+03   0.0000e+00 
  1.1895e+03   0.0000e+00 
  1.1896e+03   0.0000e+00 
  1.1897e+03   0.0000e+00 
  1.1898e+03   4.2266e-08 
  1.1899e+03   0.0000e+00 
  1.1900e+03   0.0000e+00 
  1.1901e+03   9.1536e-07 
  1.1902e+03   0.0000e+00 
  1.1903e+03   0.0000e+00 
  1.1904e+03   3.0571e-05 
  1.1905e+03   0.0000e+00 
  1.1906e+03   0.0000e+00 
  1.1907e+03   0.0000e+00 
  1.1908e+03   0.0000e+00 
  1.1909e+03   0.0000e+00 
  1.1910e+03   0.0000e+00 
  1.1911e+03   0.0000e+00 
  1.1912e+03   0.0000e+00 
  1.1913e+03   0.0000e+00 
  1.1914e+03   1.5445e-10 
  1.1915e+03   0.0000e+00 
  1.1916e+03   4.5044e-07 
  1.1917e+03   0.0000e+00 
  1.1918e+03   0.0000e+00 
  1.1919e+03   0.0000e+00 
  1.1920e+03   0.0000e+00 
  1.1921e+03   3.3551e-10 
  1.1922e+03   0.0000e+00 
  1.1923e+03   0.0000e+00 
  1.1924e+03   0.0000e+00 
  1.1925e+03   0.0000e+00 
  1.1926e+03   0.0000e+00 
  1.1927e+03   0.0000e+00 
  1.1928e+03   0.0000e+00 
  1.1929e+03   0.0000e+00 
  1.1930e+03   0.0000e+00 
  1.1931e+03   0.0000e+00 
  1.1932e+03   1.3171e-04 
  1.1933e+03   0.0000e+00 
  1.1934e+03   0.0000e+00 
  1.1935e+03   0.0000e+00 
  1.1936e+03   0.0000e+00 
  1.1937e+03   0.0000e+00 
  1.1938e+03   0.0000e+00 
  1.1939e+03   0.0000e+00 
  1.1940e+03   0.0000e+00 
  1.1941e+03   0.0000e+00 
  1.1942e+03   0.0000e+00 
  1.1943e+03   0.0000e+00 
  1.1944e+03   0.0000e+00 
  1.1945e+03   7.5648e-05 
  1.1946e+03   2.8506e-10 
  1.1947e+03   2.3466e-09 
  1.1948e+03   0.0000e+00 
  1.1949e+03   0.0000e+00 
  1.1950e+03   0.0000e+00 
  1.1951e+03   0.0000e+00 
  1.1952e+03   0.0000e+00 
  1.1953e+03   0.0000e+00 
  1.1954e+03   0.0000e+00 
  1.1955e+03   0.0000e+00 
  1.1956e+03   0.0000e+00 
  1.1957e+03   0.0000e+00 
  1.1958e+03   0.0000e+00 
  1.1959e+03   0.0000e+00 
  1.1960e+03   0.0000e+00 
  1.1961e+03   0.0000e+00 
  1.1962e+03   1.4738e-08 
  1.1963e+03   0.0000e+00 
  1.1964e+03   0.0000e+00 
  1.1965e+03   0.0000e+00 
  1.1966e+03   0.0000e+00 
  1.1967e+03   0.0000e+00 
  1.1968e+03   9.1611e-12 
  1.1969e+03   1.4750e-10 
  1.1970e+03   0.0000e+00 
  1.1971e+03   0.0000e+00 
  1.1972e+03   0.0000e+00 
  1.1973e+03   0.0000e+00 
  1.1974e+03   3.2608e-05 
  1.1975e+03   0.0000e+00 
  1.1976e+03   0.0000e+00 
  1.1977e+03   0.0000e+00 
  1.1978e+03   0.0000e+00 
  1.1979e+03   0.0000e+00 
  1.1980e+03   0.0000e+00 
  1.1981e+03   0.0000e+00 
  1.1982e+03   0.0000e+00 
  1.1983e+03   0.0000e+00 
  1.1984e+03   0.0000e+00 
  1.1985e+03   0.0000e+00 
  1.1986e+03   2.3916e-11 
  1.1987e+03   0.0000e+00 
  1.1988e+03   0.0000e+00 
  1.1989e+03   9.3061e-10 
  1.1990e+03   0.0000e+00 
  1.1991e+03   9.9704e-06 
  1.1992e+03   0.0000e+00 
  1.1993e+03   0.0000e+00 
  1.1994e+03   0.0000e+00 
  1.1995e+03   0.0000e+00 
  1.1996e+03   0.0000e+00 
  1.1997e+03   0.0000e+00 
  1.1998e+03   0.0000e+00 
  1.1999e+03   0.0000e+00 