# WL(nm)    Flux(ergs/cm**2/s/nm)
1.001   5.957761E+01
1.002   5.961521E+01
1.003   5.978435E+01
1.004   5.984934E+01
1.004   5.993841E+01
1.006   6.022068E+01
1.006   6.326239E+01
1.008   6.070773E+01
1.009   6.046161E+01
1.010   6.078009E+01
1.011   6.786063E+01
1.012   1.476264E+02
1.012   1.030269E+02
1.014   6.126998E+01
1.014   6.140810E+01
1.016   6.199390E+01
1.016   6.131119E+01
1.018   6.143181E+01
1.019   6.213859E+01
1.020   6.174386E+01
1.020   6.240131E+01
1.022   6.184732E+01
1.022   6.194305E+01
1.024   1.356157E+03
1.024   6.216784E+01
1.026   6.227314E+01
1.027   6.238500E+01
1.028   6.249663E+01
1.028   6.502203E+01
1.030   6.281033E+01
1.030   6.288079E+01
1.032   6.344598E+01
1.032   6.322646E+01
1.034   6.313841E+01
1.035   6.324520E+01
1.036   6.352617E+01
1.036   7.389719E+01
1.038   5.733243E+01
1.038   5.745444E+01
1.040   1.584582E+02
1.040   5.759429E+01
1.041   5.769570E+01
1.043   5.779357E+01
1.044   6.185783E+01
1.044   7.142627E+01
1.046   5.897950E+01
1.046   6.305420E+01
1.048   6.086912E+01
1.048   7.464441E+01
1.049   5.852311E+01
1.051   2.685805E+02
1.052   6.495043E+01
1.052   5.874890E+01
1.054   1.138133E+02
1.054   6.168345E+01
1.056   6.783620E+01
1.056   6.875472E+01
1.057   5.974188E+01
1.059   6.164390E+01
1.060   6.817003E+01
1.060   5.977589E+01
1.062   5.986351E+01
1.062   6.054904E+01
1.064   5.991419E+01
1.065   6.326997E+01
1.065   2.383498E+02
1.067   6.024380E+01
1.068   6.087046E+01
1.069   6.122622E+01
1.070   6.064300E+01
1.071   6.169246E+01
1.072   6.054277E+01
1.073   6.082304E+01
1.073   6.080519E+01
1.075   6.127860E+01
1.076   6.095364E+01
1.077   5.229421E+02
1.078   3.867830E+02
1.079   6.354013E+01
1.080   6.133252E+01
1.081   6.134646E+01
1.081   7.306671E+01
1.083   6.179127E+01
1.084   6.191050E+01
1.085   6.246497E+01
1.086   6.535362E+01
1.087   6.187379E+01
1.088   6.193823E+01
1.089   6.204402E+01
1.089   6.223248E+01
1.091   6.226457E+01
1.091   6.233160E+01
1.093   6.239533E+01
1.094   6.248434E+01
1.095   6.288410E+01
1.096   6.263652E+01
1.097   6.269340E+01
1.097   6.281029E+01
1.099   6.311031E+01
1.099   6.305607E+01
1.101   1.120322E+03
1.102   6.313073E+01
1.103   1.849748E+02
1.104   6.362677E+01
1.105   6.343084E+01
1.105   7.974138E+01
1.107   6.357979E+01
1.107   6.368229E+01
1.109   6.947954E+01
1.110   6.555486E+01
1.111   6.410749E+01
1.112   6.403731E+01
1.113   6.411709E+01
1.113   5.506274E+02
1.115   6.436345E+01
1.115   6.647542E+01
1.117   6.451251E+01
1.118   6.505760E+01
1.119   8.605432E+01
1.120   6.469013E+01
1.121   6.477185E+01
1.121   6.490606E+01
1.123   6.550096E+01
1.123   6.570846E+01
1.125   1.039037E+02
1.126   7.552917E+02
1.127   6.548723E+01
1.128   6.978391E+01
1.129   6.613427E+01
1.129   8.456142E+01
1.131   7.058470E+01
1.131   6.633946E+01
1.133   1.354838E+02
1.134   6.837907E+01
1.135   6.598346E+01
1.136   6.603849E+01
1.137   6.613926E+01
1.137   6.636197E+01
1.139   6.663003E+01
1.139   7.865414E+01
1.141   9.978500E+01
1.141   6.654313E+01
1.143   1.324197E+02
1.144   6.667575E+01
1.145   9.426935E+01
1.145   1.391177E+02
1.147   7.541779E+01
1.147   7.219588E+01
1.149   6.703552E+01
1.149   6.713428E+01
1.151   6.719967E+01
1.152   6.731320E+01
1.153   1.407524E+02
1.153   1.237575E+02
1.155   3.582794E+03
1.155   6.762711E+01
1.157   6.767973E+01
1.157   7.684302E+01
1.159   6.939426E+01
1.160   8.116067E+01
1.161   6.838599E+01
1.161   6.807001E+01
1.163   6.815185E+01
1.163   6.824250E+01
1.165   7.317856E+01
1.165   6.843822E+01
1.166   6.882309E+01
1.168   6.941252E+01
1.169   6.981967E+01
1.169   6.868811E+01
1.171   6.906552E+01
1.171   6.902435E+01
1.173   7.003756E+01
1.173   6.907242E+01
1.174   7.085847E+01
1.176   7.129150E+01
1.177   6.978468E+01
1.177   7.072512E+01
1.179   7.081243E+01
1.179   6.960130E+01
1.181   7.002768E+01
1.181   6.966864E+01
1.182   6.963615E+01
1.184   7.948549E+01
1.185   7.513540E+01
1.185   6.987293E+01
1.187   7.303330E+01
1.188   7.572048E+01
1.189   9.018334E+01
1.190   7.072391E+01
1.190   7.026783E+01
1.192   1.446289E+02
1.193   7.037128E+01
1.194   2.845486E+02
1.195   7.171858E+01
1.196   7.058680E+01
1.197   7.458500E+01
1.198   7.151861E+01
1.198   7.105911E+01
1.200   7.207098E+01
1.201   7.110849E+01
1.202   7.188165E+01
1.203   7.122701E+01
1.204   7.280089E+01
1.205   8.324272E+01
1.206   7.134645E+01
1.207   7.136502E+01
1.208   7.183505E+01
1.209   8.223737E+01
1.210   9.414697E+01
1.211   7.196395E+01
1.212   1.906343E+02
1.213   2.490599E+03
1.214   1.119527E+04
1.215   2.705021E+02
1.216   4.525704E+02
1.216   8.690304E+01
1.218   1.971787E+02
1.219   2.616890E+02
1.220   7.337194E+01
1.221   7.362193E+01
1.222   7.300733E+01
1.223   7.296749E+01
1.224   7.362589E+01
1.224   8.152863E+01
1.226   7.576117E+01
1.227   1.937444E+03
1.228   7.377918E+01
1.229   7.397917E+01
1.230   7.372977E+01
1.231   1.780679E+02
1.232   1.753011E+02
1.232   9.185195E+01
1.234   7.412126E+01
1.235   7.427780E+01
1.236   3.492928E+02
1.237   7.446938E+01
1.238   7.449899E+01
1.239   7.464071E+01
1.240   7.470656E+01
1.240   7.476950E+01
1.242   7.487150E+01
1.243   7.499289E+01
1.244   1.089362E+03
1.245   7.516255E+01
1.246   7.535312E+01
1.247   7.547096E+01
1.248   7.588644E+01
1.248   7.555309E+01
1.250   7.581777E+01
1.251   7.583489E+01
1.252   7.591580E+01
1.253   1.232907E+02
1.254   7.600244E+01
1.255   7.604150E+01
1.256   8.831069E+01
1.256   7.622722E+01
1.258   7.659738E+01
1.259   7.643718E+01
1.260   7.653088E+01
1.261   7.662168E+01
1.262   7.670408E+01
1.263   7.686061E+01
1.264   7.712132E+01
1.264   7.703012E+01
1.266   3.616191E+02
1.266   7.716072E+01
1.268   7.721491E+01
1.269   7.726080E+01
1.270   1.607046E+02
1.271   7.743162E+01
1.272   7.751819E+01
1.272   7.761281E+01
1.274   7.780000E+01
1.274   7.786156E+01
1.276   7.798563E+01
1.277   7.795990E+01
1.278   7.803479E+01
1.279   7.977718E+01
1.280   7.821405E+01
1.280   7.846482E+01
1.282   1.221860E+02
1.282   7.891916E+01
1.284   7.855196E+01
1.285   8.755773E+01
1.286   7.937247E+01
1.287   7.964277E+01
1.288   7.879878E+01
1.288   7.893435E+01
1.290   7.889468E+01
1.290   7.895194E+01
1.292   7.934250E+01
1.293   8.306651E+01
1.294   8.155266E+01
1.295   7.986947E+01
1.296   8.152593E+01
1.296   7.972484E+01
1.298   8.045823E+01
1.298   7.946031E+01
1.300   7.971982E+01
1.301   7.975464E+01
1.302   7.969336E+01
1.303   8.420429E+01
1.304   8.047948E+01
1.304   7.986145E+01
1.306   7.992795E+01
1.306   8.035049E+01
1.308   8.239240E+01
1.309   8.020380E+01
1.310   8.026188E+01
1.311   8.158112E+01
1.312   8.082522E+01
1.312   8.284841E+01
1.314   8.150582E+01
1.315   8.057736E+01
1.316   2.517557E+02
1.317   8.182387E+01
1.318   8.069698E+01
1.319   8.161284E+01
1.320   8.085098E+01
1.321   8.091598E+01
1.322   8.101766E+01
1.323   9.300284E+01
1.324   8.114186E+01
1.325   8.112254E+01
1.326   8.587373E+01
1.327   8.242427E+01
1.328   8.159577E+01
1.329   8.199960E+01
1.330   8.184390E+01
1.331   9.093514E+01
1.332   8.227905E+01
1.333   1.107549E+02
1.334   8.186661E+01
1.335   8.186771E+01
1.336   9.668148E+01
1.337   8.420304E+01
1.338   8.386748E+01
1.339   8.241430E+01
1.340   1.072261E+02
1.341   9.591676E+01
1.341   8.226624E+01
1.343   9.494101E+01
1.344   1.803069E+02
1.345   2.793425E+04
1.346   9.655392E+02
1.347   1.704228E+03
1.348   5.783400E+02
1.349   4.434695E+02
1.349   7.900217E+02
1.351   9.725064E+01
1.352   1.102410E+02
1.353   1.249375E+02
1.354   1.498896E+02
1.355   1.876204E+02
1.356   4.901594E+03
1.357   2.237241E+02
1.357   1.387430E+02
1.359   8.704670E+01
1.360   8.821890E+01
1.361   9.277883E+01
1.362   8.459012E+01
1.363   8.477270E+01
1.364   8.501358E+01
1.365   9.322195E+01
1.365   4.018638E+02
1.367   8.549525E+01
1.368   1.246005E+02
1.369   1.009143E+02
1.370   1.490943E+04
1.371   3.445554E+02
1.372   5.403441E+02
1.373   8.675840E+01
1.373   9.030796E+01
1.375   9.099762E+01
1.376   8.973992E+01
1.377   8.795428E+01
1.378   5.411415E+02
1.379   8.772340E+01
1.380   9.945770E+01
1.381   8.804907E+01
1.381   8.833220E+01
1.383   1.246953E+03
1.384   9.291052E+01
1.385   9.657290E+01
1.386   8.888168E+01
1.387   1.038292E+02
1.388   1.080464E+02
1.389   1.005386E+02
1.389   3.206263E+02
1.391   8.961092E+01
1.391   8.978109E+01
1.393   8.995102E+01
1.394   9.011572E+01
1.395   9.031505E+01
1.396   1.313221E+02
1.397   9.094160E+01
1.397   1.178259E+02
1.399   9.273832E+01
1.399   9.366204E+01
1.401   1.038252E+02
1.402   1.567577E+02
1.403   1.073662E+02
1.404   1.224857E+02
1.405   6.097548E+02
1.405   1.082018E+02
1.407   1.209579E+02
1.407   6.075917E+02
1.409   9.421241E+01
1.410   1.081609E+02
1.411   1.077247E+02
1.412   1.321263E+02
1.413   9.331627E+01
1.413   9.802590E+01
1.415   1.028860E+02
1.415   1.157438E+02
1.417   1.131984E+02
1.418   9.406987E+01
1.419   9.639275E+01
1.420   9.346032E+01
1.421   9.659193E+02
1.421   9.357799E+01
1.423   9.363182E+01
1.423   7.754929E+01
1.425   5.089294E+01
1.426   2.173405E+02
1.427   4.648624E+01
1.428   4.619827E+01
1.429   4.626073E+01
1.429   4.642512E+01
1.431   4.717430E+01
1.431   4.657130E+01
1.433   4.657515E+01
1.434   4.675340E+01
1.435   1.496489E+02
1.436   4.681647E+01
1.437   4.691441E+01
1.438   2.702079E+02
1.439   4.701333E+01
1.440   4.708681E+01
1.441   5.113278E+01
1.442   5.201751E+01
1.443   9.474325E+01
1.444   8.299146E+01
1.445   4.746469E+01
1.446   4.753996E+01
1.447   4.778556E+01
1.448   6.482073E+01
1.449   7.028725E+01
1.450   4.791903E+01
1.451   7.310376E+01
1.452   5.277394E+01
1.453   4.807107E+01
1.454   2.179436E+02
1.455   4.822700E+01
1.456   4.848254E+01
1.457   4.840395E+01
1.458   1.333501E+02
1.459   4.852328E+01
1.460   4.860899E+01
1.461   9.384425E+01
1.462   6.551844E+01
1.463   4.879420E+01
1.464   4.893406E+01
1.465   4.885560E+01
1.466   4.950466E+01
1.466   5.630207E+01
1.468   4.895212E+01
1.469   6.419171E+01
1.470   4.905327E+01
1.471   4.996446E+01
1.472   6.135182E+01
1.473   7.267420E+01
1.474   5.178334E+01
1.474   5.027636E+01
1.476   4.941625E+01
1.477   4.953095E+01
1.478   4.925535E+01
1.479   8.191930E+01
1.480   5.186671E+01
1.481   4.934787E+01
1.482   4.939659E+01
1.482   3.688602E+03
1.484   4.948917E+01
1.485   5.165693E+01
1.486   5.018691E+01
1.487   4.990320E+01
1.488   4.961520E+01
1.489   4.962386E+01
1.490   4.961852E+01
1.490   6.644757E+01
1.492   5.131438E+01
1.493   7.279848E+01
1.494   4.974836E+01
1.495   5.060263E+01
1.496   4.982346E+01
1.497   5.374405E+01
1.498   4.994938E+01
1.498   4.988361E+01
1.500   4.991750E+01
1.501   4.994903E+01
1.502   1.862984E+04
1.503   7.559571E+01
1.504   5.175243E+01
1.505   5.016704E+01
1.506   6.544416E+01
1.506   1.156833E+02
1.508   6.665186E+01
1.509   1.025449E+02
1.510   5.022631E+01
1.511   5.024593E+01
1.512   2.760239E+02
1.513   5.032642E+01
1.514   5.120171E+01
1.514   5.133757E+01
1.516   1.504581E+02
1.516   5.338331E+01
1.518   8.293284E+03
1.519   1.745947E+02
1.520   3.052156E+02
1.521   9.221928E+01
1.522   7.890120E+01
1.522   1.114364E+02
1.524   1.892561E+02
1.524   4.944740E+01
1.526   7.056357E+02
1.527   5.630469E+03
1.528   3.529242E+02
1.529   4.956335E+01
1.530   4.960360E+01
1.530   3.327434E+02
1.532   1.525593E+02
1.532   6.472166E+01
1.534   5.095511E+01
1.535   5.392929E+01
1.536   5.264812E+01
1.537   3.837618E+02
1.538   5.958996E+01
1.538   1.362580E+02
1.540   2.796424E+02
1.540   5.891490E+01
1.542   1.135860E+02
1.543   6.428406E+01
1.544   1.400235E+02
1.545   8.893373E+01
1.546   8.216728E+02
1.546   5.053576E+01
1.548   7.825995E+01
1.548   5.620215E+01
1.550   1.351607E+02
1.551   1.001792E+02
1.552   2.035059E+02
1.553   6.724063E+01
1.554   1.407405E+02
1.554   1.224223E+02
1.556   5.488440E+01
1.556   5.437842E+01
1.558   5.236596E+01
1.559   6.827626E+01
1.560   1.163274E+02
1.561   9.462625E+01
1.562   6.009505E+01
1.562   2.782151E+02
1.564   6.646996E+01
1.565   6.053026E+01
1.566   6.133446E+01
1.567   5.976802E+01
1.568   5.183473E+01
1.569   5.422584E+01
1.570   5.503201E+01
1.571   5.071643E+01
1.572   5.252256E+01
1.573   5.240083E+01
1.574   5.617648E+01
1.575   7.928212E+01
1.576   8.210582E+01
1.577   5.108067E+01
1.578   5.075773E+01
1.579   5.113474E+01
1.580   5.338213E+01
1.581   5.074487E+01
1.582   5.074352E+01
1.583   1.916705E+02
1.584   5.076934E+01
1.585   5.114711E+01
1.586   5.078195E+01
1.587   5.646908E+01
1.588   1.243921E+02
1.589   5.082158E+01
1.590   5.674481E+01
1.591   5.080789E+01
1.591   5.100069E+01
1.593   6.150691E+01
1.594   1.111171E+02
1.595   5.880559E+01
1.596   5.077925E+01
1.597   5.079094E+01
1.598   6.277293E+01
1.599   5.227189E+01
1.599   2.691091E+02
1.601   2.644283E+04
1.602   5.080582E+01
1.603   5.090197E+01
1.604   5.085290E+01
1.605   8.316039E+01
1.606   5.080685E+01
1.607   5.133289E+01
1.607   3.990410E+02
1.609   5.081787E+01
1.609   5.082082E+01
1.611   5.083023E+01
1.611   7.302298E+01
1.613   5.083179E+01
1.614   5.082611E+01
1.615   5.081828E+01
1.616   1.715657E+02
1.617   5.301951E+01
1.618   5.105034E+01
1.619   5.084931E+01
1.620   5.094656E+01
1.620   5.085726E+01
1.622   5.084303E+01
1.623   2.303027E+02
1.623   5.083815E+01
1.625   5.084533E+01
1.625   5.085250E+01
1.627   5.085326E+01
1.627   5.086468E+01
1.629   6.067177E+01
1.630   5.087257E+01
1.631   5.086054E+01
1.632   5.086342E+01
1.633   8.423760E+01
1.634   5.089043E+01
1.635   5.180892E+01
1.636   2.971772E+02
1.636   5.089050E+01
1.638   5.089123E+01
1.639   5.120349E+01
1.639   5.137346E+01
1.641   5.088495E+01
1.641   5.087298E+01
1.643   5.088007E+01
1.643   5.088291E+01
1.645   5.088787E+01
1.645   5.088438E+01
1.647   5.089143E+01
1.648   5.088373E+01
1.649   1.151783E+02
1.650   5.088518E+01
1.651   5.104370E+01
1.652   5.089295E+01
1.652   5.088947E+01
1.654   5.090699E+01
1.655   5.090770E+01
1.655   7.139889E+01
1.657   5.088397E+01
1.657   5.089727E+01
1.659   1.106084E+02
1.659   5.788955E+01
1.661   5.089941E+01
1.661   5.090849E+01
1.663   6.983671E+01
1.664   5.092452E+01
1.665   5.104204E+01
1.666   5.684079E+01
1.667   5.293733E+01
1.668   5.103559E+01
1.668   5.092175E+01
1.670   7.471455E+01
1.670   5.092730E+01
1.671   5.772740E+01
1.673   5.916074E+01
1.673   5.817299E+01
1.675   5.079528E+01
1.675   4.899094E+01
1.677   4.665644E+01
1.677   4.560191E+01
1.679   8.232830E+03
1.680   4.838219E+01
1.681   4.596682E+01
1.682   4.560908E+01
1.683   4.560261E+01
1.684   4.567246E+01
1.684   5.129562E+01
1.686   4.557912E+01
1.686   4.557475E+01
1.688   4.569384E+01
1.689   4.557423E+01
1.690   4.564591E+01
1.691   4.556551E+01
1.692   4.556115E+01
1.693   6.034916E+01
1.694   4.555860E+01
1.695   4.556041E+01
1.696   4.555606E+01
1.697   4.612074E+01
1.698   4.556785E+01
1.699   5.119991E+01
1.700   4.555304E+01
1.700   4.555280E+01
1.702   4.556480E+01
1.702   5.623776E+01
1.704   4.613913E+01
1.705   4.558036E+01
1.706   9.486369E+03
1.707   4.548014E+01
1.708   4.545960E+01
1.709   4.546958E+01
1.710   9.351439E+03
1.711   4.668317E+01
1.712   4.546697E+01
1.713   5.487524E+01
1.714   4.545849E+01
1.715   4.584514E+01
1.716   4.545812E+01
1.716   5.234206E+01
1.718   6.046746E+01
1.718   6.456845E+01
1.720   4.599859E+01
1.720   4.824239E+01
1.722   5.854789E+01
1.723   4.544675E+01
1.724   4.544254E+01
1.725   5.714325E+01
1.726   5.063018E+01
1.727   6.276083E+01
1.728   4.719463E+01
1.729   5.216350E+01
1.730   4.908156E+01
1.731   4.598912E+01
1.732   4.545118E+01
1.732   4.549109E+01
1.734   4.550290E+01
1.734   4.606725E+01
1.736   4.545046E+01
1.736   4.584422E+01
1.738   4.543412E+01
1.739   5.330954E+01
1.740   1.525525E+03
1.741   4.542963E+01
1.742   5.105431E+01
1.743   6.458784E+01
1.744   4.543510E+01
1.745   5.920316E+01
1.745   5.564013E+01
1.747   5.698014E+01
1.748   4.547815E+01
1.748   4.545611E+01
1.750   4.619626E+01
1.750   5.365822E+01
1.752   4.603447E+01
1.752   4.526320E+01
1.754   4.568690E+01
1.755   5.067008E+01
1.756   4.562299E+01
1.757   5.248450E+01
1.758   4.808227E+01
1.759   4.525093E+01
1.760   4.528442E+01
1.761   4.531392E+01
1.761   4.874583E+01
1.763   2.656961E+02
1.764   4.568775E+01
1.764   4.612629E+01
1.766   4.521903E+01
1.766   4.613107E+01
1.768   4.521305E+01
1.768   4.521497E+01
1.770   4.521689E+01
1.770   4.521096E+01
1.772   4.529913E+01
1.773   4.520501E+01
1.774   7.411595E+01
1.775   5.976773E+01
1.776   4.520686E+01
1.777   3.160646E+03
1.777   4.520678E+01
1.779   4.521260E+01
1.780   4.569064E+01
1.780   4.579370E+01
1.782   4.659638E+01
1.782   4.563712E+01
1.784   4.519293E+01
1.784   4.518318E+01
1.786   4.517926E+01
1.786   4.517730E+01
1.788   4.976572E+01
1.789   4.589174E+01
1.790   4.818879E+01
1.791   4.518304E+01
1.792   4.517332E+01
1.793   4.516749E+01
1.793   4.644531E+01
1.795   4.572088E+01
1.795   4.514231E+01
1.796   4.514617E+01
1.798   4.512878E+01
1.798   4.513265E+01
1.800   4.513073E+01
1.800   4.512109E+01
1.802   4.512688E+01
1.802   4.511918E+01
1.804   4.512690E+01
1.805   4.518848E+01
1.806   4.528847E+01
1.807   4.713367E+01
1.808   4.586080E+01
1.809   4.516150E+01
1.809   4.509624E+01
1.811   4.587686E+01
1.811   4.509629E+01
1.812   4.509057E+01
1.814   4.508294E+01
1.815   4.506958E+01
1.816   4.507535E+01
1.817   4.507157E+01
1.818   4.956711E+01
1.819   4.506973E+01
1.820   4.505832E+01
1.821   4.506218E+01
1.822   4.505460E+01
1.823   4.507180E+01
1.824   4.515753E+01
1.825   4.778585E+01
1.825   4.769690E+01
1.827   5.287988E+01
1.827   4.453046E+01
1.829   4.446053E+01
1.830   4.738004E+01
1.831   4.462631E+01
1.832   4.470053E+01
1.833   4.443170E+01
1.834   4.444913E+01
1.835   4.450818E+01
1.836   4.457663E+01
1.837   4.464123E+01
1.838   4.747423E+01
1.839   5.820089E+01
1.840   4.775485E+01
1.841   4.451025E+01
1.841   4.439745E+01
1.843   4.438843E+01
1.843   4.439261E+01
1.845   4.438737E+01
1.845   4.439154E+01
1.847   4.438630E+01
1.848   4.436416E+01
1.849   4.512349E+01
1.850   4.517044E+01
1.851   4.434102E+01
1.852   4.433208E+01
1.853   4.434376E+01
1.854   6.469906E+01
1.855   4.441765E+01
1.856   4.442927E+01
1.857   4.438102E+01
1.857   5.108697E+01
1.859   4.433700E+01
1.859   5.998428E+01
1.861   4.714304E+01
1.861   4.429539E+01
1.863   9.535007E+03
1.864   4.427207E+01
1.865   4.427254E+01
1.866   4.428045E+01
1.867   4.475345E+01
1.868   4.630067E+01
1.869   4.840561E+01
1.870   8.889148E+01
1.870   4.437743E+01
1.872   4.441865E+01
1.873   4.437824E+01
1.873   4.656200E+01
1.875   4.423457E+01
1.875   4.420913E+01
1.877   4.421333E+01
1.877   4.420272E+01
1.879   6.825593E+01
1.880   4.418525E+01
1.881   4.416914E+01
1.882   4.415674E+01
1.883   4.415910E+01
1.884   4.415409E+01
1.885   4.413619E+01
1.886   4.412568E+01
1.886   4.411701E+01
1.888   4.411387E+01
1.889   8.099350E+01
1.889   1.716597E+02
1.891   4.419081E+01
1.891   4.424272E+01
1.893   4.448539E+01
1.893   5.962240E+02
1.895   4.724641E+01
1.895   1.381875E+03
1.897   1.260541E+05
1.898   6.236065E+04
1.899   7.606564E+02
1.900   6.475923E+02
1.901   1.079106E+03
1.902   8.783747E+02
1.902   1.607201E+02
1.904   1.652674E+02
1.905   3.186705E+02
1.905   3.226763E+02
1.907   1.039228E+03
1.907   4.720112E+01
1.909   4.754392E+01
1.909   4.784816E+01
1.911   5.385735E+01
1.911   4.822137E+01
1.913   6.041359E+01
1.914   4.873170E+01
1.915   4.902184E+01
1.916   4.932437E+01
1.917   5.356554E+01
1.918   9.588381E+01
1.918   5.007801E+01
1.920   7.643826E+01
1.920   5.055924E+01
1.921   3.297661E+02
1.923   5.107198E+01
1.923   5.133066E+01
1.925   5.153494E+01
1.925   5.171737E+01
1.927   5.258994E+01
1.927   5.208886E+01
1.929   5.233374E+01
1.930   5.257836E+01
1.931   4.518541E+02
1.932   3.792056E+02
1.933   5.310587E+01
1.934   9.410799E+01
1.934   5.385333E+01
1.936   5.357972E+01
1.936   3.122032E+02
1.938   5.396171E+01
1.939   8.271449E+01
1.940   9.534404E+02
1.941   5.457617E+01
1.942   5.516152E+01
1.943   1.410970E+02
1.944   5.516372E+01
1.945   5.601930E+01
1.946   5.580488E+01
1.947   5.571556E+01
1.948   5.588130E+01
1.949   5.606290E+01
1.950   5.625323E+01
1.950   5.645405E+01
1.952   5.664398E+01
1.952   5.683194E+01
1.954   5.703037E+01
1.955   5.722682E+01
1.956   8.702602E+01
1.957   5.758895E+01
1.958   5.778659E+01
1.959   5.800530E+01
1.960   5.819367E+01
1.961   1.498955E+02
1.962   5.903364E+01
1.963   5.918049E+01
1.964   6.320902E+01
1.965   6.339956E+01
1.966   5.919970E+01
1.966   5.930733E+01
1.968   5.941308E+01
1.968   5.951520E+01
1.970   5.962779E+01
1.970   5.972793E+01
1.972   5.984206E+01
1.973   6.215659E+01
1.974   6.006646E+01
1.975   6.019256E+01
1.976   6.106205E+01
1.977   6.045842E+01
1.978   1.022179E+02
1.979   6.850750E+01
1.980   6.132283E+01
1.981   6.264892E+01
1.982   6.096477E+01
1.982   6.422340E+02
1.984   6.112038E+01
1.984   6.123306E+01
1.986   7.517056E+01
1.986   6.145809E+01
1.988   7.131764E+01
1.989   6.171933E+01
1.990   6.180175E+01
1.991   6.266214E+01
1.992   9.252846E+01
1.993   6.206422E+01
1.994   7.132595E+01
1.995   6.222309E+01
1.995   6.230850E+01
1.997   6.240252E+01
1.998   6.251208E+01
1.998   6.262154E+01
2.000   6.273437E+01
2.001   6.284881E+01
2.002   6.295967E+01
2.002   6.367387E+01
2.004   6.285869E+01
2.005   6.279962E+01
2.006   6.492222E+01
2.007   6.288239E+01
2.007   6.301193E+01
2.009   6.312751E+01
2.010   6.325334E+01
2.010   6.339114E+01
2.011   6.400353E+01
2.013   6.362147E+01
2.014   6.371404E+01
2.014   6.379273E+01
2.016   6.390063E+01
2.017   6.400153E+01
2.018   6.408857E+01
2.018   6.420304E+01
2.020   6.429849E+01
2.020   6.441618E+01
2.022   6.888480E+01
2.023   6.463062E+01
2.023   6.474969E+01
2.025   6.486521E+01
2.026   6.496691E+01
2.026   6.503423E+01
2.027   6.511348E+01
2.029   6.520634E+01
2.030   6.527516E+01
2.030   6.535588E+01
2.032   6.544336E+01
2.033   6.554955E+01
2.034   6.566929E+01
2.034   7.163458E+01
2.036   6.588283E+01
2.036   6.599030E+01
2.038   6.930847E+01
2.039   6.621002E+01
2.039   7.019224E+01
2.041   6.642251E+01
2.042   6.652435E+01
2.042   6.655128E+01
2.043   7.943639E+01
2.045   6.661016E+01
2.046   6.831762E+01
2.046   6.664857E+01
2.048   6.665502E+01
2.049   6.668690E+01
2.050   9.423711E+01
2.050   6.672685E+01
2.052   6.706839E+01
2.052   6.678533E+01
2.054   6.754756E+01
2.055   8.730295E+01
2.055   1.161851E+02
2.057   7.234231E+01
2.058   6.698082E+01
2.058   6.700732E+01
2.059   6.702199E+01
2.061   8.617409E+01
2.062   1.159160E+02
2.062   6.710634E+01
2.064   6.716805E+01
2.065   6.718766E+01
2.066   7.058971E+01
2.067   6.768554E+01
2.068   1.805989E+02
2.068   1.227204E+02
2.070   6.734245E+01
2.071   6.742900E+01
2.071   6.748529E+01
2.073   6.850492E+01
2.074   6.753575E+01
2.075   7.389062E+01
2.075   6.751752E+01
2.077   6.754687E+01
2.078   9.072561E+01
2.079   6.824536E+01
2.080   6.761474E+01
2.081   6.760728E+01
2.082   6.930975E+01
2.083   6.764239E+01
2.084   6.789492E+01
2.084   6.817053E+01
2.086   7.824288E+01
2.087   6.786553E+01
2.087   6.833039E+01
2.089   6.791527E+01
2.090   7.324884E+01
2.091   1.268489E+03
2.091   6.679514E+02
2.093   7.074259E+01
2.094   6.795873E+01
2.095   6.800918E+01
2.095   9.325051E+01
2.097   7.732387E+01
2.098   6.809567E+01
2.099   6.814099E+01
2.100   6.815650E+01
2.100   6.818191E+01
2.102   7.103447E+01
2.103   8.323216E+01
2.103   6.822169E+01
2.105   6.825197E+01
2.106   6.826903E+01
2.107   6.828607E+01
2.107   6.833441E+01
2.109   7.433116E+01
2.110   6.873711E+01
2.111   6.842648E+01
2.111   7.415648E+01
2.113   7.081581E+01
2.114   6.852487E+01
2.115   6.957959E+01
2.116   6.860289E+01
2.116   6.865579E+01
2.118   6.869552E+01
2.119   6.873685E+01
2.119   1.537412E+02
2.120   6.945968E+01
2.122   6.880333E+01
2.123   6.879709E+01
2.123   6.883664E+01
2.125   6.885981E+01
2.126   6.888459E+01
2.127   7.056187E+01
2.127   7.083555E+01
2.129   6.896369E+01
2.130   6.896881E+01
2.131   6.896578E+01
2.132   6.899207E+01
2.132   6.899228E+01
2.134   7.309233E+01
2.135   6.909032E+01
2.135   6.912788E+01
2.136   6.942546E+01
2.138   6.965128E+01
2.139   6.918841E+01
2.139   7.230145E+01
2.141   6.920163E+01
2.142   7.391865E+01
2.143   6.925697E+01
2.143   6.927002E+01
2.145   9.446673E+01
2.145   4.837422E+02
2.147   6.983161E+01
2.148   6.941102E+01
2.148   7.238809E+01
2.150   8.690154E+01
2.151   7.113557E+01
2.151   7.219515E+01
2.152   7.622204E+01
2.154   6.964493E+01
2.155   6.967224E+01
2.155   6.972691E+01
2.157   6.978958E+01
2.158   1.168903E+02
2.159   7.563050E+01
2.159   7.441202E+01
2.161   6.371846E+04
2.161   5.708794E+02
2.163   3.390036E+02
2.164   6.324169E+02
2.164   3.697167E+02
2.166   5.074963E+02
2.167   1.466186E+02
2.167   2.281298E+02
2.168   3.951839E+02
2.170   7.061982E+01
2.171   8.160525E+01
2.171   7.018539E+01
2.173   7.169070E+01
2.174   2.087760E+02
2.175   9.558910E+01
2.175   7.250962E+01
2.177   9.849266E+01
2.177   7.223252E+01
2.179   1.126936E+02
2.180   8.724601E+01
2.180   7.939487E+03
2.182   1.396207E+02
2.183   9.068521E+01
2.183   8.038945E+01
2.184   1.019437E+02
2.186   8.468519E+01
2.187   7.082670E+01
2.188   7.074828E+01
2.189   7.250889E+01
2.190   7.061864E+01
2.191   7.765804E+01
2.192   7.067619E+01
2.193   7.069622E+01
2.193   7.208398E+01
2.195   7.073464E+01
2.196   7.076885E+01
2.196   9.397088E+01
2.198   7.080557E+01
2.199   7.086340E+01
2.200   7.176579E+01
2.200   7.094575E+01
2.202   7.200027E+01
2.203   2.548852E+02
2.204   7.096262E+01
2.205   7.097296E+01
2.206   7.106358E+01
2.207   8.043749E+01
2.208   8.124576E+01
2.209   7.140100E+01
2.209   3.231644E+04
2.211   7.276118E+01
2.212   1.314303E+02
2.212   1.822761E+02
2.214   2.149961E+02
2.215   7.127811E+01
2.216   7.128982E+01
2.216   7.129369E+01
2.218   7.134453E+01
2.219   1.567711E+02
2.220   8.685329E+01
2.220   7.323886E+01
2.222   7.153807E+01
2.223   7.215740E+01
2.224   7.154556E+01
2.225   7.157115E+01
2.225   7.159048E+01
2.227   7.161136E+01
2.228   7.164936E+01
2.228   7.165460E+01
2.230   7.169722E+01
2.231   7.193907E+01
2.232   7.219471E+01
2.232   7.179063E+01
2.234   7.180980E+01
2.235   7.182739E+01
2.236   7.184341E+01
2.236   7.187960E+01
2.238   7.509874E+01
2.239   7.193327E+01
2.240   7.196007E+01
2.241   7.200700E+01
2.241   7.205078E+01
2.243   7.211311E+01
2.244   7.215835E+01
2.244   7.269553E+01
2.245   7.224099E+01
2.247   7.725399E+01
2.248   7.904118E+01
2.248   7.955118E+01
2.250   8.666131E+01
2.251   8.374211E+01
2.252   7.383750E+01
2.252   7.245121E+01
2.254   7.248840E+01
2.255   7.246241E+01
2.256   7.245492E+01
2.257   7.271365E+01
2.257   7.247533E+01
2.259   7.246937E+01
2.260   7.246496E+01
2.260   7.247592E+01
2.261   7.273560E+01
2.263   7.252542E+01
2.264   7.254707E+01
2.264   7.256717E+01
2.266   7.259339E+01
2.267   7.327376E+01
2.268   9.801463E+01
2.268   7.259535E+01
2.270   7.260773E+01
2.270   7.260787E+01
2.272   7.412599E+01
2.273   7.308641E+01
2.273   7.264952E+01
2.275   7.466026E+01
2.276   7.270470E+01
2.276   7.272309E+01
2.277   7.320192E+01
2.279   7.660944E+01
2.280   7.664438E+01
2.280   7.269756E+01
2.282   7.271592E+01
2.283   7.270384E+01
2.284   7.275563E+01
2.284   7.677607E+01
2.286   7.278616E+01
2.286   7.300035E+01
2.288   7.278173E+01
2.289   7.438712E+01
2.289   7.276365E+01
2.291   7.598675E+01
2.292   7.277894E+01
2.292   7.280475E+01
2.293   7.282903E+01
2.295   7.283209E+01
2.296   7.283516E+01
2.296   7.281856E+01
2.298   8.008989E+01
2.299   7.686891E+01
2.300   7.282171E+01
2.300   4.289759E+02
2.302   2.499864E+02
2.302   7.442345E+01
2.304   7.594532E+01
2.305   7.291535E+01
2.305   7.293493E+01
2.307   7.297557E+01
2.308   7.372947E+01
2.308   7.449475E+01
2.309   7.299054E+01
2.311   8.160203E+01
2.312   7.298297E+01
2.312   7.406858E+01
2.314   7.303545E+01
2.315   7.302339E+01
2.316   7.361721E+01
2.317   7.305329E+01
2.318   7.509397E+01
2.318   7.305018E+01
2.320   7.307707E+01
2.321   7.414992E+01
2.321   7.304552E+01
2.323   7.299613E+01
2.324   7.302150E+01
2.325   7.297963E+01
2.325   7.303336E+01
2.327   7.305421E+01
2.328   1.196747E+02
2.329   7.313313E+01
2.330   7.312111E+01
2.331   7.309272E+01
2.332   7.335924E+01
2.333   7.518123E+01
2.334   8.545389E+01
2.334   8.744466E+01
2.336   7.322021E+01
2.337   7.304918E+01
2.337   7.551806E+01
2.339   7.320498E+01
2.340   7.705353E+01
2.341   7.302225E+01
2.341   7.807029E+01
2.343   7.462311E+01
2.344   7.299841E+01
2.345   7.302800E+01
2.345   7.301907E+01
2.347   7.302939E+01
2.348   7.301307E+01
2.349   7.303521E+01
2.350   7.333666E+01
2.350   7.302182E+01
2.352   7.303802E+01
2.353   7.306159E+01
2.353   7.404564E+01
2.355   2.281069E+02
2.356   7.308794E+01
2.357   7.331185E+01
2.357   7.307602E+01
2.359   7.305976E+01
2.360   1.530098E+02
2.361   7.475429E+01
2.361   7.338307E+01
2.363   2.170312E+02
2.364   7.303008E+01
2.365   7.300654E+01
2.366   7.299182E+01
2.366   7.291842E+01
2.368   7.285829E+01
2.369   7.279967E+01
2.369   7.275723E+01
2.370   7.272653E+01
2.372   7.269587E+01
2.373   7.264473E+01
2.373   7.263461E+01
2.375   7.258793E+01
2.376   7.256322E+01
2.377   7.253854E+01
2.377   1.638715E+02
2.379   7.248630E+01
2.380   7.246021E+01
2.381   7.243415E+01
2.382   7.238770E+01
2.382   7.238209E+01
2.384   7.236192E+01
2.385   7.232138E+01
2.385   7.259384E+01
2.386   7.228260E+01
2.388   7.226250E+01
2.389   7.226423E+01
2.389   7.220493E+01
2.391   7.220523E+01
2.392   7.218665E+01
2.393   7.216373E+01
2.393   7.215825E+01
2.395   7.211506E+01
2.395   7.208930E+01
2.397   7.206357E+01
2.398   7.201468E+01
2.398   7.200348E+01
2.400   7.197347E+01
2.401   7.212141E+01
2.402   7.190196E+01
2.402   7.190961E+01
2.404   7.189703E+01
2.405   7.188446E+01
2.405   7.187046E+01
2.407   7.183049E+01
2.408   7.182806E+01
2.409   7.180545E+01
2.409   7.178285E+01
2.411   7.175883E+01
2.412   7.172908E+01
2.413   7.290263E+01
2.414   7.166964E+01
2.415   7.165865E+01
2.416   7.159448E+01
2.417   7.161371E+01
2.418   7.182109E+01
2.418   7.171530E+01
2.420   7.155362E+01
2.421   3.042179E+02
2.421   7.149882E+01
2.423   7.169435E+01
2.424   7.144125E+01
2.425   7.208493E+01
2.425   7.138377E+01
2.427   7.135579E+01
2.428   7.132782E+01
2.429   5.392996E+02
2.430   1.136941E+02
2.431   7.127836E+01
2.432   7.124047E+01
2.433   7.122261E+01
2.434   7.122616E+01
2.434   7.314812E+01
2.436   7.525814E+01
2.437   7.181541E+01
2.438   7.184578E+01
2.439   7.104594E+01
2.440   7.106663E+01
2.441   7.096495E+01
2.442   1.646675E+02
2.443   7.381983E+01
2.444   7.122314E+01
2.445   7.084883E+01
2.446   7.081276E+01
2.447   7.079800E+01
2.448   7.074212E+01
2.449   7.072741E+01
2.450   7.268601E+01
2.450   2.607319E+02
2.452   7.063094E+01
2.453   7.059931E+01
2.454   7.059177E+01
2.455   7.585686E+01
2.456   7.057669E+01
2.457   7.138196E+01
2.458   7.054186E+01
2.459   7.049622E+01
2.460   7.048027E+01
2.461   7.396849E+01
2.462   7.040889E+01
2.463   7.039440E+01
2.464   7.034609E+01
2.465   7.198295E+01
2.466   7.032565E+01
2.466   7.150364E+01
2.468   7.030523E+01
2.469   7.436881E+01
2.470   7.025251E+01
2.470   7.022408E+01
2.472   7.021814E+01
2.473   7.017430E+01
2.474   8.755781E+01
2.475   7.187869E+01
2.476   9.087462E+01
2.477   1.094037E+02
2.478   8.375413E+03
2.479   4.226436E+03
2.480   7.694341E+01
2.481   1.472677E+02
2.482   8.983630E+01
2.482   7.381513E+01
2.484   9.892071E+01
2.485   8.819881E+01
2.486   2.299014E+02
2.486   7.435134E+01
2.488   7.253046E+01
2.489   7.397484E+01
2.490   3.442422E+02
2.491   7.215308E+01
2.492   9.327356E+01
2.493   7.764826E+01
2.494   6.929503E+01
2.495   6.928256E+01
2.495   6.925897E+01
2.497   6.927713E+01
2.498   6.925078E+01
2.498   6.924391E+01
2.500   3.461575E+02
2.501   6.946627E+01
2.502   9.915978E+01
2.502   8.300484E+01
2.504   6.905430E+01
2.505   6.901841E+01
2.506   4.166893E+02
2.507   6.917530E+01
2.508   8.635397E+01
2.509   7.023032E+01
2.510   6.910505E+01
2.511   6.893230E+01
2.511   6.964731E+01
2.513   6.890507E+01
2.514   6.980879E+01
2.514   7.614032E+01
2.516   6.884222E+01
2.517   3.998274E+02
2.518   9.137509E+01
2.518   6.881260E+01
2.520   7.315285E+01
2.521   6.875800E+01
2.522   8.250470E+01
2.523   6.871175E+01
2.524   6.870516E+01
2.525   6.867932E+01
2.526   6.889686E+01
2.527   6.867993E+01
2.527   6.867474E+01
2.529   8.809225E+01
2.530   6.806996E+01
2.530   6.733087E+01
2.532   6.672131E+01
2.533   6.614240E+01
2.534   6.616700E+01
2.534   6.556547E+01
2.536   1.559332E+02
2.537   6.548366E+01
2.538   6.546743E+01
2.539   6.541428E+01
2.540   6.542544E+01
2.541   8.826115E+01
2.542   7.753388E+01
2.543   7.442499E+01
2.543   9.580768E+01
2.545   6.537876E+01
2.546   6.533534E+01
2.546   6.534241E+01
2.548   6.761762E+01
2.549   6.528432E+01
2.550   6.593971E+01
2.550   6.524674E+01
2.552   1.393047E+02
2.553   6.668117E+01
2.554   6.657618E+01
2.555   1.079771E+02
2.556   6.547237E+01
2.557   7.917748E+01
2.558   6.514419E+01
2.559   1.288395E+02
2.559   6.510143E+01
2.561   6.508414E+01
2.562   6.504653E+01
2.562   6.503876E+01
2.564   6.497953E+01
2.565   6.499210E+01
2.566   1.044660E+02
2.567   8.175758E+01
2.568   6.498378E+01
2.569   2.160100E+02
2.570   6.498320E+01
2.571   6.496873E+01
2.572   6.558488E+01
2.573   1.032882E+02
2.574   6.494292E+01
2.575   6.489341E+01
2.575   6.489383E+01
2.577   9.311290E+01
2.578   6.579865E+01
2.579   6.480756E+01
2.580   6.477840E+01
2.581   6.476944E+01
2.582   6.471476E+01
2.583   6.471525E+01
2.584   7.656239E+01
2.585   1.338353E+02
2.586   6.886399E+01
2.587   6.487561E+01
2.588   6.612812E+01
2.589   6.669416E+01
2.590   6.465697E+01
2.591   6.480761E+01
2.591   6.463521E+01
2.593   6.690200E+01
2.594   6.497900E+01
2.595   6.454709E+01
2.595   8.799093E+01
2.597   6.449871E+01
2.598   6.443511E+01
2.599   6.442768E+01
2.600   2.005436E+02
2.601   6.437413E+01
2.602   6.434671E+01
2.603   6.433133E+01
2.604   6.431462E+01
2.605   6.427793E+01
2.606   6.430390E+01
2.607   6.446041E+01
2.607   6.426257E+01
2.609   6.423527E+01
2.610   6.420666E+01
2.611   6.416611E+01
2.611   6.654157E+01
2.613   6.409838E+01
2.614   6.404861E+01
2.615   8.657320E+01
2.616   6.398901E+01
2.617   6.398048E+01
2.618   6.396267E+01
2.619   6.484132E+01
2.620   6.390455E+01
2.620   6.387354E+01
2.622   6.386507E+01
2.623   6.381424E+01
2.623   6.380579E+01
2.625   6.376428E+01
2.626   6.375719E+01
2.627   6.372895E+01
2.627   6.369941E+01
2.629   3.452859E+02
2.630   6.364171E+01
2.631   6.365052E+01
2.632   6.691731E+01
2.633   6.360744E+01
2.634   6.360307E+01
2.635   6.430913E+01
2.636   4.803007E+02
2.636   7.068493E+01
2.638   7.258161E+01
2.639   6.867437E+01
2.639   6.350848E+01
2.641   6.345944E+01
2.642   6.345382E+01
2.643   6.342849E+01
2.643   6.340318E+01
2.645   1.609822E+02
2.646   1.628246E+02
2.647   6.335755E+01
2.648   6.332313E+01
2.649   6.808075E+01
2.650   6.328057E+01
2.651   6.329076E+01
2.652   6.583895E+01
2.652   6.324566E+01
2.654   6.322313E+01
2.655   6.317708E+01
2.655   6.317290E+01
2.657   6.311513E+01
2.658   6.310053E+01
2.659   6.307810E+01
2.659   6.305699E+01
2.661   6.734819E+01
2.662   6.302918E+01
2.663   6.303029E+01
2.664   6.501954E+01
2.665   1.587053E+02
2.666   6.564165E+01
2.667   6.461041E+01
2.668   6.290824E+01
2.668   6.287555E+01
2.670   6.285330E+01
2.671   7.318653E+01
2.671   6.503800E+01
2.673   6.280093E+01
2.674   6.281251E+01
2.675   1.069430E+02
2.675   6.277205E+01
2.677   6.274081E+01
2.678   6.273035E+01
2.679   7.329334E+01
2.680   6.265501E+01
2.681   9.017127E+01
2.682   6.260310E+01
2.683   6.260824E+01
2.684   6.257974E+01
2.684   6.256419E+01
2.686   7.687145E+01
2.687   8.982770E+01
2.688   6.253053E+01
2.689   6.248273E+01
2.690   6.251114E+01
2.691   7.514243E+01
2.692   6.306976E+01
2.693   6.247502E+01
2.694   6.245827E+01
2.695   6.242092E+01
2.696   6.480545E+01
2.697   6.237719E+01
2.698   8.141468E+01
2.699   6.725681E+02
2.700   3.664458E+02
2.700   6.318232E+01
2.702   6.850604E+01
2.703   6.682833E+01
2.704   1.001804E+02
2.705   6.210280E+01
2.706   6.210167E+01
2.707   6.205948E+01
2.708   1.171219E+02
2.709   6.202006E+01
2.710   6.199974E+01
2.711   6.197942E+01
2.712   6.193736E+01
2.713   1.253831E+02
2.714   9.319907E+01
2.715   6.189961E+01
2.716   6.185635E+01
2.716   6.184381E+01
2.718   6.182105E+01
2.719   6.178681E+01
2.720   6.177431E+01
2.720   1.134465E+02
2.722   1.229130E+02
2.723   8.704176E+01
2.724   6.168740E+01
2.725   6.164819E+01
2.726   6.163195E+01
2.727   6.162590E+01
2.728   6.159694E+01
2.729   6.159218E+01
2.730   6.155689E+01
2.731   6.156487E+01
2.732   6.152962E+01
2.732   6.152743E+01
2.734   6.151382E+01
2.735   1.168861E+02
2.736   6.404189E+01
2.736   6.143496E+01
2.738   6.143027E+01
2.739   6.136980E+01
2.740   6.137529E+01
2.741   6.131488E+01
2.742   1.205775E+03
2.743   6.381512E+01
2.744   9.563527E+01
2.745   9.582563E+01
2.745   6.354176E+01
2.747   6.290544E+01
2.748   1.875418E+03
2.748   6.111872E+01
2.750   6.889884E+01
2.751   1.682740E+02
2.752   6.326312E+01
2.752   6.136421E+01
2.754   6.164963E+01
2.755   6.089104E+01
2.756   6.088155E+01
2.757   6.246308E+01
2.758   6.178561E+01
2.759   6.078764E+01
2.760   6.107643E+01
2.761   6.100902E+01
2.761   6.069520E+01
2.763   2.833864E+02
2.764   6.066007E+01
2.764   4.470109E+02
2.766   6.061494E+01
2.767   6.060182E+01
2.768   7.084094E+01
2.768   6.055428E+01
2.770   6.053116E+01
2.771   8.506247E+01
2.772   6.064660E+01
2.773   6.046065E+01
2.774   7.214001E+01
2.775   9.064813E+01
2.776   6.039405E+01
2.777   6.061742E+01
2.777   6.035681E+01
2.779   6.032009E+01
2.780   7.962121E+01
2.780   6.026671E+01
2.782   6.257081E+01
2.783   6.368769E+01
2.784   6.247345E+01
2.784   6.012153E+01
2.786   9.754040E+01
2.787   6.164604E+01
2.788   6.021752E+01
2.789   6.004276E+01
2.790   2.221496E+02
2.791   1.394066E+02
2.792   1.345551E+02
2.793   7.292622E+01
2.793   6.222371E+01
2.795   6.024188E+01
2.796   5.993961E+01
2.796   6.036395E+01
2.798   6.022072E+01
2.799   8.684315E+01
2.800   5.986761E+01
2.800   5.987227E+01
2.802   1.172018E+02
2.803   6.028427E+01
2.804   5.979953E+01
2.805   5.976335E+01
2.806   5.974948E+01
2.807   6.199611E+01
2.808   7.070360E+01
2.809   6.031498E+01
2.809   5.960385E+01
2.811   6.002619E+01
2.812   5.982452E+01
2.812   5.995264E+01
2.814   6.230098E+01
2.815   5.944244E+01
2.816   8.262130E+01
2.817   5.939653E+01
2.818   5.985980E+01
2.819   5.937533E+01
2.820   6.097255E+01
2.821   5.933199E+01
2.822   5.933804E+01
2.823   5.929241E+01
2.824   6.257226E+01
2.825   5.925535E+01
2.825   6.306625E+01
2.827   5.921833E+01
2.828   5.920476E+01
2.829   5.918382E+01
2.830   5.997042E+01
2.831   6.024979E+01
2.832   5.942157E+01
2.833   5.912476E+01
2.834   5.385515E+02
2.835   6.629860E+01
2.836   5.978351E+01
2.837   6.186804E+01
2.838   6.482119E+01
2.839   8.119092E+02
2.840   5.890197E+01
2.841   5.883233E+01
2.841   5.882018E+01
2.843   5.879704E+01
2.844   5.877392E+01
2.845   5.876181E+01
2.845   6.069488E+01
2.847   2.744992E+03
2.848   5.869136E+01
2.849   5.869148E+01
2.850   5.865748E+01
2.851   5.864665E+01
2.852   5.863582E+01
2.853   6.987306E+01
2.854   5.860324E+01
2.855   6.317853E+01
2.856   5.855368E+01
2.857   5.847848E+01
2.857   5.847260E+01
2.859   5.842056E+01
2.860   5.839042E+01
2.861   5.836272E+01
2.861   5.832170E+01
2.863   5.831952E+01
2.864   5.828217E+01
2.865   5.828001E+01
2.866   5.824271E+01
2.867   5.822844E+01
2.868   5.821419E+01
2.869   5.819027E+01
2.870   5.817846E+01
2.870   5.814368E+01
2.872   5.814278E+01
2.873   9.040719E+01
2.873   1.539897E+02
2.875   6.004993E+01
2.876   5.815246E+01
2.877   5.817933E+01
2.877   5.820617E+01
2.879   1.613220E+03
2.880   5.940662E+01
2.881   5.938600E+01
2.882   6.194906E+01
2.883   6.117948E+01
2.884   6.549110E+01
2.885   5.966720E+01
2.886   6.170674E+01
2.886   7.827209E+01
2.888   6.012472E+01
2.889   5.787752E+01
2.889   1.090213E+02
2.891   5.930668E+01
2.892   7.856187E+01
2.893   7.564993E+01
2.893   5.871476E+01
2.895   5.774675E+01
2.896   6.384175E+01
2.897   6.170737E+01
2.898   5.766539E+01
2.899   5.764669E+01
2.900   5.957529E+01
2.901   6.363712E+01
2.902   5.758230E+01
2.902   5.822404E+01
2.904   5.754622E+01
2.905   5.752282E+01
2.905   9.175984E+01
2.907   5.796590E+01
2.908   5.747541E+01
2.909   1.963103E+02
2.909   5.780588E+01
2.911   5.741021E+01
2.912   5.737975E+01
2.913   5.750551E+01
2.914   5.734275E+01
2.915   5.756374E+01
2.916   5.768454E+01
2.917   6.500010E+01
2.918   5.764023E+01
2.918   5.962409E+01
2.920   6.188253E+01
2.921   5.807088E+01
2.921   5.755181E+01
2.923   5.979557E+01
2.924   6.728649E+01
2.925   5.840109E+01
2.925   1.978164E+02
2.927   5.756145E+01
2.928   5.691195E+01
2.929   5.807350E+01
2.930   5.906713E+01
2.931   5.865951E+01
2.932   5.678573E+01
2.933   5.677821E+01
2.934   5.675885E+01
2.934   5.731578E+01
2.936   5.671545E+01
2.937   6.791096E+01
2.938   5.671703E+01
2.939   6.967510E+01
2.940   5.671860E+01
2.941   6.315406E+01
2.942   6.167115E+01
2.943   5.668320E+01
2.944   1.498439E+02
2.945   6.065663E+01
2.946   5.697795E+01
2.947   5.654732E+01
2.948   5.724677E+01
2.949   6.060261E+01
2.950   5.832755E+01
2.950   2.338596E+02
2.952   7.648598E+01
2.953   5.712865E+01
2.954   8.076426E+02
2.955   5.641301E+01
2.956   9.982755E+01
2.957   6.146044E+01
2.958   9.171156E+01
2.959   6.187194E+01
2.960   6.371308E+01
2.961   5.791730E+01
2.962   5.761986E+01
2.963   8.216339E+01
2.964   6.997080E+01
2.965   1.280148E+02
2.966   7.541413E+01
2.966   6.003121E+01
2.968   5.952186E+01
2.969   5.670844E+01
2.970   6.042310E+01
2.970   5.613955E+01
2.972   5.682413E+01
2.973   5.777694E+01
2.974   5.590307E+01
2.975   5.587493E+01
2.976   5.639998E+01
2.977   5.588289E+01
2.978   9.715403E+01
2.979   5.729449E+01
2.980   6.600203E+01
2.981   5.891156E+01
2.982   6.332680E+01
2.982   7.729301E+01
2.984   5.605205E+01
2.985   6.160635E+01
2.986   5.598892E+01
2.986   5.560392E+01
2.988   5.559460E+01
2.989   5.831466E+01
2.990   8.313923E+01
2.991   5.807129E+01
2.992   5.549705E+01
2.993   6.847582E+01
2.994   5.545649E+01
2.995   5.562119E+01
2.995   5.800798E+01
2.997   7.358637E+01
2.998   5.583891E+01
2.998   5.682548E+01
3.000   5.536408E+01
3.001   6.731072E+01
3.002   5.666225E+01
3.002   5.526944E+01
3.004   5.530422E+01
3.005   5.557822E+01
3.006   5.522699E+01
3.007   5.587388E+01
3.008   5.518333E+01
3.009   5.898539E+01
3.010   9.116304E+01
3.011   5.512834E+01
3.011   1.129943E+02
3.013   5.511249E+01
3.014   1.122521E+02
3.014   5.507016E+01
3.016   5.562766E+01
3.017   5.695605E+01
3.018   5.703154E+01
3.018   5.716105E+01
3.020   5.492262E+01
3.021   5.491364E+01
3.022   5.486788E+01
3.023   8.015668E+01
3.024   5.481436E+01
3.025   5.479279E+01
3.026   5.477239E+01
3.027   6.307247E+01
3.027   5.472932E+01
3.029   5.605504E+01
3.030   5.467714E+01
3.030   5.475191E+01
3.032   5.463878E+01
3.033   5.463107E+01
3.034   5.461077E+01
3.034   5.595908E+01
3.036   5.457136E+01
3.037   5.453166E+01
3.038   5.452628E+01
3.039   5.642139E+01
3.040   5.446527E+01
3.041   5.945183E+01
3.042   5.494092E+01
3.043   2.406663E+03
3.043   5.433550E+01
3.045   5.433020E+01
3.046   5.428727E+01
3.046   1.239764E+03
3.048   5.755029E+02
3.049   5.425663E+01
3.050   5.423884E+01
3.050   6.165308E+01
3.052   5.420215E+01
3.053   6.741539E+02
3.054   5.416551E+01
3.055   5.413414E+01
3.056   5.414029E+01
3.057   5.409758E+01
3.058   5.410260E+01
3.059   5.407015E+01
3.059   5.416257E+01
3.061   5.408928E+01
3.062   5.400015E+01
3.062   5.400180E+01
3.064   5.395357E+01
3.065   5.414445E+01
3.066   5.390591E+01
3.067   5.390644E+01
3.068   5.386849E+01
3.069   5.385547E+01
3.070   5.381756E+01
3.071   5.379325E+01
3.072   5.379156E+01
3.073   5.374241E+01
3.074   5.372831E+01
3.075   5.371761E+01
3.075   5.368095E+01
3.077   5.370752E+01
3.078   5.363253E+01
3.079   5.362074E+01
3.080   5.359657E+01
3.081   5.358480E+01
3.082   5.353586E+01
3.083   5.353652E+01
3.084   5.350001E+01
3.085   5.348830E+01
3.086   5.346421E+01
3.087   5.342776E+01
3.088   5.362752E+01
3.089   5.339204E+01
3.090   5.339274E+01
3.091   5.334288E+01
3.091   1.027447E+02
3.093   5.330614E+01
3.094   5.328217E+01
3.095   5.326944E+01
3.095   5.502461E+01
3.097   5.327765E+01
3.098   5.319318E+01
3.099   5.318834E+01
3.100   5.318463E+01
3.101   5.316747E+01
3.102   5.378514E+02
3.103   2.927793E+02
3.104   5.333985E+01
3.105   5.309673E+01
3.106   5.309194E+01
3.107   5.303908E+01
3.107   5.358854E+01
3.109   5.299378E+01
3.110   5.297674E+01
3.111   5.294854E+01
3.111   5.290697E+01
3.113   5.291675E+01
3.114   5.286630E+01
3.115   5.285378E+01
3.116   5.282901E+01
3.117   5.280315E+01
3.118   5.294883E+01
3.119   5.282051E+01
3.120   5.274012E+01
3.120   5.321507E+01
3.122   5.271301E+01
3.123   5.288073E+01
3.123   5.295829E+01
3.125   5.267017E+01
3.126   5.263888E+01
3.127   5.378044E+01
3.127   6.610515E+01
3.129   5.274934E+01
3.130   5.271584E+01
3.131   5.336564E+01
3.132   5.491986E+01
3.133   5.272633E+01
3.134   5.251557E+01
3.135   5.302392E+01
3.136   5.248540E+01
3.136   5.345398E+01
3.138   5.244198E+01
3.139   5.240093E+01
3.139   5.276361E+01
3.141   5.417978E+01
3.142   5.276760E+01
3.143   5.229997E+01
3.143   5.229549E+01
3.145   5.540066E+01
3.146   5.227769E+01
3.147   5.770945E+01
3.148   5.473998E+01
3.149   5.433769E+01
3.150   5.428295E+01
3.151   5.221677E+01
3.152   5.223105E+01
3.152   5.283572E+01
3.154   5.903263E+01
3.155   2.956255E+02
3.155   5.299457E+01
3.157   5.200530E+01
3.158   5.514727E+01
3.159   5.236046E+01
3.159   2.830792E+02
3.161   5.196805E+01
3.162   5.189999E+01
3.163   5.697718E+01
3.164   5.183864E+01
3.165   5.443713E+01
3.166   5.616958E+01
3.167   5.177089E+01
3.168   5.283217E+01
3.168   5.286043E+01
3.170   5.603514E+01
3.171   5.168586E+01
3.171   5.168817E+01
3.173   5.672972E+01
3.174   5.309008E+01
3.175   5.762922E+01
3.175   5.209436E+01
3.177   5.755249E+01
3.178   5.183099E+01
3.179   5.235545E+01
3.180   5.151443E+01
3.181   5.149933E+01
3.182   5.193390E+01
3.183   5.510577E+01
3.184   5.143007E+01
3.184   5.227971E+01
3.186   5.142067E+01
3.187   5.360905E+01
3.188   6.751238E+01
3.189   5.129824E+01
3.190   5.387000E+01
3.191   5.800847E+01
3.192   5.124893E+01
3.193   5.122200E+01
3.194   5.119726E+01
3.195   7.585062E+01
3.196   6.097121E+01
3.197   5.172387E+01
3.198   5.111150E+01
3.199   5.773419E+01
3.200   5.191740E+01
3.201   5.107552E+01
3.202   6.013241E+01
3.203   5.101869E+01
3.204   9.750932E+01
3.205   5.143546E+01
3.206   5.121034E+01
3.207   5.097020E+01
3.208   5.097272E+01
3.209   5.092544E+01
3.210   6.247634E+01
3.210   5.090129E+01
3.212   5.458221E+01
3.213   6.131548E+01
3.213   5.209643E+01
3.215   5.080230E+01
3.216   5.120010E+01
3.216   5.072753E+01
3.217   5.073875E+01
3.219   5.068846E+01
3.220   1.007522E+03
3.220   5.065374E+01
3.222   5.604685E+01
3.223   5.069666E+01
3.224   5.063138E+01
3.224   1.709122E+03
3.226   5.064197E+01
3.227   5.055309E+01
3.228   5.225346E+01
3.228   5.052285E+01
3.230   5.048140E+01
3.231   5.049157E+01
3.232   5.043834E+01
3.233   5.043562E+01
3.234   5.039425E+01
3.235   1.328953E+02
3.236   5.968940E+01
3.237   5.033252E+01
3.238   5.032877E+01
3.239   5.062525E+01
3.240   5.041775E+01
3.241   5.025325E+01
3.242   2.001068E+03
3.242   5.084230E+01
3.244   5.018428E+01
3.245   5.044387E+01
3.245   5.014694E+01
3.247   5.014754E+01
3.248   5.011071E+01
3.248   5.011025E+01
3.249   5.007346E+01
3.251   5.748787E+01
3.252   5.003518E+01
3.252   5.094115E+01
3.253   5.002150E+01
3.255   4.998266E+01
3.256   5.074487E+01
3.256   3.549078E+03
3.258   4.367829E+02
3.259   4.991810E+01
3.260   4.989107E+01
3.260   5.004191E+01
3.262   5.847469E+01
3.263   4.984093E+01
3.264   5.691413E+01
3.265   4.979551E+01
3.266   5.123281E+01
3.267   7.605712E+01
3.268   5.199636E+01
3.269   5.068222E+01
3.270   5.066990E+01
3.271   4.966487E+01
3.272   4.966349E+01
3.273   4.962391E+01
3.274   4.962254E+01
3.274   5.037726E+01
3.276   7.034083E+01
3.277   4.955379E+01
3.277   4.952383E+01
3.278   4.951932E+01
3.280   4.948940E+01
3.280   7.890486E+01
3.281   6.638056E+01
3.283   4.943782E+01
3.284   4.983626E+01
3.284   4.937811E+01
3.285   4.937577E+01
3.287   4.933856E+01
3.288   4.951578E+01
3.288   3.484026E+02
3.290   5.835276E+01
3.291   5.015446E+01
3.292   4.971935E+01
3.292   5.858540E+01
3.294   5.058322E+01
3.295   6.788618E+01
3.296   4.919117E+01
3.297   4.919415E+01
3.298   6.526026E+02
3.299   4.984333E+01
3.300   5.098166E+01
3.301   1.141619E+02
3.302   4.916067E+01
3.303   4.933399E+01
3.303   4.925494E+01
3.305   6.708178E+01
3.306   4.925245E+01
3.306   4.959146E+01
3.308   4.954812E+01
3.309   4.911333E+01
3.309   5.031769E+01
3.310   6.053249E+01
3.312   4.893881E+01
3.312   4.898589E+01
3.313   5.054619E+01
3.315   4.902757E+01
3.316   4.882740E+01
3.317   4.880535E+01
3.317   4.879692E+01
3.319   4.882198E+01
3.320   4.958554E+01
3.321   4.871100E+01
3.322   4.884270E+01
3.323   1.690272E+02
3.324   4.962408E+01
3.325   4.876520E+01
3.326   4.875367E+01
3.327   1.012391E+02
3.328   4.869306E+01
3.329   4.897471E+01
3.330   4.901527E+01
3.331   4.858664E+01
3.332   2.917284E+02
3.333   4.879922E+01
3.334   4.851062E+01
3.335   4.849399E+01
3.335   4.848987E+01
3.337   4.908624E+01
3.338   4.867097E+01
3.338   9.814800E+02
3.340   4.861271E+01
3.341   4.836323E+01
3.341   4.852438E+01
3.342   8.964689E+01
3.344   5.130465E+01
3.345   5.191641E+01
3.345   5.032530E+01
3.347   4.855668E+01
3.348   4.863450E+01
3.349   4.874960E+01
3.349   4.821151E+01
3.351   4.938275E+01
3.352   4.823040E+01
3.353   4.951487E+01
3.353   4.893267E+01
3.355   1.944012E+03
3.356   4.847198E+01
3.357   4.901411E+01
3.358   4.816386E+01
3.359   5.165657E+01
3.360   1.023335E+02
3.361   4.808883E+01
3.362   4.803114E+01
3.363   4.804784E+01
3.364   4.829887E+01
3.365   4.801308E+01
3.366   4.812263E+01
3.367   5.180715E+01
3.367   4.803630E+01
3.369   5.373500E+01
3.370   4.967933E+01
3.370   5.845869E+01
3.372   5.387875E+01
3.373   6.192165E+01
3.373   1.636619E+04
3.374   5.028796E+01
3.376   5.371409E+01
3.377   1.053087E+02
3.377   5.907982E+01
3.378   5.600875E+01
3.380   4.824385E+01
3.381   1.934504E+02
3.381   9.937472E+01
3.383   6.669184E+01
3.384   4.808009E+01
3.385   5.497274E+01
3.385   4.010786E+02
3.387   5.047479E+01
3.388   4.893255E+01
3.389   5.691331E+01
3.390   4.765485E+01
3.391   5.970027E+01
3.392   5.112425E+01
3.393   4.940086E+01
3.394   4.750864E+01
3.395   1.729505E+02
3.396   5.166841E+02
3.397   1.414523E+02
3.398   5.212653E+01
3.399   4.795677E+01
3.399   4.752387E+01
3.401   4.929792E+01
3.402   4.734586E+01
3.402   5.261633E+01
3.403   4.733640E+01
3.405   4.731434E+01
3.405   4.896349E+01
3.406   4.729777E+01
3.408   4.773431E+01
3.409   5.026209E+01
3.409   4.725921E+01
3.410   4.726368E+01
3.412   5.252231E+01
3.413   4.725938E+01
3.413   6.060926E+01
3.415   4.800866E+01
3.416   4.735817E+01
3.417   4.748660E+01
3.417   4.878445E+01
3.419   4.746288E+01
3.420   4.799634E+01
3.421   4.714073E+01
3.422   4.714420E+01
3.423   4.719130E+01
3.424   4.712579E+01
3.425   4.710290E+01
3.426   4.733954E+01
3.427   4.711899E+01
3.428   4.707485E+01
3.428   7.105149E+01
3.430   4.704233E+01
3.431   4.982335E+01
3.431   4.702807E+01
3.433   4.701032E+01
3.434   4.699258E+01
3.434   4.696070E+01
3.435   4.962045E+01
3.437   4.703341E+01
3.438   5.386555E+01
3.438   4.688992E+01
3.440   4.698431E+01
3.441   4.692826E+01
3.442   4.693279E+01
3.442   4.685561E+01
3.444   4.683393E+01
3.445   4.683747E+01
3.446   4.681481E+01
3.447   4.681735E+01
3.448   4.679369E+01
3.449   4.679623E+01
3.450   4.677260E+01
3.451   4.683050E+01
3.452   4.673343E+01
3.453   4.986694E+01
3.454   4.561442E+02
3.455   4.670792E+01
3.456   4.670847E+01
3.457   4.666884E+01
3.458   4.910385E+01
3.459   4.763684E+01
3.460   4.664142E+01
3.460   4.663797E+01
3.462   4.675491E+01
3.463   4.660502E+01
3.463   5.594556E+01
3.465   4.801839E+01
3.466   4.652760E+01
3.466   4.652419E+01
3.467   4.650777E+01
3.469   4.649036E+01
3.470   1.712936E+02
3.470   5.516035E+01
3.472   4.666124E+01
3.473   4.707879E+01
3.474   4.646142E+01
3.474   5.058956E+01
3.476   4.644468E+01
3.477   4.662010E+01
3.478   4.854385E+01
3.478   4.641860E+01
3.480   4.669267E+01
3.481   4.644281E+01
3.482   4.635267E+01
3.483   4.634833E+01
3.484   4.631609E+01
3.485   4.631974E+01
3.486   4.630744E+01
3.487   4.659992E+01
3.488   5.941183E+01
3.489   4.622681E+01
3.490   5.037707E+01
3.491   4.620331E+01
3.492   4.626566E+01
3.492   4.620767E+01
3.494   4.824797E+01
3.495   5.068756E+01
3.495   4.614516E+01
3.497   5.211943E+01
3.498   1.618208E+02
3.498   4.613736E+01
3.499   5.307892E+01
3.501   4.612587E+01
3.502   4.608493E+01
3.502   4.967951E+01
3.503   4.650265E+01
3.505   4.606728E+01
3.506   4.606603E+01
3.506   4.954362E+01
3.508   4.602194E+01
3.509   4.608701E+01
3.510   4.602342E+01
3.510   5.666543E+01
3.512   7.280938E+01
3.513   4.598114E+01
3.514   5.042136E+01
3.515   5.689043E+01
3.516   4.593598E+01
3.517   5.009791E+01
3.518   4.596415E+01
3.519   4.590076E+01
3.520   4.590054E+01
3.521   1.497955E+02
3.522   4.588532E+01
3.523   4.584272E+01
3.524   6.710666E+01
3.524   4.882656E+01
3.526   4.582735E+01
3.527   4.707571E+01
3.527   3.197571E+02
3.528   1.051023E+02
3.530   4.605285E+01
3.530   4.621586E+01
3.531   6.757902E+01
3.533   4.570410E+01
3.534   4.596338E+01
3.534   4.565368E+01
3.535   4.638819E+01
3.537   8.077221E+01
3.538   4.619214E+01
3.538   4.607605E+01
3.540   8.393924E+01
3.541   4.556454E+01
3.542   4.556344E+01
3.542   4.577015E+01
3.544   4.552009E+01
3.545   6.632407E+01
3.546   4.550420E+01
3.547   4.696297E+01
3.548   4.599635E+01
3.549   4.548628E+01
3.550   4.550868E+01
3.551   4.546164E+01
3.552   4.543515E+01
3.553   4.542236E+01
3.553   4.542326E+01
3.555   4.539680E+01
3.556   6.246042E+01
3.556   4.588679E+01
3.558   4.538585E+01
3.559   4.535455E+01
3.559   4.532035E+01
3.560   4.531250E+01
3.562   9.615892E+01
3.562   4.604149E+01
3.563   1.920423E+02
3.565   4.532010E+01
3.566   4.701170E+01
3.567   4.196199E+03
3.567   4.506785E+01
3.569   4.747331E+01
3.570   4.501244E+01
3.571   4.536453E+01
3.572   4.498140E+01
3.573   4.495229E+01
3.574   2.342019E+02
3.575   4.612298E+01
3.576   4.539627E+01
3.577   4.654283E+01
3.578   4.488655E+01
3.579   4.489730E+01
3.580   5.259012E+01
3.581   4.486155E+01
3.582   4.588837E+01
3.583   4.707164E+01
3.584   4.479298E+01
3.585   4.585481E+01
3.585   5.291565E+01
3.587   4.475261E+01
3.588   5.663393E+01
3.588   4.642880E+01
3.590   4.472391E+01
3.591   4.467664E+01
3.591   4.467097E+01
3.592   4.622728E+01
3.594   4.463161E+01
3.595   4.464721E+01
3.595   1.388964E+02
3.597   4.460018E+01
3.598   4.462735E+01
3.599   6.642403E+01
3.599   4.454178E+01
3.601   5.191305E+01
3.602   4.868606E+01
3.603   4.449698E+01
3.603   4.866579E+01
3.605   5.637453E+01
3.606   4.460442E+01
3.607   5.033238E+01
3.608   4.446707E+01
3.609   4.442492E+01
3.610   4.448957E+01
3.611   4.442147E+01
3.612   4.438513E+01
3.613   4.921644E+01
3.614   4.689652E+01
3.615   4.434445E+01
3.616   4.430817E+01
3.617   4.692771E+01
3.617   4.681203E+01
3.619   4.423977E+01
3.620   5.304600E+01
3.620   4.420766E+01
3.622   5.343188E+01
3.623   4.417367E+01
3.623   4.439626E+01
3.624   4.415504E+01
3.626   1.497672E+02
3.627   4.414984E+01
3.627   7.177241E+01
3.628   4.588061E+01
3.630   4.410091E+01
3.631   4.409832E+01
3.631   5.850938E+01
3.633   4.426141E+01
3.634   1.721823E+02
3.635   8.008853E+01
3.635   4.549331E+01
3.637   4.844283E+01
3.638   4.408506E+01
3.639   4.409012E+01
3.640   2.360514E+03
3.641   4.401439E+01
3.642   4.394700E+01
3.643   4.848982E+01
3.644   4.887393E+01
3.645   4.393178E+01
3.646   4.439790E+01
3.647   4.389245E+01
3.648   4.503234E+01
3.649   5.404436E+01
3.649   4.499814E+01
3.651   4.594559E+01
3.652   6.971733E+01
3.652   4.437555E+01
3.653   4.381786E+01
3.655   4.512091E+01
3.655   2.942074E+02
3.656   3.106794E+02
3.658   5.221765E+02
3.659   4.369628E+01
3.659   4.796282E+01
3.660   4.370371E+01
3.662   4.612431E+01
3.663   4.386946E+01
3.663   4.365086E+01
3.665   5.416563E+01
3.666   5.015504E+01
3.667   5.830032E+01
3.667   9.911164E+01
3.669   5.858942E+01
3.670   6.383671E+01
3.671   4.355532E+01
3.672   8.794662E+01
3.673   4.586230E+01
3.674   4.599065E+01
3.675   3.123138E+02
3.676   4.371714E+01
3.677   5.271850E+01
3.678   4.461871E+01
3.678   4.344926E+01
3.680   4.374983E+01
3.681   1.882395E+02
3.681   4.339216E+01
3.683   4.342753E+01
3.684   5.831689E+01
3.684   4.436524E+01
3.685   4.338464E+01
3.687   4.332954E+01
3.688   6.149486E+01
3.688   5.430461E+01
3.690   5.277085E+01
3.691   4.430911E+01
3.692   5.414383E+01
3.692   4.546154E+01
3.694   4.329819E+01
3.695   4.337012E+01
3.696   4.414110E+01
3.697   5.742042E+01
3.698   4.327201E+01
3.699   8.934381E+01
3.700   4.317071E+01
3.701   4.316374E+01
3.702   4.315677E+01
3.703   4.312167E+01
3.704   4.312971E+01
3.705   1.084982E+02
3.706   4.637877E+01
3.707   4.332058E+01
3.708   4.307381E+01
3.709   4.633096E+01
3.710   4.305621E+01
3.710   4.371560E+01
3.712   4.308914E+01
3.713   4.728932E+01
3.713   4.604696E+01
3.715   4.296927E+01
3.716   4.302967E+01
3.716   4.293120E+01
3.717   4.292619E+01
3.719   4.289317E+01
3.720   4.290311E+01
3.720   4.287011E+01
3.722   4.286605E+01
3.723   4.304390E+01
3.724   4.310881E+01
3.724   4.295086E+01
3.726   4.312668E+01
3.727   4.280295E+01
3.728   4.278401E+01
3.728   4.281631E+01
3.730   4.302642E+01
3.731   6.148415E+01
3.732   4.397580E+01
3.733   4.272856E+01
3.734   4.269386E+01
3.735   4.342629E+01
3.736   4.268216E+01
3.737   4.291329E+01
3.738   4.265653E+01
3.739   4.262190E+01
3.740   4.641395E+01
3.741   7.517043E+01
3.742   4.317149E+01
3.742   4.266913E+01
3.744   4.259744E+01
3.745   4.268251E+01
3.745   4.254225E+01
3.747   1.142146E+02
3.748   4.252417E+01
3.748   4.318073E+01
3.749   4.253854E+01
3.751   4.252719E+01
3.752   4.271671E+01
3.752   4.278954E+01
3.753   4.915864E+01
3.755   4.776195E+01
3.756   4.251126E+01
3.756   1.167484E+02
3.758   4.302924E+01
3.759   4.703945E+01
3.760   2.951757E+03
3.760   4.639115E+01
3.762   4.236683E+01
3.763   4.236295E+01
3.764   4.234339E+01
3.765   9.326483E+01
3.766   4.410068E+01
3.767   5.725306E+01
3.768   4.229290E+01
3.769   4.246412E+01
3.770   4.485992E+01
3.771   5.055233E+01
3.772   6.609227E+02
3.773   4.218714E+01
3.774   4.222934E+01
3.774   4.215191E+01
3.776   4.213155E+01
3.777   5.243786E+01
3.777   4.211292E+01
3.778   4.211096E+01
3.780   4.209431E+01
3.780   4.225493E+01
3.781   4.246874E+01
3.783   4.211876E+01
3.784   4.205623E+01
3.784   4.273052E+01
3.785   4.208171E+01
3.787   5.318433E+01
3.788   4.207232E+01
3.788   4.198056E+01
3.790   4.196765E+01
3.791   4.279663E+01
3.792   4.192720E+01
3.792   4.191431E+01
3.794   4.197008E+01
3.795   4.234337E+01
3.796   4.183178E+01
3.797   4.183265E+01
3.798   4.179146E+01
3.799   4.600201E+01
3.800   4.177311E+01
3.801   6.357513E+01
3.802   4.175936E+01
3.803   5.415134E+01
3.803   4.343184E+01
3.805   4.169540E+01
3.806   1.488606E+02
3.806   4.230567E+01
3.808   4.318192E+01
3.809   4.220686E+01
3.809   4.161788E+01
3.810   4.185483E+01
3.812   4.159331E+01
3.812   4.160335E+01
3.813   4.157059E+01
3.815   4.295703E+01
3.816   4.154698E+01
3.817   4.430383E+01
3.817   4.191998E+01
3.819   4.151888E+01
3.820   4.157256E+01
3.821   4.164348E+01
3.822   4.471836E+01
3.823   4.145363E+01
3.824   4.172887E+01
3.825   4.143831E+01
3.826   4.400807E+01
3.827   4.185314E+01
3.828   4.138587E+01
3.829   4.150748E+01
3.830   4.135519E+01
3.831   4.136253E+01
3.832   4.805639E+01
3.833   7.655340E+01
3.834   4.129483E+01
3.835   4.139997E+01
3.835   4.355927E+01
3.837   4.125801E+01
3.838   4.255841E+01
3.838   4.124375E+01
3.840   4.122125E+01
3.841   4.869603E+01
3.841   4.119256E+01
3.842   4.341937E+01
3.844   4.116300E+01
3.845   4.115590E+01
3.845   1.034725E+02
3.847   4.114263E+01
3.848   4.110757E+01
3.849   4.355017E+01
3.849   4.123595E+01
3.851   4.107554E+01
3.852   4.110274E+01
3.853   4.117319E+01
3.853   4.105798E+01
3.855   4.176802E+01
3.856   4.135100E+01
3.857   4.258734E+01
3.858   4.781530E+01
3.859   4.096338E+01
3.860   4.093837E+01
3.861   4.231565E+01
3.862   1.674742E+02
3.863   4.121583E+01
3.864   4.271510E+01
3.865   5.011162E+01
3.866   5.245312E+01
3.867   4.082384E+01
3.867   4.579272E+01
3.869   4.080363E+01
3.870   4.293603E+01
3.870   4.075653E+01
3.872   4.358833E+01
3.873   4.074176E+01
3.873   4.074917E+01
3.874   4.069742E+01
3.876   4.070484E+01
3.877   4.999143E+01
3.877   4.073310E+01
3.878   8.829601E+01
3.880   4.338835E+01
3.881   4.065329E+01
3.881   4.061598E+01
3.883   6.382349E+01
3.884   4.414571E+01
3.885   4.058193E+01
3.885   4.120511E+01
3.887   4.055390E+01
3.888   4.183507E+01
3.889   2.199536E+02
3.890   4.668538E+01
3.891   1.543284E+02
3.892   4.307966E+01
3.893   4.048425E+01
3.894   4.046226E+01
3.895   4.240808E+01
3.896   4.345527E+01
3.897   4.041774E+01
3.898   4.040737E+01
3.899   4.038275E+01
3.899   4.643832E+01
3.901   4.360967E+01
3.902   5.549538E+01
3.902   4.031289E+01
3.903   4.336799E+01
3.905   4.919271E+01
3.905   4.055043E+01
3.906   4.025828E+01
3.908   4.250337E+01
3.909   4.223663E+01
3.909   5.902521E+01
3.910   4.021177E+01
3.912   6.914816E+01
3.913   4.019565E+01
3.913   4.073195E+01
3.915   5.124655E+01
3.916   4.016131E+01
3.917   4.011825E+01
3.917   7.499875E+01
3.919   5.078484E+01
3.920   4.207380E+01
3.921   4.179027E+01
3.922   4.065240E+01
3.923   6.240159E+01
3.924   4.004313E+01
3.925   1.299157E+03
3.926   4.092588E+01
3.927   4.062362E+01
3.928   5.186822E+01
3.928   6.253433E+01
3.930   3.996166E+01
3.931   6.412276E+01
3.931   4.073977E+01
3.933   4.589763E+02
3.934   3.989013E+01
3.934   4.403153E+01
3.935   4.358976E+01
3.937   6.516647E+01
3.938   3.984255E+01
3.938   3.981568E+01
3.940   3.980293E+01
3.941   3.977609E+01
3.942   3.995893E+01
3.942   3.976736E+01
3.944   4.074084E+01
3.945   4.383275E+01
3.946   3.969576E+01
3.947   3.968834E+01
3.948   3.988236E+01
3.949   6.362290E+01
3.950   6.222205E+01
3.951   3.964024E+01
3.952   3.963285E+01
3.953   3.959471E+01
3.954   5.030099E+01
3.955   3.957819E+01
3.956   3.958487E+01
3.957   4.116867E+01
3.958   4.330182E+01
3.959   3.953118E+01
3.960   3.950892E+01
3.960   4.178028E+01
3.962   3.947758E+01
3.963   6.123185E+01
3.963   3.946204E+01
3.965   5.034360E+01
3.966   3.943163E+01
3.966   1.723905E+02
3.967   3.941525E+01
3.969   3.985244E+01
3.970   3.939714E+01
3.970   3.964959E+01
3.972   4.149231E+01
3.973   6.414410E+01
3.974   4.069978E+01
3.974   3.930215E+01
3.976   3.929226E+01
3.977   3.929723E+01
3.978   3.925679E+01
3.978   3.926176E+01
3.980   3.922223E+01
3.981   7.319760E+01
3.982   3.920253E+01
3.983   3.334997E+02
3.984   3.918720E+01
3.985   3.916430E+01
3.986   3.915708E+01
3.987   3.914900E+01
3.988   3.914093E+01
3.989   3.910325E+01
3.990   3.912566E+01
3.991   5.610417E+01
3.992   3.907995E+01
3.992   3.907190E+01
3.994   3.904908E+01
3.995   3.905582E+01
3.995   3.903301E+01
3.997   3.902411E+01
3.998   3.900132E+01
3.998   3.900806E+01
3.999   3.896966E+01
4.001   9.662172E+01
4.003   7.786684E+01
4.005   7.783315E+01
4.007   9.176281E+01
4.009   1.138213E+02
4.011   7.768989E+01
4.013   7.803016E+01
4.015   6.075465E+02
4.017   1.390693E+02
4.019   8.177056E+01
4.021   9.013933E+01
4.023   9.013767E+01
4.025   8.085325E+01
4.027   7.178241E+02
4.029   7.797195E+01
4.031   7.969230E+01
4.033   7.952449E+01
4.035   8.261067E+01
4.037   1.497687E+02
4.039   7.926020E+01
4.041   1.424453E+02
4.043   7.762208E+01
4.045   7.743690E+01
4.047   9.604686E+01
4.049   8.250685E+01
4.051   7.703592E+01
4.053   1.032899E+02
4.055   7.655916E+01
4.057   9.372171E+01
4.059   1.214617E+02
4.061   7.642895E+01
4.063   7.630843E+01
4.065   7.633153E+01
4.067   7.655697E+01
4.069   7.865791E+01
4.071   8.573127E+01
4.073   1.060138E+02
4.075   7.601043E+01
4.077   7.788437E+01
4.079   7.693190E+01
4.081   7.620840E+01
4.083   8.564940E+01
4.085   7.588981E+01
4.087   7.678726E+01
4.089   7.582237E+01
4.091   2.930626E+03
4.093   7.554635E+01
4.095   1.518872E+03
4.097   7.543615E+01
4.099   8.142248E+02
4.101   2.317057E+02
4.103   7.551287E+01
4.105   8.067920E+01
4.107   7.571834E+01
4.109   7.529021E+01
4.111   7.503228E+01
4.113   7.666235E+01
4.115   7.491462E+01
4.117   8.135495E+01
4.119   7.827803E+01
4.121   1.616470E+02
4.123   7.567127E+01
4.125   7.485507E+01
4.127   7.459667E+01
4.129   7.474892E+01
4.131   7.448745E+01
4.133   7.446401E+01
4.135   7.577245E+01
4.137   7.601281E+01
4.139   8.055506E+01
4.141   7.427571E+01
4.143   8.176802E+01
4.145   7.430540E+01
4.147   4.444468E+02
4.149   7.402704E+01
4.151   7.561841E+01
4.153   8.099923E+01
4.155   7.721371E+01
4.157   7.534304E+01
4.159   7.482423E+01
4.161   7.615603E+01
4.163   7.783939E+01
4.165   7.603037E+01
4.167   7.355311E+01
4.169   7.353865E+01
4.171   7.683427E+01
4.173   7.344236E+01
4.175   7.800490E+01
4.177   7.354577E+01
4.179   7.329038E+01
4.181   7.326031E+01
4.183   7.320702E+01
4.185   7.359021E+01
4.187   7.307322E+01
4.189   7.590728E+01
4.191   7.390493E+01
4.193   4.293185E+02
4.195   7.301002E+01
4.197   7.281803E+01
4.199   7.272629E+01
4.201   7.404062E+01
4.203   7.280413E+01
4.205   7.260352E+01
4.207   7.251123E+01
4.209   7.246523E+01
4.211   7.243493E+01
4.213   7.235851E+01
4.215   7.234395E+01
4.217   7.276994E+01
4.219   7.633542E+01
4.221   7.223947E+01
4.223   7.213043E+01
4.225   7.203876E+01
4.227   7.199728E+01
4.229   1.178271E+02
4.231   7.989089E+02
4.233   7.642421E+01
4.235   7.267219E+01
4.237   1.709980E+02
4.239   7.379794E+01
4.241   7.166381E+01
4.243   7.164885E+01
4.245   7.155620E+01
4.247   7.240962E+01
4.249   7.411705E+01
4.251   7.249832E+01
4.253   8.811252E+01
4.255   7.132682E+01
4.257   7.127211E+01
4.259   1.040908E+02
4.261   7.858682E+01
4.263   2.541303E+02
4.265   7.148525E+01
4.267   7.161369E+01
4.269   7.708768E+01
4.271   7.100352E+01
4.273   7.134492E+01
4.275   7.161857E+01
4.277   7.224027E+01
4.279   7.078151E+01
4.281   7.107451E+01
4.283   7.178477E+01
4.285   7.571152E+01
4.287   7.132900E+01
4.289   7.052580E+01
4.291   7.067663E+01
4.293   7.044877E+01
4.295   7.177259E+01
4.297   7.035571E+01
4.299   7.255553E+01
4.301   7.063017E+01
4.303   7.074421E+01
4.305   7.048389E+01
4.307   7.018994E+01
4.309   1.022866E+02
4.311   7.072973E+01
4.313   7.888080E+01
4.315   7.000992E+01
4.317   7.004344E+01
4.319   9.231354E+01
4.321   8.402575E+01
4.323   7.115590E+01
4.325   7.004073E+01
4.327   7.430654E+01
4.329   8.323679E+01
4.331   8.234047E+01
4.333   1.120419E+02
4.335   8.454739E+01
4.337   7.859001E+01
4.339   7.360326E+01
4.341   7.083126E+01
4.343   6.918996E+01
4.345   6.946899E+01
4.347   7.058731E+01
4.349   6.939951E+01
4.351   7.378972E+01
4.353   6.920651E+01
4.355   6.926802E+01
4.357   6.882578E+01
4.359   6.981386E+01
4.361   6.874911E+01
4.363   6.867462E+01
4.365   1.723318E+02
4.367   6.935836E+01
4.369   6.895863E+01
4.371   3.452074E+02
4.373   6.896543E+01
4.375   6.931805E+01
4.377   7.092857E+02
4.379   6.837453E+01
4.381   2.303157E+02
4.383   6.886750E+01
4.385   6.815348E+01
4.387   7.018908E+01
4.389   6.804944E+01
4.391   7.286843E+01
4.393   6.797720E+01
4.395   6.791071E+01
4.397   6.789009E+01
4.399   6.787580E+01
4.401   2.306893E+03
4.403   6.802076E+01
4.405   4.489933E+02
4.407   2.394994E+02
4.409   6.797073E+01
4.411   6.757070E+01
4.413   6.747949E+01
4.415   6.762825E+01
4.417   4.539605E+03
4.419   6.735644E+01
4.421   6.735974E+01
4.423   6.729474E+01
4.425   6.717173E+01
4.427   6.716413E+01
4.429   6.717378E+01
4.431   6.703688E+01
4.433   6.706774E+01
4.435   6.699600E+01
4.437   3.493932E+02
4.439   7.155560E+01
4.441   9.932455E+01
4.443   6.674875E+01
4.445   6.675700E+01
4.447   6.665279E+01
4.449   6.658068E+01
4.451   7.160843E+01
4.453   6.646941E+01
4.455   6.646685E+01
4.457   6.637002E+01
4.459   6.635194E+01
4.461   6.630273E+01
4.463   6.625279E+01
4.465   6.667029E+01
4.467   6.854260E+01
4.469   6.613509E+01
4.471   6.608686E+01
4.473   6.798177E+01
4.475   6.603555E+01
4.477   6.777600E+01
4.479   6.631692E+01
4.481   6.853768E+01
4.483   6.585962E+01
4.485   6.612910E+01
4.487   6.729063E+01
4.489   6.564550E+01
4.491   6.564256E+01
4.493   6.557238E+01
4.495   6.551925E+01
4.497   6.669160E+01
4.499   6.541392E+01
4.501   6.550829E+01
4.503   6.532651E+01
4.505   6.536225E+01
4.507   6.524157E+01
4.509   6.538975E+01
4.511   6.517217E+01
4.513   6.510558E+01
4.515   6.509905E+01
4.517   6.502026E+01
4.519   6.501223E+01
4.521   6.617780E+01
4.523   6.496702E+01
4.525   6.489302E+01
4.527   6.479072E+01
4.529   6.501742E+01
4.531   6.470823E+01
4.533   6.674873E+01
4.535   6.462512E+01
4.537   6.463490E+01
4.539   8.200979E+01
4.541   6.448621E+01
4.543   6.474903E+01
4.545   6.439889E+01
4.547   6.437897E+01
4.549   6.458195E+01
4.551   6.430712E+01
4.553   1.134387E+03
4.555   6.420491E+01
4.557   6.413711E+01
4.559   6.439993E+01
4.561   7.057878E+01
4.563   6.401472E+01
4.565   6.397907E+01
4.567   6.408107E+01
4.569   2.211277E+03
4.571   6.491684E+01
4.573   6.378058E+01
4.575   6.383923E+01
4.577   6.413604E+01
4.579   6.417628E+01
4.581   6.366996E+01
4.583   6.363157E+01
4.585   6.444673E+01
4.587   6.359349E+01
4.589   6.364068E+01
4.591   6.415753E+01
4.593   6.383097E+01
4.595   6.365356E+01
4.597   6.330181E+01
4.599   6.608528E+01
4.601   6.316150E+01
4.603   6.381828E+01
4.605   6.308477E+01
4.607   6.327068E+01
4.609   6.335398E+01
4.611   6.293867E+01
4.613   6.426105E+01
4.615   6.343263E+01
4.617   6.337206E+01
4.619   6.486620E+01
4.621   6.270703E+01
4.623   1.698424E+02
4.625   6.312730E+01
4.627   1.108890E+02
4.629   1.277193E+02
4.631   6.308750E+01
4.633   8.116282E+01
4.635   1.124057E+02
4.637   6.261048E+01
4.639   1.840550E+02
4.641   9.984771E+01
4.643   6.345320E+01
4.645   6.276504E+01
4.647   6.243913E+01
4.649   7.836639E+01
4.651   6.216220E+01
4.653   6.213996E+01
4.655   6.586018E+01
4.657   6.319907E+01
4.659   6.234390E+01
4.661   7.479726E+01
4.663   6.179968E+01
4.665   6.187516E+01
4.667   4.060049E+02
4.669   6.247959E+01
4.671   4.950657E+02
4.673   8.377479E+01
4.675   6.182377E+01
4.677   7.607824E+01
4.679   8.945595E+01
4.681   6.823165E+01
4.683   7.302740E+01
4.685   7.223430E+01
4.687   6.477487E+01
4.689   6.417480E+01
4.691   6.164769E+01
4.693   6.640865E+01
4.695   1.081070E+02
4.697   6.752386E+01
4.699   9.767679E+01
4.701   6.130308E+01
4.703   1.212132E+02
4.705   7.702774E+01
4.707   8.761806E+01
4.709   6.108906E+01
4.711   6.101374E+01
4.713   8.075768E+01
4.715   6.346374E+01
4.717   6.080583E+01
4.719   6.086469E+01
4.721   6.137142E+01
4.723   2.032055E+02
4.725   6.225647E+01
4.727   6.046343E+01
4.729   6.058178E+01
4.731   3.523128E+02
4.733   6.036844E+01
4.735   6.123543E+01
4.737   6.025809E+01
4.739   6.018430E+01
4.741   6.022776E+01
4.743   6.031657E+01
4.745   6.100393E+01
4.747   6.017577E+01
4.749   9.136922E+01
4.751   6.024205E+01
4.753   6.006255E+01
4.755   6.381349E+01
4.757   5.998942E+01
4.759   5.978690E+01
4.761   6.259529E+01
4.763   5.969805E+01
4.765   6.784136E+01
4.767   5.962902E+01
4.769   5.961129E+01
4.771   6.368900E+01
4.773   6.225822E+01
4.775   5.953639E+01
4.777   5.977751E+01
4.779   1.152820E+02
4.781   5.948637E+01
4.783   5.970978E+01
4.785   5.927772E+01
4.787   1.702330E+02
4.789   6.290581E+01
4.791   5.915129E+01
4.793   6.007133E+01
4.795   6.050250E+01
4.797   5.904039E+01
4.799   5.899914E+01
4.801   5.934850E+01
4.803   5.890229E+01
4.805   5.889512E+01
4.807   5.943912E+01
4.809   5.912774E+01
4.811   6.193031E+01
4.813   5.870055E+01
4.815   5.918026E+01
4.817   5.886590E+01
4.819   5.860297E+01
4.821   5.852391E+01
4.823   5.901226E+01
4.825   5.844733E+01
4.827   5.840153E+01
4.829   1.837739E+02
4.831   5.890160E+01
4.833   1.240598E+02
4.835   5.821656E+01
4.837   5.874885E+01
4.839   6.119021E+01
4.841   7.370893E+01
4.843   6.331718E+01
4.845   5.800825E+01
4.847   5.803948E+01
4.849   5.792459E+01
4.851   8.164567E+01
4.853   5.786397E+01
4.855   6.151567E+01
4.857   5.776198E+01
4.859   8.323352E+01
4.861   6.093113E+01
4.863   5.855685E+01
4.865   5.780047E+01
4.867   6.249126E+01
4.869   5.799332E+01
4.871   5.805506E+01
4.873   6.656226E+01
4.875   5.900320E+01
4.877   5.905875E+01
4.879   6.063374E+01
4.881   5.728162E+01
4.883   5.728518E+01
4.885   5.914614E+01
4.887   5.719495E+01
4.889   6.654187E+01
4.891   5.708853E+01
4.893   5.706236E+01
4.895   1.095778E+02
4.897   8.477164E+01
4.899   6.967007E+01
4.901   6.002998E+01
4.903   5.858976E+01
4.905   7.017951E+01
4.907   5.678563E+01
4.909   5.674622E+01
4.911   5.767836E+01
4.913   5.786479E+01
4.915   6.314771E+01
4.917   7.979412E+01
4.919   6.252316E+01
4.921   5.651329E+01
4.923   1.302842E+03
4.925   5.646175E+01
4.927   1.454156E+02
4.929   5.649201E+01
4.931   5.633460E+01
4.933   5.630683E+01
4.935   6.962131E+01
4.937   5.631748E+01
4.939   6.255261E+01
4.941   9.149426E+01
4.943   5.681181E+01
4.945   5.604169E+01
4.947   5.603026E+01
4.949   5.595289E+01
4.951   7.191699E+01
4.953   5.637111E+01
4.955   5.585220E+01
4.957   5.591653E+01
4.959   5.575463E+01
4.961   5.574336E+01
4.963   5.568241E+01
4.965   5.566208E+01
4.967   5.786419E+01
4.969   5.558932E+01
4.971   6.225192E+01
4.973   5.548037E+01
4.975   5.655946E+01
4.977   5.567788E+01
4.979   5.539817E+01
4.981   5.552302E+01
4.983   8.810990E+01
4.985   5.526531E+01
4.987   8.113896E+01
4.989   5.519873E+01
4.991   5.542221E+01
4.993   5.513712E+01
4.995   5.508516E+01
4.997   9.534710E+01
4.999   8.231260E+01
5.001   5.498643E+01
5.003   5.492558E+01
5.005   5.491474E+01
5.007   6.245485E+01
5.009   5.550311E+01
5.011   5.479909E+01
5.013   5.491299E+01
5.015   6.099880E+01
5.017   5.466157E+01
5.019   5.582078E+01
5.021   5.459175E+01
5.023   5.694463E+01
5.025   3.423831E+02
5.027   6.590466E+01
5.029   5.446762E+01
5.031   7.115302E+01
5.033   5.513151E+01
5.035   1.092344E+03
5.037   6.646457E+01
5.039   7.263189E+01
5.041   5.434967E+01
5.043   1.103487E+02
5.045   7.779714E+01
5.047   9.339113E+01
5.049   9.100206E+01
5.051   5.632510E+01
5.053   2.055065E+02
5.055   6.165641E+02
5.057   5.389206E+01
5.059   5.385566E+01
5.061   9.475887E+01
5.063   7.588826E+01
5.065   5.376238E+01
5.067   5.370963E+01
5.069   9.410925E+01
5.071   8.392401E+01
5.073   5.359204E+01
5.075   5.357434E+01
5.077   5.354776E+01
5.079   5.636531E+01
5.081   7.126609E+01
5.083   5.743243E+01
5.085   1.093690E+02
5.087   5.336536E+01
5.089   5.573188E+01
5.091   5.327023E+01
5.093   1.473371E+02
5.095   5.363460E+01
5.097   5.317550E+01
5.099   5.312945E+01
5.101   5.310794E+01
5.103   6.429710E+02
5.105   5.303164E+01
5.107   5.296871E+01
5.109   5.931372E+01
5.111   5.291707E+01
5.113   5.286241E+01
5.115   5.283427E+01
5.117   5.279123E+01
5.119   5.279570E+01
5.121   5.685979E+01
5.123   5.268637E+01
5.125   6.135157E+01
5.127   5.296021E+01
5.129   5.284509E+01
5.131   5.253552E+01
5.133   5.253332E+01
5.135   7.257237E+01
5.137   5.245456E+01
5.139   5.240239E+01
5.141   5.530839E+01
5.143   5.241194E+01
5.145   5.415581E+01
5.147   5.228451E+01
5.149   5.289712E+01
5.151   5.222267E+01
5.153   5.219667E+01
5.155   5.276515E+01
5.157   5.208852E+01
5.159   5.310421E+01
5.161   5.202998E+01
5.163   5.196342E+01
5.165   5.195540E+01
5.167   5.194469E+01
5.169   5.186346E+01
5.171   6.121728E+01
5.173   5.176362E+01
5.175   5.174696E+01
5.177   5.191009E+01
5.179   5.169694E+01
5.181   5.166961E+01
5.183   5.160679E+01
5.185   5.155608E+01
5.187   5.157570E+01
5.189   5.148689E+01
5.191   5.154198E+01
5.193   5.145124E+01
5.195   5.151766E+01
5.197   5.137356E+01
5.199   5.302625E+01
5.201   5.156038E+01
5.203   5.176281E+01
5.205   5.124256E+01
5.207   5.622386E+01
5.209   5.143720E+01
5.211   5.134682E+01
5.213   5.320091E+01
5.215   5.554632E+01
5.217   5.199730E+01
5.219   5.111242E+01
5.221   5.093787E+01
5.223   5.594391E+01
5.225   5.130427E+01
5.227   1.230879E+02
5.229   1.010797E+03
5.231   5.134964E+01
5.233   5.109246E+01
5.235   5.079368E+01
5.237   5.079418E+01
5.239   9.085177E+01
5.241   5.153789E+01
5.243   5.391446E+01
5.245   2.715484E+02
5.247   5.078274E+01
5.249   5.068334E+01
5.251   5.046763E+01
5.253   5.639123E+01
5.255   5.149178E+01
5.257   5.033407E+01
5.259   5.979606E+01
5.261   3.388387E+02
5.263   5.082299E+01
5.265   5.305667E+01
5.267   5.083977E+01
5.269   5.775554E+01
5.271   5.008970E+01
5.273   4.047776E+02
5.275   7.826403E+01
5.277   5.002485E+01
5.279   5.038150E+01
5.281   5.844294E+01
5.283   5.010607E+01
5.285   4.993401E+01
5.287   4.997029E+01
5.289   5.246072E+01
5.291   5.410329E+02
5.293   5.052574E+01
5.295   4.992365E+01
5.297   4.966552E+01
5.299   5.033026E+01
5.301   4.973941E+01
5.303   5.003758E+01
5.305   4.989173E+01
5.307   4.950650E+01
5.309   4.941852E+01
5.311   2.058313E+02
5.313   4.934994E+01
5.315   5.076936E+01
5.317   4.937159E+01
5.319   5.710751E+01
5.321   4.920983E+01
5.323   4.918678E+01
5.325   5.052469E+01
5.327   4.971370E+01
5.329   4.916332E+01
5.331   4.903805E+01
5.333   4.903204E+01
5.335   4.923951E+01
5.337   5.007535E+01
5.339   4.920912E+01
5.341   4.896574E+01
5.343   4.991903E+01
5.345   4.890896E+01
5.347   4.914004E+01
5.349   4.880811E+01
5.351   4.885541E+01
5.353   4.897468E+01
5.355   4.943625E+01
5.357   5.211565E+01
5.359   5.706160E+01
5.361   4.860494E+01
5.363   4.849746E+01
5.365   4.848909E+01
5.367   4.857713E+01
5.369   4.852540E+01
5.371   6.176299E+01
5.373   4.845373E+01
5.375   4.831101E+01
5.377   4.824332E+01
5.379   4.826734E+01
5.381   4.817583E+01
5.383   4.824825E+01
5.385   6.311393E+01
5.387   4.823369E+01
5.389   5.927951E+01
5.391   4.807810E+01
5.393   4.798879E+01
5.395   4.793110E+01
5.397   4.798797E+01
5.399   4.786536E+01
5.401   4.788557E+01
5.403   7.240589E+01
5.405   4.781736E+01
5.407   4.780931E+01
5.409   7.692858E+01
5.411   4.768797E+01
5.413   4.770756E+01
5.415   9.588263E+02
5.417   4.757297E+01
5.419   4.792131E+01
5.421   9.888962E+01
5.423   4.772332E+01
5.425   4.746953E+01
5.427   4.794408E+01
5.429   4.752282E+01
5.431   4.805902E+01
5.433   4.745076E+01
5.435   4.736621E+01
5.437   4.726704E+01
5.439   1.511634E+02
5.441   4.736950E+01
5.443   4.731892E+01
5.445   4.722310E+01
5.447   4.711077E+01
5.449   4.725917E+01
5.451   4.783555E+01
5.453   4.865985E+01
5.455   4.697230E+01
5.457   4.693026E+01
5.459   5.857852E+01
5.461   4.687109E+01
5.463   4.682024E+01
5.465   4.686093E+01
5.467   4.724331E+01
5.469   4.673586E+01
5.471   4.699868E+01
5.473   1.661686E+03
5.475   4.663390E+01
5.477   2.317498E+02
5.479   4.656436E+01
5.481   5.546138E+01
5.483   4.713331E+01
5.485   4.643492E+01
5.487   4.644964E+01
5.489   4.636502E+01
5.491   4.992116E+01
5.493   4.632051E+01
5.495   4.626068E+01
5.497   4.624259E+01
5.499   4.661097E+01
5.501   4.619634E+01
5.503   7.569652E+02
5.505   5.336886E+01
5.507   4.608925E+01
5.509   4.603596E+01
5.511   4.647482E+01
5.513   4.649071E+01
5.515   4.595943E+01
5.517   4.592011E+01
5.519   4.589781E+01
5.521   4.610761E+01
5.523   7.918221E+01
5.525   4.580397E+01
5.527   4.574216E+01
5.529   4.572687E+01
5.531   5.648875E+01
5.533   4.600949E+01
5.535   4.591444E+01
5.537   5.061771E+01
5.539   5.186392E+01
5.541   4.581898E+01
5.543   4.540151E+01
5.545   4.877745E+01
5.547   4.564171E+01
5.549   4.526230E+01
5.551   4.524662E+01
5.553   4.518968E+01
5.555   4.518341E+01
5.557   4.513465E+01
5.559   4.510280E+01
5.561   4.509657E+01
5.563   6.472420E+01
5.565   4.503295E+01
5.567   4.497561E+01
5.569   5.263082E+01
5.571   4.503432E+01
5.573   5.252762E+01
5.575   4.490982E+01
5.577   5.629615E+01
5.579   9.846661E+01
5.581   5.949993E+01
5.583   4.474471E+01
5.585   4.520681E+01
5.587   5.975363E+01
5.589   4.463454E+01
5.591   4.460056E+01
5.593   4.457468E+01
5.595   4.454075E+01
5.597   4.451552E+01
5.599   4.461870E+01
5.601   4.444715E+01
5.603   7.503962E+01
5.605   1.179959E+02
5.607   4.434447E+01
5.609   4.431875E+01
5.611   4.432586E+01
5.613   5.121479E+01
5.615   1.024117E+02
5.617   4.418021E+01
5.619   4.415398E+01
5.621   1.208292E+02
5.623   6.195242E+01
5.625   4.504831E+01
5.627   4.480582E+01
5.629   4.399349E+01
5.631   4.395197E+01
5.633   4.393574E+01
5.635   4.389427E+01
5.637   4.390518E+01
5.639   4.383665E+01
5.641   4.381188E+01
5.643   4.377912E+01
5.645   4.413331E+01
5.647   4.371306E+01
5.649   4.368836E+01
5.651   4.365385E+01
5.653   4.361936E+01
5.655   4.359288E+01
5.657   4.355844E+01
5.659   4.353200E+01
5.661   4.349760E+01
5.663   4.346262E+01
5.665   4.345341E+01
5.667   4.340130E+01
5.669   4.372350E+01
5.671   4.596326E+01
5.673   4.809432E+01
5.675   4.670429E+01
5.677   4.769893E+01
5.679   4.305828E+01
5.681   4.469409E+01
5.683   5.025888E+01
5.685   4.457957E+01
5.687   4.277179E+01
5.689   4.295879E+01
5.691   4.268254E+01
5.693   4.298472E+01
5.695   4.267878E+01
5.697   4.268269E+01
5.699   4.235453E+01
5.701   4.567387E+01
5.703   4.228950E+01
5.705   4.222416E+01
5.707   4.220693E+01
5.709   4.587689E+01
5.711   4.216399E+01
5.713   4.213038E+01
5.715   4.211260E+01
5.717   4.255827E+01
5.719   4.206979E+01
5.721   4.466687E+01
5.723   4.202643E+01
5.725   4.200083E+01
5.727   4.198313E+01
5.729   4.323103E+01
5.731   5.262512E+01
5.733   4.191678E+01
5.735   4.258091E+01
5.737   8.694192E+01
5.739   4.185904E+01
5.741   6.329805E+01
5.743   4.202518E+01
5.745   4.179356E+01
5.747   4.176875E+01
5.749   4.175180E+01
5.751   4.173547E+01
5.753   4.171070E+01
5.755   7.680466E+01
5.757   4.167026E+01
5.759   4.471944E+01
5.761   4.166362E+01
5.763   4.161361E+01
5.765   4.158111E+01
5.767   4.558529E+01
5.769   4.407071E+01
5.771   5.211956E+01
5.773   4.167085E+01
5.775   9.824537E+01
5.777   4.157768E+01
5.779   4.145213E+01
5.781   4.142818E+01
5.783   4.141145E+01
5.785   4.138693E+01
5.787   1.355326E+03
5.789   4.190838E+01
5.791   8.492592E+01
5.793   6.936549E+02
5.795   4.132030E+01
5.797   4.562193E+01
5.799   4.125468E+01
5.801   4.122968E+01
5.803   4.719640E+01
5.805   4.118870E+01
5.807   4.117213E+01
5.809   4.115556E+01
5.811   4.113183E+01
5.813   4.111589E+01
5.815   4.108383E+01
5.817   4.382524E+01
5.819   4.106096E+01
5.821   4.485876E+01
5.823   4.289929E+01
5.825   4.099721E+01
5.827   4.098969E+01
5.829   4.095716E+01
5.831   4.097408E+01
5.833   4.103742E+01
5.835   4.104180E+01
5.837   4.088437E+01
5.839   4.526938E+01
5.841   4.088906E+01
5.843   4.082396E+01
5.845   4.349291E+01
5.847   7.785887E+01
5.849   4.077139E+01
5.851   4.082749E+01
5.853   7.970722E+01
5.855   4.080137E+01
5.857   4.068487E+01
5.859   4.066743E+01
5.861   4.064170E+01
5.863   4.062369E+01
5.865   4.059800E+01
5.867   5.256587E+01
5.869   4.056382E+01
5.871   4.080315E+01
5.873   4.052969E+01
5.875   4.178785E+01
5.877   4.648690E+01
5.879   4.047001E+01
5.881   4.076329E+01
5.883   4.051569E+01
5.885   4.043701E+01
5.887   4.064093E+01
5.889   4.036709E+01
5.891   5.911628E+01
5.893   4.071740E+01
5.895   4.030833E+01
5.897   4.079990E+01
5.899   6.668272E+01
5.901   4.165610E+01
5.903   4.066489E+01
5.905   4.503567E+01
5.907   4.048628E+01
5.909   4.022517E+01
5.911   4.025797E+01
5.913   4.021147E+01
5.915   4.859696E+01
5.917   4.010975E+01
5.919   4.012905E+01
5.921   4.024100E+01
5.923   4.140405E+01
5.925   4.667936E+01
5.927   4.132338E+01
5.929   4.000163E+01
5.931   4.018837E+01
5.933   4.237314E+01
5.935   4.382566E+01
5.937   4.491107E+01
5.939   3.991849E+01
5.941   1.144962E+03
5.943   4.036139E+01
5.945   4.015973E+01
5.947   4.373489E+01
5.949   3.987181E+01
5.951   4.502481E+01
5.953   3.980361E+01
5.955   3.982114E+01
5.957   3.974715E+01
5.959   4.046804E+01
5.961   4.112613E+01
5.963   3.974967E+01
5.965   3.986616E+01
5.967   3.969625E+01
5.969   3.962361E+01
5.971   3.970339E+01
5.973   4.317826E+01
5.975   4.431858E+01
5.977   3.955140E+01
5.979   4.320810E+01
5.981   3.956966E+01
5.983   3.952683E+01
5.985   4.110800E+01
5.987   3.945692E+01
5.989   3.944838E+01
5.991   3.968213E+01
5.993   4.014227E+01
5.995   7.278572E+01
5.997   3.957352E+01
5.999   3.941619E+01
6.001   3.961484E+01
6.003   3.929564E+01
6.005   3.927619E+01
6.007   3.940763E+01
6.009   3.979961E+01
6.011   4.856603E+01
6.013   3.955426E+01
6.015   3.929576E+01
6.017   1.567314E+02
6.019   3.920907E+01
6.021   3.936964E+01
6.023   5.926776E+01
6.025   3.908299E+01
6.027   3.906484E+01
6.029   3.905476E+01
6.031   3.904353E+01
6.033   3.900929E+01
6.035   4.901100E+01
6.037   3.903751E+01
6.039   3.896478E+01
6.041   5.905093E+01
6.043   4.214368E+01
6.045   3.890371E+01
6.047   3.887763E+01
6.049   4.534415E+01
6.051   3.885136E+01
6.053   3.883393E+01
6.055   3.897537E+01
6.057   8.754266E+01
6.059   3.920639E+01
6.061   3.876377E+01
6.063   3.878362E+01
6.065   3.871988E+01
6.067   3.983923E+01
6.069   3.869951E+01
6.071   3.888123E+01
6.073   3.891474E+01
6.075   1.104273E+02
6.077   3.861713E+01
6.079   2.257761E+02
6.081   4.700994E+01
6.083   3.856078E+01
6.085   3.855095E+01
6.087   3.854285E+01
6.089   4.066306E+01
6.091   3.848618E+01
6.093   3.998837E+01
6.095   3.844896E+01
6.097   3.842952E+01
6.099   3.841919E+01
6.101   3.840034E+01
6.103   3.881676E+01
6.105   3.836209E+01
6.107   3.860654E+01
6.109   3.926406E+01
6.111   3.830454E+01
6.113   3.828519E+01
6.115   3.826585E+01
6.117   3.824710E+01
6.119   3.823630E+01
6.121   3.820849E+01
6.123   3.819771E+01
6.125   5.030911E+01
6.127   3.829859E+01
6.129   3.826909E+01
6.131   3.811275E+01
6.133   3.815694E+01
6.135   3.808281E+01
6.137   3.807209E+01
6.139   3.809023E+01
6.141   3.865233E+01
6.143   3.801456E+01
6.145   3.799540E+01
6.147   3.809659E+01
6.149   3.799158E+01
6.151   3.793745E+01
6.153   3.792681E+01
6.155   4.188286E+01
6.157   3.788074E+01
6.159   3.787070E+01
6.161   3.838821E+01
6.163   3.783316E+01
6.165   3.792283E+01
6.167   3.779567E+01
6.169   3.817406E+01
6.171   3.776723E+01
6.173   3.774824E+01
6.175   3.772927E+01
6.177   3.771930E+01
6.179   4.730962E+01
6.181   3.767298E+01
6.183   3.966464E+01
6.185   3.832402E+01
6.187   4.922237E+01
6.189   3.861289E+01
6.191   4.336461E+01
6.193   3.857954E+01
6.195   3.755421E+01
6.197   3.771299E+01
6.199   3.752325E+01
6.201   3.815177E+01
6.203   3.748394E+01
6.205   3.746403E+01
6.207   3.759349E+01
6.209   3.756405E+01
6.211   3.758046E+01
6.213   3.738449E+01
6.215   3.754734E+01
6.217   3.757268E+01
6.219   3.734283E+01
6.221   3.734813E+01
6.223   3.730321E+01
6.225   3.729234E+01
6.227   3.726419E+01
6.229   5.651608E+01
6.231   3.723302E+01
6.233   3.721383E+01
6.235   3.720245E+01
6.237   7.564598E+01
6.239   3.716302E+01
6.241   3.715222E+01
6.243   3.712363E+01
6.245   3.711230E+01
6.247   3.709263E+01
6.249   3.708187E+01
6.251   4.356109E+01
6.253   3.704371E+01
6.255   3.703298E+01
6.257   5.008632E+01
6.259   3.699322E+01
6.261   4.286147E+01
6.263   3.694464E+01
6.265   3.694227E+01
6.267   4.285700E+01
6.269   5.339699E+01
6.271   3.689142E+01
6.273   3.689793E+01
6.275   1.035708E+02
6.277   3.695739E+01
6.279   3.781609E+01
6.281   3.679122E+01
6.283   3.678835E+01
6.285   3.675897E+01
6.287   2.153404E+03
6.289   3.672675E+01
6.291   3.671508E+01
6.293   3.669458E+01
6.295   3.668292E+01
6.297   3.665362E+01
6.299   3.664143E+01
6.301   3.662098E+01
6.303   3.660936E+01
6.305   3.676022E+01
6.307   3.656798E+01
6.309   3.655638E+01
6.311   3.653545E+01
6.313   3.651507E+01
6.315   9.750948E+02
6.317   3.648315E+01
6.319   3.657656E+01
6.321   3.645128E+01
6.323   3.643041E+01
6.325   3.641889E+01
6.327   3.639860E+01
6.329   1.727783E+03
6.331   2.231241E+02
6.333   3.634602E+01
6.335   3.639867E+01
6.337   3.631376E+01
6.339   3.629299E+01
6.341   3.630892E+01
6.343   3.626079E+01
6.345   3.624991E+01
6.347   3.622153E+01
6.349   3.634357E+01
6.351   3.619926E+01
6.353   3.617912E+01
6.355   3.616828E+01
6.357   3.627598E+01
6.359   3.612860E+01
6.361   3.611724E+01
6.363   3.640877E+01
6.365   3.607763E+01
6.367   3.606630E+01
6.369   3.605552E+01
6.371   4.383613E+03
6.373   3.601545E+01
6.375   3.607823E+01
6.377   3.598306E+01
6.379   3.597069E+01
6.381   3.594037E+01
6.383   3.593618E+01
6.385   3.591513E+01
6.387   3.589410E+01
6.389   3.588178E+01
6.391   3.586077E+01
6.393   3.584901E+01
6.395   4.387523E+02
6.397   3.580705E+01
6.399   3.661581E+01
6.401   3.578250E+01
6.403   3.586623E+01
6.405   3.573142E+01
6.407   3.573707E+01
6.409   3.571616E+01
6.411   3.568769E+01
6.413   3.567656E+01
6.415   4.357713E+01
6.417   3.563700E+01
6.419   3.562590E+01
6.421   3.562400E+01
6.423   3.561290E+01
6.425   3.736372E+01
6.427   3.556480E+01
6.429   3.556238E+01
6.431   5.001083E+01
6.433   3.708569E+01
6.435   3.552059E+01
6.437   3.550092E+01
6.439   3.548612E+01
6.441   3.545192E+01
6.443   3.545816E+01
6.445   3.543746E+01
6.447   3.539038E+01
6.449   3.540471E+01
6.451   3.547178E+01
6.453   3.536285E+01
6.455   3.534167E+01
6.457   3.533879E+01
6.459   4.462431E+01
6.461   3.529649E+01
6.463   3.530975E+01
6.465   3.529291E+01
6.467   3.524280E+01
6.469   3.523030E+01
6.471   3.526663E+01
6.473   3.521496E+01
6.475   3.517620E+01
6.477   3.516373E+01
6.479   3.515930E+01
6.481   3.513720E+01
6.483   3.510654E+01
6.485   3.513106E+01
6.487   1.086222E+02
6.489   3.506713E+01
6.491   4.098428E+01
6.493   3.512574E+01
6.495   3.502778E+01
6.497   3.505922E+01
6.499   3.498378E+01
6.501   3.501521E+01
6.503   3.493983E+01
6.505   3.492642E+01
6.507   3.492209E+01
6.509   3.490923E+01
6.511   4.687960E+01
6.513   3.511971E+01
6.515   3.485629E+01
6.517   3.529850E+01
6.519   3.904351E+01
6.521   3.481304E+01
6.523   3.505150E+01
6.525   5.178415E+01
6.527   3.476135E+01
6.529   3.474964E+01
6.531   6.049031E+01
6.533   3.483945E+01
6.535   3.482719E+01
6.537   4.109799E+01
6.539   3.477509E+01
6.541   3.478410E+01
6.543   3.502290E+01
6.545   7.090299E+01
6.547   3.460000E+01
6.549   6.392960E+01
6.551   3.459318E+01
6.553   3.519201E+01
6.555   3.562944E+01
6.557   3.453822E+01
6.559   7.005811E+01
6.561   5.259187E+01
6.563   3.469871E+01
6.565   7.489731E+01
6.567   4.727933E+02
6.569   3.554346E+01
6.571   3.443346E+01
6.573   3.441189E+01
6.575   3.507162E+01
6.577   3.436931E+01
6.579   3.466235E+01
6.581   3.488979E+01
6.583   9.466327E+01
6.585   9.179748E+02
6.587   3.431502E+01
6.589   1.688906E+02
6.591   3.657177E+01
6.593   3.425851E+01
6.595   3.443978E+01
6.597   3.458409E+01
6.599   3.613751E+01
6.601   3.441426E+01
6.603   3.416824E+01
6.605   3.508266E+01
6.607   3.588457E+01
6.609   3.466106E+01
6.611   3.448459E+01
6.613   3.571339E+01
6.615   3.409051E+01
6.617   3.405764E+01
6.619   3.406309E+01
6.621   3.402867E+01
6.623   6.512376E+01
6.625   5.109212E+01
6.627   1.508035E+03
6.629   3.895350E+01
6.631   3.608565E+01
6.633   6.881057E+01
6.635   3.733722E+01
6.637   2.136111E+03
6.639   1.388044E+02
6.641   3.385664E+01
6.643   3.406756E+01
6.645   3.383679E+01
6.647   3.378586E+01
6.649   3.379867E+01
6.651   4.202249E+01
6.653   3.375434E+01
6.655   3.407553E+01
6.657   3.425256E+01
6.659   3.371506E+01
6.661   3.427317E+01
6.663   3.368023E+01
6.665   3.367586E+01
6.667   3.445639E+01
6.669   3.363171E+01
6.671   3.362787E+01
6.673   3.361467E+01
6.675   3.359263E+01
6.677   3.527069E+01
6.679   3.453018E+01
6.681   3.364094E+01
6.683   3.353111E+01
6.685   3.400572E+01
6.687   3.357649E+01
6.689   3.348442E+01
6.691   3.347234E+01
6.693   3.762898E+01
6.695   3.680136E+01
6.697   3.415582E+01
6.699   3.342304E+01
6.701   3.509462E+01
6.703   4.099661E+01
6.705   3.336827E+01
6.707   3.916370E+01
6.709   3.977157E+01
6.711   3.332239E+01
6.713   3.825088E+01
6.715   3.540826E+01
6.717   3.328539E+01
6.719   3.329874E+01
6.721   3.326041E+01
6.723   4.536617E+01
6.725   3.497660E+01
6.727   3.343516E+01
6.729   3.320694E+01
6.731   3.319913E+01
6.733   3.316194E+01
6.735   3.562226E+01
6.737   3.317472E+01
6.739   5.018401E+02
6.741   3.747333E+01
6.743   3.310349E+01
6.745   3.408830E+01
6.747   3.304938E+01
6.749   3.305399E+01
6.751   3.304060E+01
6.753   3.393274E+01
6.755   3.343639E+01
6.757   3.299995E+01
6.759   3.297734E+01
6.761   3.295475E+01
6.763   3.296092E+01
6.765   3.439611E+01
6.767   3.300455E+01
6.769   3.289169E+01
6.771   3.301634E+01
6.773   2.620830E+02
6.775   3.285128E+01
6.777   3.287080E+01
6.779   2.617690E+02
6.781   3.391245E+01
6.783   3.281407E+01
6.785   3.279212E+01
6.787   3.276966E+01
6.789   3.283162E+01
6.791   3.273349E+01
6.793   5.441536E+01
6.795   3.305968E+01
6.797   3.267496E+01
6.799   3.268884E+01
6.801   3.294014E+01
6.803   3.264461E+01
6.805   3.266359E+01
6.807   3.262696E+01
6.809   3.261380E+01
6.811   3.259148E+01
6.813   3.257835E+01
6.815   3.256522E+01
6.817   3.255210E+01
6.819   3.252982E+01
6.821   3.252537E+01
6.823   3.252144E+01
6.825   3.249003E+01
6.827   3.247644E+01
6.829   3.247252E+01
6.831   3.244065E+01
6.833   3.243674E+01
6.835   3.243233E+01
6.837   3.325223E+01
6.839   3.239661E+01
6.841   3.237394E+01
6.843   3.236955E+01
6.845   3.238039E+01
6.847   3.232478E+01
6.849   3.232953E+01
6.851   3.231604E+01
6.853   3.229343E+01
6.855   3.417905E+01
6.857   3.227561E+01
6.859   3.227278E+01
6.861   3.226236E+01
6.863   3.496545E+01
6.865   3.223142E+01
6.867   3.219928E+01
6.869   3.217676E+01
6.871   3.218154E+01
6.873   3.762566E+01
6.875   3.213605E+01
6.877   3.212266E+01
6.879   3.212746E+01
6.881   3.209541E+01
6.883   3.208205E+01
6.885   3.207727E+01
6.887   3.206392E+01
6.889   3.204100E+01
6.891   3.402568E+01
6.893   3.202291E+01
6.895   3.200959E+01
6.897   3.207533E+01
6.899   3.198198E+01
6.901   3.196868E+01
6.903   3.593089E+01
6.905   3.193206E+01
6.907   3.192734E+01
6.909   3.191357E+01
6.911   4.068924E+01
6.913   3.186697E+01
6.915   3.187132E+01
6.917   3.204232E+01
6.919   3.186293E+01
6.921   3.182863E+01
6.923   3.181442E+01
6.925   3.178217E+01
6.927   3.177700E+01
6.929   3.177184E+01
6.931   3.173912E+01
6.933   3.173447E+01
6.935   3.172032E+01
6.937   3.171517E+01
6.939   3.169152E+01
6.941   3.299063E+01
6.943   3.167226E+01
6.945   3.165814E+01
6.947   3.250327E+01
6.949   3.162992E+01
6.951   3.161583E+01
6.953   3.159225E+01
6.955   3.156869E+01
6.957   3.182066E+01
6.959   3.155902E+01
6.961   3.202286E+01
6.963   3.152144E+01
6.965   2.626456E+03
6.967   3.701482E+01
6.969   3.974221E+01
6.971   3.148328E+01
6.973   3.145980E+01
6.975   3.143684E+01
6.977   3.162293E+01
6.979   3.283189E+01
6.981   3.139391E+01
6.983   3.137994E+01
6.985   3.138388E+01
6.987   3.172925E+01
6.989   3.142356E+01
6.991   3.132268E+01
6.993   3.132712E+01
6.995   1.016867E+02
6.997   3.127051E+01
6.999   1.428030E+02
7.001   3.126950E+01
7.003   3.124619E+01
7.005   1.737866E+02
7.007   4.389909E+01
7.009   3.121201E+01
7.011   3.118875E+01
7.013   3.117391E+01
7.015   3.116898E+01
7.017   3.114525E+01
7.019   3.113093E+01
7.021   3.144997E+01
7.023   3.111123E+01
7.025   3.109693E+01
7.027   3.107326E+01
7.029   3.110492E+01
7.031   3.105410E+01
7.033   3.103983E+01
7.035   3.103743E+01
7.037   3.102071E+01
7.039   3.099710E+01
7.041   3.098287E+01
7.043   3.098689E+01
7.045   3.108653E+01
7.047   3.093973E+01
7.049   3.093489E+01
7.051   3.093646E+01
7.053   3.090652E+01
7.055   3.089185E+01
7.057   3.088703E+01
7.059   3.087238E+01
7.061   3.084888E+01
7.063   3.084408E+01
7.065   3.082945E+01
7.067   3.133714E+01
7.069   3.079235E+01
7.071   3.079739E+01
7.073   3.078378E+01
7.075   3.076967E+01
7.077   3.075607E+01
7.079   3.074248E+01
7.081   3.071908E+01
7.083   3.083738E+01
7.085   3.081545E+01
7.087   3.069650E+01
7.089   3.066433E+01
7.091   3.069437E+01
7.093   3.066417E+01
7.095   3.067609E+01
7.097   3.063172E+01
7.099   3.062309E+01
7.101   3.089174E+01
7.103   3.075202E+01
7.105   3.083427E+01
7.107   3.056761E+01
7.109   3.056243E+01
7.111   3.067738E+01
7.113   3.051546E+01
7.115   3.052006E+01
7.117   3.057492E+01
7.119   3.048243E+01
7.121   3.048655E+01
7.123   3.046336E+01
7.125   3.044896E+01
7.127   3.067380E+01
7.129   3.132666E+01
7.131   3.057089E+01
7.133   3.050341E+01
7.135   3.049535E+01
7.137   3.043425E+01
7.139   3.116653E+01
7.141   3.034427E+01
7.143   3.045439E+01
7.145   3.034963E+01
7.147   3.029158E+01
7.149   3.033411E+01
7.151   3.035719E+01
7.153   3.067444E+01
7.155   3.037468E+01
7.157   3.025557E+01
7.159   3.023159E+01
7.161   3.053155E+01
7.163   3.020211E+01
7.165   3.019658E+01
7.167   3.017265E+01
7.169   3.015794E+01
7.171   3.016163E+01
7.173   3.014693E+01
7.175   3.028904E+01
7.177   3.278443E+01
7.179   3.011206E+01
7.181   3.009642E+01
7.183   3.007305E+01
7.185   3.050158E+01
7.187   3.006211E+01
7.189   3.740247E+01
7.191   3.517706E+01
7.193   3.001869E+01
7.195   3.000407E+01
7.197   2.997065E+01
7.199   3.013934E+01
7.201   2.996027E+01
7.203   1.938898E+02
7.205   2.993110E+01
7.207   2.993484E+01
7.209   2.992027E+01
7.211   2.988693E+01
7.213   2.988154E+01
7.215   3.004651E+01
7.217   2.985246E+01
7.219   2.984708E+01
7.221   2.984170E+01
7.223   2.991612E+01
7.225   2.981220E+01
7.227   2.978809E+01
7.229   2.979234E+01
7.231   1.436717E+02
7.233   2.976290E+01
7.235   2.975756E+01
7.237   3.033327E+01
7.239   2.991716E+01
7.241   2.970364E+01
7.243   2.970791E+01
7.245   2.969300E+01
7.247   2.965941E+01
7.249   2.966320E+01
7.251   2.965741E+01
7.253   2.963343E+01
7.255   2.961856E+01
7.257   2.961279E+01
7.259   2.960750E+01
7.261   2.958309E+01
7.263   2.956825E+01
7.265   3.189452E+01
7.267   1.354388E+02
7.269   2.955292E+01
7.271   2.952712E+01
7.273   2.952186E+01
7.275   2.949800E+01
7.277   2.948369E+01
7.279   3.010243E+01
7.281   2.946415E+01
7.283   2.948514E+01
7.285   2.945417E+01
7.287   2.943036E+01
7.289   1.688447E+02
7.291   2.940135E+01
7.293   2.939615E+01
7.295   2.939142E+01
7.297   2.936528E+01
7.299   3.234348E+01
7.301   2.934777E+01
7.303   2.933355E+01
7.305   2.938208E+01
7.307   2.931369E+01
7.309   3.340572E+01
7.311   2.931760E+01
7.313   2.950331E+01
7.315   2.929397E+01
7.317   2.932156E+01
7.319   3.224703E+01
7.321   2.924055E+01
7.323   3.281409E+01
7.325   2.966356E+01
7.327   2.919718E+01
7.329   2.918258E+01
7.331   2.925182E+01
7.333   2.915387E+01
7.335   2.918096E+01
7.337   2.914366E+01
7.339   3.125401E+01
7.341   2.911453E+01
7.343   2.912646E+01
7.345   2.909490E+01
7.347   1.164528E+03
7.349   3.010582E+01
7.351   2.906076E+01
7.353   2.904624E+01
7.355   2.903787E+01
7.357   3.713552E+02
7.359   2.902161E+01
7.361   2.948546E+01
7.363   2.909215E+01
7.365   2.908661E+01
7.367   2.896323E+01
7.369   2.958775E+01
7.371   2.894374E+01
7.373   2.951377E+01
7.375   2.891486E+01
7.377   2.919416E+01
7.379   2.911566E+01
7.381   2.888101E+01
7.383   2.899453E+01
7.385   2.888793E+01
7.387   2.902772E+01
7.389   2.884880E+01
7.391   2.881797E+01
7.393   2.884117E+01
7.395   2.903857E+01
7.397   2.878333E+01
7.399   2.928804E+01
7.401   2.878278E+01
7.403   3.087734E+01
7.405   2.874285E+01
7.407   2.874540E+01
7.409   2.872921E+01
7.411   2.905460E+01
7.413   2.868747E+01
7.415   2.871580E+01
7.417   2.866451E+01
7.419   3.009791E+01
7.421   2.868883E+01
7.423   2.867409E+01
7.425   2.861866E+01
7.427   2.865724E+01
7.429   2.865560E+01
7.431   2.872359E+01
7.433   2.865653E+01
7.435   2.583817E+02
7.437   2.862011E+01
7.439   2.853353E+01
7.441   2.857019E+01
7.443   2.851306E+01
7.445   2.850353E+01
7.447   2.863763E+01
7.449   2.856095E+01
7.451   2.846613E+01
7.453   2.119722E+02
7.455   8.578902E+01
7.457   2.863648E+01
7.459   3.332237E+01
7.461   2.842286E+01
7.463   1.446679E+02
7.465   2.848624E+01
7.467   2.845397E+01
7.469   2.836080E+01
7.471   3.809059E+01
7.473   2.837025E+01
7.475   3.160981E+01
7.477   2.832906E+01
7.479   2.831499E+01
7.481   2.831299E+01
7.483   2.827572E+01
7.485   3.804347E+01
7.487   2.826479E+01
7.489   2.824982E+01
7.491   2.823486E+01
7.493   2.823938E+01
7.495   2.822535E+01
7.497   2.819235E+01
7.499   2.820659E+01
7.501   2.819259E+01
7.503   2.970078E+01
7.505   3.011067E+01
7.507   2.816867E+01
7.509   2.815469E+01
7.511   3.348001E+01
7.513   2.812630E+01
7.515   2.812159E+01
7.517   8.606538E+01
7.519   2.809277E+01
7.521   2.810700E+01
7.523   2.808337E+01
7.525   3.504205E+01
7.527   2.819901E+01
7.529   2.804992E+01
7.531   2.824489E+01
7.533   2.802120E+01
7.535   2.802621E+01
7.537   2.807820E+01
7.539   2.800212E+01
7.541   2.798687E+01
7.543   2.797530E+01
7.545   2.796927E+01
7.547   2.793471E+01
7.549   2.794755E+01
7.551   2.793187E+01
7.553   2.808446E+01
7.555   2.790099E+01
7.557   4.465992E+01
7.559   2.788853E+01
7.561   2.787288E+01
7.563   2.785725E+01
7.565   2.785126E+01
7.567   2.843679E+01
7.569   2.781957E+01
7.571   2.782322E+01
7.573   2.780762E+01
7.575   2.779203E+01
7.577   2.777599E+01
7.579   2.777003E+01
7.581   3.774951E+01
7.583   2.774805E+01
7.585   5.535787E+02
7.587   2.773617E+01
7.589   2.772795E+01
7.591   2.769594E+01
7.593   5.810294E+02
7.595   2.767495E+01
7.597   2.766949E+01
7.599   2.767318E+01
7.601   2.802041E+01
7.603   2.883696E+01
7.605   2.762715E+01
7.607   2.766051E+01
7.609   2.761536E+01
7.611   2.759077E+01
7.613   2.758489E+01
7.615   2.757901E+01
7.617   2.756356E+01
7.619   2.766844E+01
7.621   2.755183E+01
7.623   2.753640E+01
7.625   2.752098E+01
7.627   2.750557E+01
7.629   2.750974E+01
7.631   5.162042E+01
7.633   2.747894E+01
7.635   2.747311E+01
7.637   2.746728E+01
7.639   2.749873E+01
7.641   2.743654E+01
7.643   3.621795E+01
7.645   2.740583E+01
7.647   2.462597E+02
7.649   2.740421E+01
7.651   2.842912E+01
7.653   2.737310E+01
7.655   2.735778E+01
7.657   2.736197E+01
7.659   2.734621E+01
7.661   2.733092E+01
7.663   2.732514E+01
7.665   2.731937E+01
7.667   2.729458E+01
7.669   2.728837E+01
7.671   2.729257E+01
7.673   2.728138E+01
7.675   2.725392E+01
7.677   1.583887E+02
7.679   2.724062E+01
7.681   2.722539E+01
7.683   2.722057E+01
7.685   2.992909E+01
7.687   2.721001E+01
7.689   2.718532E+01
7.691   2.718006E+01
7.693   2.721136E+01
7.695   2.716006E+01
7.697   2.714534E+01
7.699   2.714956E+01
7.701   2.714431E+01
7.703   2.712014E+01
7.705   2.710498E+01
7.707   2.711913E+01
7.709   2.709452E+01
7.711   2.708930E+01
7.713   2.706472E+01
7.715   2.707885E+01
7.717   2.705429E+01
7.719   2.703918E+01
7.721   2.706321E+01
7.723   2.703821E+01
7.725   2.710943E+01
7.727   2.744709E+01
7.729   2.748986E+01
7.731   2.698688E+01
7.733   3.947903E+01
7.735   2.789726E+01
7.737   2.696954E+01
7.739   2.694462E+01
7.741   2.693587E+01
7.743   2.733073E+01
7.745   2.691747E+01
7.747   2.690201E+01
7.749   2.700082E+01
7.751   2.689977E+01
7.753   2.715484E+01
7.755   2.685903E+01
7.757   2.700252E+01
7.759   2.684742E+01
7.761   2.749016E+01
7.763   2.682598E+01
7.765   2.703328E+01
7.767   2.693332E+01
7.769   2.683610E+01
7.771   2.762682E+01
7.773   1.028915E+02
7.775   2.676180E+01
7.777   2.675581E+01
7.779   2.675920E+01
7.781   2.678624E+01
7.783   2.683780E+01
7.785   2.672073E+01
7.787   2.691053E+01
7.789   2.668873E+01
7.791   2.681158E+01
7.793   2.676059E+01
7.795   2.666997E+01
7.797   2.664442E+01
7.799   2.688470E+01
7.801   2.664145E+01
7.803   2.681574E+01
7.805   2.667985E+01
7.807   2.662053E+01
7.809   2.825144E+01
7.811   2.658066E+01
7.813   2.664230E+01
7.815   2.762857E+01
7.817   2.655182E+01
7.819   2.699446E+01
7.821   2.653913E+01
7.823   2.739569E+01
7.825   2.650737E+01
7.827   5.590888E+01
7.829   2.649516E+01
7.831   9.405914E+01
7.833   2.647365E+01
7.835   9.975497E+01
7.837   2.646146E+01
7.839   2.643611E+01
7.841   2.708214E+01
7.843   2.684855E+01
7.845   2.644023E+01
7.847   2.640207E+01
7.849   2.640596E+01
7.851   2.715954E+01
7.853   2.637439E+01
7.855   2.636855E+01
7.857   2.876432E+01
7.859   2.635646E+01
7.861   2.633076E+01
7.863   2.633422E+01
7.865   2.632840E+01
7.867   2.645722E+01
7.869   2.732953E+01
7.871   2.630039E+01
7.873   2.628445E+01
7.875   2.626807E+01
7.877   2.626184E+01
7.879   2.625518E+01
7.881   2.623882E+01
7.883   2.622291E+01
7.885   2.623608E+01
7.887   2.620961E+01
7.889   2.620341E+01
7.891   2.700338E+01
7.893   2.618045E+01
7.895   2.617382E+01
7.897   2.615752E+01
7.899   2.615133E+01
7.901   2.615438E+01
7.903   2.612843E+01
7.905   2.611216E+01
7.907   2.611521E+01
7.909   2.610861E+01
7.911   2.618541E+01
7.913   2.607610E+01
7.915   2.607916E+01
7.917   2.711208E+01
7.919   2.604670E+01
7.921   2.604977E+01
7.923   2.603355E+01
7.925   2.673812E+01
7.927   2.601165E+01
7.929   2.601516E+01
7.931   2.598977E+01
7.933   2.598366E+01
7.935   2.597755E+01
7.937   2.597144E+01
7.939   2.595790E+01
7.941   2.594961E+01
7.943   2.594351E+01
7.945   2.592781E+01
7.947   2.591167E+01
7.949   2.591563E+01
7.951   2.590955E+01
7.953   2.863323E+01
7.955   2.587775E+01
7.957   2.588128E+01
7.959   2.586562E+01
7.961   2.585956E+01
7.963   2.584347E+01
7.965   2.583741E+01
7.967   2.583136E+01
7.969   2.581529E+01
7.971   2.599919E+01
7.973   2.581280E+01
7.975   2.663884E+01
7.977   2.577112E+01
7.979   2.578468E+01
7.981   2.575908E+01
7.983   2.575306E+01
7.985   2.574661E+01
7.987   2.574059E+01
7.989   2.572459E+01
7.991   2.571858E+01
7.993   2.571258E+01
7.995   2.569659E+01
7.997   2.569017E+01
7.999   2.568418E+01
8.001   2.567776E+01
8.003   2.566180E+01
8.005   2.565582E+01
8.007   2.564941E+01
8.009   2.564344E+01
8.011   2.561753E+01
8.013   2.561114E+01
8.015   2.561514E+01
8.017   2.559879E+01
8.019   2.570759E+01
8.021   2.558646E+01
8.023   2.576879E+01
8.025   2.601333E+01
8.027   2.554787E+01
8.029   2.555058E+01
8.031   2.553384E+01
8.033   2.551668E+01
8.035   2.552934E+01
8.037   2.550484E+01
8.039   2.549547E+01
8.041   1.379351E+02
8.043   2.696322E+01
8.045   2.672473E+01
8.047   2.544769E+01
8.049   2.546035E+01
8.051   2.544971E+01
8.053   2.542614E+01
8.055   2.542629E+01
8.057   2.541222E+01
8.059   2.540506E+01
8.061   2.538798E+01
8.063   2.537092E+01
8.065   2.537367E+01
8.067   2.535662E+01
8.069   2.533957E+01
8.071   2.534233E+01
8.073   2.533519E+01
8.075   2.531817E+01
8.077   2.530115E+01
8.079   2.530434E+01
8.081   2.531698E+01
8.083   2.528108E+01
8.085   2.527482E+01
8.087   2.526814E+01
8.089   2.525202E+01
8.091   2.524535E+01
8.093   2.523911E+01
8.095   2.522516E+01
8.097   2.521592E+01
8.099   2.520927E+01
8.101   2.521290E+01
8.103   2.518654E+01
8.105   2.517004E+01
8.107   2.518353E+01
8.109   2.521715E+01
8.111   2.515056E+01
8.113   2.514394E+01
8.115   2.514715E+01
8.117   2.512085E+01
8.119   2.511423E+01
8.121   2.511788E+01
8.123   2.510144E+01
8.125   2.509483E+01
8.127   2.507798E+01
8.129   2.532298E+01
8.131   2.505881E+01
8.133   2.505777E+01
8.135   2.572774E+01
8.137   2.547476E+01
8.139   2.514681E+01
8.141   2.568873E+01
8.143   2.511612E+01
8.145   2.499527E+01
8.147   2.498828E+01
8.149   2.685324E+01
8.151   2.497389E+01
8.153   2.530593E+01
8.155   2.493992E+01
8.157   2.495254E+01
8.159   2.493536E+01
8.161   2.491818E+01
8.163   2.491123E+01
8.165   2.491405E+01
8.167   2.489690E+01
8.169   2.496392E+01
8.171   2.488259E+01
8.173   2.487522E+01
8.175   2.484832E+01
8.177   2.485116E+01
8.179   2.488669E+01
8.181   2.482670E+01
8.183   2.488556E+01
8.185   2.491512E+01
8.187   2.483311E+01
8.189   2.489277E+01
8.191   9.243907E+01
8.193   2.478568E+01
8.195   2.483005E+01
8.197   2.495023E+01
8.199   2.475568E+01
8.201   8.446347E+01
8.203   1.334458E+02
8.205   2.478794E+01
8.207   2.477894E+01
8.209   2.471241E+01
8.211   2.468567E+01
8.213   2.494010E+01
8.215   2.469140E+01
8.217   2.469807E+01
8.219   2.465911E+01
8.221   2.465226E+01
8.223   2.469694E+01
8.225   2.492102E+01
8.227   2.469422E+01
8.229   2.496757E+01
8.231   2.515472E+01
8.233   2.459398E+01
8.235   2.460529E+01
8.237   2.459215E+01
8.239   2.503083E+01
8.241   2.474665E+01
8.243   2.455782E+01
8.245   2.456745E+01
8.247   2.477286E+01
8.249   2.463173E+01
8.251   2.452938E+01
8.253   2.501740E+01
8.255   2.450529E+01
8.257   3.105316E+01
8.259   3.126427E+01
8.261   2.446354E+01
8.263   4.391520E+01
8.265   2.446976E+01
8.267   2.452055E+01
8.269   2.444533E+01
8.271   6.206416E+01
8.273   2.443099E+01
8.275   2.440368E+01
8.277   2.440660E+01
8.279   2.994304E+02
8.281   2.449125E+01
8.283   2.548519E+01
8.285   2.437800E+01
8.287   2.556298E+01
8.289   2.450616E+01
8.291   2.433649E+01
8.293   2.434946E+01
8.295   2.432224E+01
8.297   2.442059E+01
8.299   3.718190E+01
8.301   2.431093E+01
8.303   2.428375E+01
8.305   3.891614E+01
8.307   2.427916E+01
8.309   2.426203E+01
8.311   6.816218E+01
8.313   2.425788E+01
8.315   2.424077E+01
8.317   2.423368E+01
8.319   5.884678E+01
8.321   2.421953E+01
8.323   2.420203E+01
8.325   2.419496E+01
8.327   2.423627E+01
8.329   2.418084E+01
8.331   2.416337E+01
8.333   2.415632E+01
8.335   2.415927E+01
8.337   2.415181E+01
8.339   2.413477E+01
8.341   2.411733E+01
8.343   2.412029E+01
8.345   2.411326E+01
8.347   2.409583E+01
8.349   2.409879E+01
8.351   2.603528E+01
8.353   2.407437E+01
8.355   2.405738E+01
8.357   2.492670E+01
8.359   3.032943E+01
8.361   2.402600E+01
8.363   4.022904E+01
8.365   2.402696E+01
8.367   3.191693E+01
8.369   2.400801E+01
8.371   3.055517E+01
8.373   2.399571E+01
8.375   2.758640E+01
8.377   2.597189E+01
8.379   2.397438E+01
8.381   2.395540E+01
8.383   2.393809E+01
8.385   2.397007E+01
8.387   2.396766E+01
8.389   2.399713E+01
8.391   1.023237E+02
8.393   2.391246E+01
8.395   3.255419E+01
8.397   2.438822E+01
8.399   6.110176E+01
8.401   2.388391E+01
8.403   2.792425E+01
8.405   2.390600E+01
8.407   2.385240E+01
8.409   2.461027E+01
8.411   2.441368E+01
8.413   2.394890E+01
8.415   2.859708E+01
8.417   2.380509E+01
8.419   2.378747E+01
8.421   2.379007E+01
8.423   2.378277E+01
8.425   2.376517E+01
8.427   2.375747E+01
8.429   2.376007E+01
8.431   2.374249E+01
8.433   2.372492E+01
8.435   2.373947E+01
8.437   2.371985E+01
8.439   2.370229E+01
8.441   2.369462E+01
8.443   2.369723E+01
8.445   2.367970E+01
8.447   2.367203E+01
8.449   2.378644E+01
8.451   2.365713E+01
8.453   2.364948E+01
8.455   2.363197E+01
8.457   2.364445E+01
8.459   2.362696E+01
8.461   2.359880E+01
8.463   2.361169E+01
8.465   2.360406E+01
8.467   2.358659E+01
8.469   2.356913E+01
8.471   2.358201E+01
8.473   2.356456E+01
8.475   2.355900E+01
8.477   2.363209E+01
8.479   2.355239E+01
8.481   2.352472E+01
8.483   2.354087E+01
8.485   2.359712E+01
8.487   2.351259E+01
8.489   2.350296E+01
8.491   2.357390E+01
8.493   2.349067E+01
8.495   2.359141E+01
8.497   2.346530E+01
8.499   2.345815E+01
8.501   2.345059E+01
8.503   2.344303E+01
8.505   2.363472E+01
8.507   2.342833E+01
8.509   2.342079E+01
8.511   2.339284E+01
8.513   2.339591E+01
8.515   2.339857E+01
8.517   2.338085E+01
8.519   2.367577E+01
8.521   2.350680E+01
8.523   2.335828E+01
8.525   2.334506E+01
8.527   2.334406E+01
8.529   2.333696E+01
8.531   2.331968E+01
8.533   2.337567E+01
8.535   2.331567E+01
8.537   2.330858E+01
8.539   2.329092E+01
8.541   2.763406E+01
8.543   2.328693E+01
8.545   2.326969E+01
8.547   2.338613E+01
8.549   2.333192E+01
8.551   2.324808E+01
8.553   2.324062E+01
8.555   2.322341E+01
8.557   2.375040E+01
8.559   2.365478E+01
8.561   2.319172E+01
8.563   2.368104E+01
8.565   2.321576E+01
8.567   2.321682E+01
8.569   2.317291E+01
8.571   2.317601E+01
8.573   2.331075E+01
8.575   2.414356E+01
8.577   2.314401E+01
8.579   2.314711E+01
8.581   2.331208E+01
8.583   2.312216E+01
8.585   2.311435E+01
8.587   2.311665E+01
8.589   2.326773E+01
8.591   2.308042E+01
8.593   2.318860E+01
8.595   2.349187E+01
8.597   2.305745E+01
8.599   2.305976E+01
8.601   2.305197E+01
8.603   2.356246E+01
8.605   2.302592E+01
8.607   2.302864E+01
8.609   2.302087E+01
8.611   1.109079E+02
8.613   2.299486E+01
8.615   1.169106E+02
8.617   2.297895E+01
8.619   2.296112E+01
8.621   2.297352E+01
8.623   2.305074E+01
8.625   2.382484E+01
8.627   2.300705E+01
8.629   2.293210E+01
8.631   2.291391E+01
8.633   2.291625E+01
8.635   4.065200E+01
8.637   2.986903E+01
8.639   2.290797E+01
8.641   2.287453E+01
8.643   2.287687E+01
8.645   2.286917E+01
8.647   2.285505E+01
8.649   2.285378E+01
8.651   2.284609E+01
8.653   2.283679E+01
8.655   4.879485E+01
8.657   2.282263E+01
8.659   2.281455E+01
8.661   2.278643E+01
8.663   2.279921E+01
8.665   2.279114E+01
8.667   2.277306E+01
8.669   2.427791E+01
8.671   2.276776E+01
8.673   2.274970E+01
8.675   2.274205E+01
8.677   2.273401E+01
8.679   2.273637E+01
8.681   2.271833E+01
8.683   2.299064E+01
8.685   2.271706E+01
8.687   2.271103E+01
8.689   2.270261E+01
8.691   2.266902E+01
8.693   2.268178E+01
8.695   2.266498E+01
8.697   2.264539E+01
8.699   2.268370E+01
8.701   2.265174E+01
8.703   2.594662E+01
8.705   2.262378E+01
8.707   2.361482E+01
8.709   2.262097E+01
8.711   2.258907E+01
8.713   2.259105E+01
8.715   2.324769E+01
8.717   2.256436E+01
8.719   3.315455E+01
8.721   2.256874E+01
8.723   2.379841E+01
8.725   2.254287E+01
8.727   2.252497E+01
8.729   2.253771E+01
8.731   2.250948E+01
8.733   2.251228E+01
8.735   4.215440E+01
8.737   2.461636E+01
8.739   2.247894E+01
8.741   2.248135E+01
8.743   2.248415E+01
8.745   2.245558E+01
8.747   2.249530E+01
8.749   2.245047E+01
8.751   2.245327E+01
8.753   2.246679E+01
8.755   2.266473E+01
8.757   2.242996E+01
8.759   2.241215E+01
8.761   2.271223E+01
8.763   2.257984E+01
8.765   2.251130E+01
8.767   2.238180E+01
8.769   2.323837E+01
8.771   2.242900E+01
8.773   2.755320E+01
8.775   2.256994E+01
8.777   2.234482E+01
8.779   2.233736E+01
8.781   2.238566E+01
8.783   3.498346E+01
8.785   2.232566E+01
8.787   2.230793E+01
8.789   2.966734E+01
8.791   2.229304E+01
8.793   2.229627E+01
8.795   2.227817E+01
8.797   2.227073E+01
8.799   2.237301E+01
8.801   2.227087E+01
8.803   2.228514E+01
8.805   2.224103E+01
8.807   2.224426E+01
8.809   1.429385E+03
8.811   7.201068E+02
8.813   2.248759E+01
8.815   2.221423E+01
8.817   2.221785E+01
8.819   2.219943E+01
8.821   2.220738E+01
8.823   2.247588E+01
8.825   2.217725E+01
8.827   2.297631E+01
8.829   2.216248E+01
8.831   2.214488E+01
8.833   2.214773E+01
8.835   2.215844E+01
8.837   3.214600E+01
8.839   2.211541E+01
8.841   2.211865E+01
8.843   2.211130E+01
8.845   2.210394E+01
8.847   7.590170E+01
8.849   3.245950E+01
8.851   2.341815E+01
8.853   2.210436E+01
8.855   3.167988E+01
8.857   3.823106E+01
8.859   2.205255E+01
8.861   2.206207E+01
8.863   2.220950E+01
8.865   2.208697E+01
8.867   4.340660E+01
8.869   2.404952E+01
8.871   2.201880E+01
8.873   2.201149E+01
8.875   4.798828E+01
8.877   2.198631E+01
8.879   2.201812E+01
8.881   2.738313E+01
8.883   2.226465E+01
8.885   4.380719E+01
8.887   2.195962E+01
8.889   3.502100E+01
8.891   5.537720E+01
8.893   2.194480E+01
8.895   2.192777E+01
8.897   2.192830E+01
8.899   2.192181E+01
8.901   2.190753E+01
8.903   2.191665E+01
8.905   2.188014E+01
8.907   2.279451E+01
8.909   2.186992E+01
8.911   2.186073E+01
8.913   2.184569E+01
8.915   2.192064E+01
8.917   2.183278E+01
8.919   2.182321E+01
8.921   2.199465E+01
8.923   2.836645E+01
8.925   2.266410E+01
8.927   2.334869E+01
8.929   2.178710E+01
8.931   2.176706E+01
8.933   2.175791E+01
8.935   2.175887E+01
8.937   1.202788E+02
8.939   2.192122E+01
8.941   2.172019E+01
8.943   2.172154E+01
8.945   2.415808E+01
8.947   2.170679E+01
8.949   2.169340E+01
8.951   2.168390E+01
8.953   6.759505E+01
8.955   2.169282E+01
8.957   2.166007E+01
8.959   2.174011E+01
8.961   9.727586E+01
8.963   2.163549E+01
8.965   2.163841E+01
8.967   2.163281E+01
8.969   2.162334E+01
8.971   2.161581E+01
8.973   2.159784E+01
8.975   2.161121E+01
8.977   2.160021E+01
8.979   2.161473E+01
8.981   2.159252E+01
8.983   2.164995E+01
8.985   2.156281E+01
8.987   2.177052E+01
8.989   2.316949E+01
8.991   2.168012E+01
8.993   2.157297E+01
8.995   2.152455E+01
8.997   2.154100E+01
8.999   2.152000E+01
9.001   2.468444E+01
9.003   2.167282E+01
9.005   2.149718E+01
9.007   2.152363E+01
9.009   2.148185E+01
9.011   2.579578E+01
9.013   2.159869E+01
9.015   2.148990E+01
9.017   2.145124E+01
9.019   2.153542E+01
9.021   2.145636E+01
9.023   9.192004E+01
9.025   2.143992E+01
9.027   2.143825E+01
9.029   2.161810E+01
9.031   2.159986E+01
9.033   2.139633E+01
9.035   2.154110E+01
9.037   2.150329E+01
9.039   2.147433E+01
9.041   4.742211E+01
9.043   2.154815E+01
9.045   2.153801E+01
9.047   2.134940E+01
9.049   2.165858E+01
9.051   2.134304E+01
9.053   4.136407E+01
9.055   2.131635E+01
9.057   2.132890E+01
9.059   2.129966E+01
9.061   2.144058E+01
9.063   2.129370E+01
9.065   2.136370E+01
9.067   2.150567E+01
9.069   2.126889E+01
9.071   2.129904E+01
9.073   2.125224E+01
9.075   2.125445E+01
9.077   2.124594E+01
9.079   2.862294E+01
9.081   2.122932E+01
9.083   2.121050E+01
9.085   2.165302E+01
9.087   2.121492E+01
9.089   2.128475E+01
9.091   2.848470E+01
9.093   2.119099E+01
9.095   2.278033E+01
9.097   2.117480E+01
9.099   2.115641E+01
9.101   2.127347E+01
9.103   3.077407E+01
9.105   2.477090E+01
9.107   1.309708E+02
9.109   2.313835E+01
9.111   2.124364E+01
9.113   2.118030E+01
9.115   2.182938E+01
9.117   2.272727E+01
9.119   6.002436E+01
9.121   2.100525E+02
9.123   2.760526E+01
9.125   2.108509E+01
9.127   2.107743E+01
9.129   2.116182E+01
9.131   2.120320E+01
9.133   2.170119E+01
9.135   2.230958E+01
9.137   2.217434E+01
9.139   2.103037E+01
9.141   2.111846E+01
9.143   2.142679E+01
9.145   2.100746E+01
9.147   2.102071E+01
9.149   2.102408E+01
9.151   2.106844E+01
9.153   2.126415E+01
9.155   2.113320E+01
9.157   2.337845E+01
9.159   2.109250E+01
9.161   2.106894E+01
9.163   2.300767E+01
9.165   2.174666E+01
9.167   2.095326E+01
9.169   2.195986E+01
9.171   2.212848E+01
9.173   2.107848E+01
9.175   2.100727E+01
9.177   2.147000E+01
9.179   2.092511E+01
9.181   2.091866E+01
9.183   2.091221E+01
9.185   2.165961E+01
9.187   2.098853E+01
9.189   2.683146E+01
9.191   4.409416E+01
9.193   2.137824E+01
9.195   2.226597E+01
9.197   2.542246E+02
9.199   2.121632E+01
9.201   2.121511E+01
9.203   2.165649E+01
9.205   2.145486E+01
9.207   2.148377E+01
9.209   2.124042E+01
9.211   2.152647E+01
9.213   2.101372E+01
9.215   2.145080E+01
9.217   2.115605E+01
9.219   2.174659E+01
9.221   2.137320E+01
9.223   2.215884E+01
9.225   2.135151E+01
9.227   2.107630E+01
9.229   2.134715E+01
9.231   2.101224E+01
9.233   2.144621E+01
9.235   2.089673E+01
9.237   2.078432E+01
9.239   2.123459E+01
9.241   2.835864E+01
9.243   2.074190E+01
9.245   2.073290E+01
9.247   2.091543E+01
9.249   2.073107E+01
9.251   2.086847E+01
9.253   2.069696E+01
9.255   2.069887E+01
9.257   2.070452E+01
9.259   2.069405E+01
9.261   2.079307E+01
9.263   2.084968E+01
9.265   2.066453E+01
9.267   2.066157E+01
9.269   2.098117E+01
9.271   2.072794E+01
9.273   2.061825E+01
9.275   2.063027E+01
9.277   2.067523E+01
9.279   2.061240E+01
9.281   2.059299E+01
9.283   2.064915E+01
9.285   2.133508E+01
9.287   2.111736E+01
9.289   2.056778E+01
9.291   2.055961E+01
9.293   2.066766E+01
9.295   2.055413E+01
9.297   2.054597E+01
9.299   2.053819E+01
9.301   2.056588E+01
9.303   2.054765E+01
9.305   2.066265E+01
9.307   4.026129E+01
9.309   2.050867E+01
9.311   2.405950E+01
9.313   2.049240E+01
9.315   2.050590E+01
9.317   3.072056E+01
9.319   2.047884E+01
9.321   2.048152E+01
9.323   2.046297E+01
9.325   2.046715E+01
9.327   2.045904E+01
9.329   2.044944E+01
9.331   2.114431E+01
9.333   2.044402E+01
9.335   2.043592E+01
9.337   2.042783E+01
9.339   2.041973E+01
9.341   5.561270E+01
9.343   2.041619E+01
9.345   2.431717E+01
9.347   3.906365E+01
9.349   2.062595E+01
9.351   2.040764E+01
9.353   2.862941E+01
9.355   2.036551E+01
9.357   2.037117E+01
9.359   2.034938E+01
9.361   2.036284E+01
9.363   2.237787E+01
9.365   3.089533E+01
9.367   2.032830E+01
9.369   2.032025E+01
9.371   2.033370E+01
9.373   2.031491E+01
9.375   2.030687E+01
9.377   2.030958E+01
9.379   2.063217E+01
9.381   2.029352E+01
9.383   2.346743E+01
9.385   2.028857E+01
9.387   2.028054E+01
9.389   2.027253E+01
9.391   2.025379E+01
9.393   1.406354E+03
9.395   2.024849E+01
9.397   2.025120E+01
9.399   2.023248E+01
9.401   2.023520E+01
9.403   2.058763E+01
9.405   2.021921E+01
9.407   2.022192E+01
9.409   2.032207E+01
9.411   2.029192E+01
9.413   2.019760E+01
9.415   2.018962E+01
9.417   2.019234E+01
9.419   2.017367E+01
9.421   2.017602E+01
9.423   2.016805E+01
9.425   2.017409E+01
9.427   2.043871E+01
9.429   2.015485E+01
9.431   2.282147E+01
9.433   2.024128E+01
9.435   2.014535E+01
9.437   2.069228E+01
9.439   2.019935E+01
9.441   2.011563E+01
9.443   2.010732E+01
9.445   2.009902E+01
9.447   2.010138E+01
9.449   3.125056E+01
9.451   2.008663E+01
9.453   2.007650E+01
9.455   2.007886E+01
9.457   2.007058E+01
9.459   2.005165E+01
9.461   2.006466E+01
9.463   2.004574E+01
9.465   2.017798E+01
9.467   2.012860E+01
9.469   2.010785E+01
9.471   2.002294E+01
9.473   2.331008E+01
9.475   2.001706E+01
9.477   2.000880E+01
9.479   2.004634E+01
9.481   1.999194E+01
9.483   1.999431E+01
9.485   2.030201E+01
9.487   1.997783E+01
9.489   2.078455E+01
9.491   1.996099E+01
9.493   1.996337E+01
9.495   1.995478E+01
9.497   1.994655E+01
9.499   2.083797E+01
9.501   2.020167E+01
9.503   1.992154E+01
9.505   1.992392E+01
9.507   1.991571E+01
9.509   1.990750E+01
9.511   1.991026E+01
9.513   1.990205E+01
9.515   1.989386E+01
9.517   1.988566E+01
9.519   1.988805E+01
9.521   1.987986E+01
9.523   1.987167E+01
9.525   2.099144E+01
9.527   1.985531E+01
9.529   1.985807E+01
9.531   1.984953E+01
9.533   1.984136E+01
9.535   1.984412E+01
9.537   1.983595E+01
9.539   7.131276E+01
9.541   1.981926E+01
9.543   2.319950E+01
9.545   1.980295E+01
9.547   1.980535E+01
9.549   8.777665E+01
9.551   2.283758E+01
9.553   1.978055E+01
9.555   2.184316E+01
9.557   1.977482E+01
9.559   1.976668E+01
9.561   1.976909E+01
9.563   1.975006E+01
9.565   3.069694E+01
9.567   1.973346E+01
9.569   1.973623E+01
9.571   1.973864E+01
9.573   1.973052E+01
9.575   2.219102E+01
9.577   2.004462E+01
9.579   1.971635E+01
9.581   2.042260E+01
9.583   1.969942E+01
9.585   1.970183E+01
9.587   2.296842E+01
9.589   1.967406E+01
9.591   2.132056E+01
9.593   1.966839E+01
9.595   1.967081E+01
9.597   1.966236E+01
9.599   1.965393E+01
9.601   1.973266E+01
9.603   1.964791E+01
9.605   1.962863E+01
9.607   1.963105E+01
9.609   1.962263E+01
9.611   1.962505E+01
9.613   1.519814E+02
9.615   1.960822E+01
9.617   1.959981E+01
9.619   1.671821E+02
9.621   1.959346E+01
9.623   1.957424E+01
9.625   1.958749E+01
9.627   1.956827E+01
9.629   1.958151E+01
9.631   1.971842E+01
9.633   1.955356E+01
9.635   1.955598E+01
9.637   7.017679E+01
9.639   2.092546E+01
9.641   1.957623E+01
9.643   2.035827E+01
9.645   1.096674E+02
9.647   1.951618E+01
9.649   1.951897E+01
9.651   2.321585E+01
9.653   1.971485E+01
9.655   2.127418E+01
9.657   1.949561E+01
9.659   1.947612E+01
9.661   1.970392E+01
9.663   1.947021E+01
9.665   1.947265E+01
9.667   1.946431E+01
9.669   1.944484E+01
9.671   1.945841E+01
9.673   1.943895E+01
9.675   1.944139E+01
9.677   1.943307E+01
9.679   5.366704E+01
9.681   1.954843E+01
9.683   1.941852E+01
9.685   1.940985E+01
9.687   1.941265E+01
9.689   1.939323E+01
9.691   1.939568E+01
9.693   1.938702E+01
9.695   1.938947E+01
9.697   1.938117E+01
9.699   1.936142E+01
9.701   1.937497E+01
9.703   1.935559E+01
9.705   1.935804E+01
9.707   5.490021E+01
9.709   1.934112E+01
9.711   1.934358E+01
9.713   1.933495E+01
9.715   7.576117E+01
9.717   1.932877E+01
9.719   1.930943E+01
9.721   1.931189E+01
9.723   4.849211E+01
9.725   1.930573E+01
9.727   1.929462E+01
9.729   1.928066E+01
9.731   1.926635E+01
9.733   1.926310E+01
9.735   1.924916E+01
9.737   1.924592E+01
9.739   2.189256E+01
9.741   1.920665E+01
9.743   1.921446E+01
9.745   1.918914E+01
9.747   1.918592E+01
9.749   3.170437E+02
9.751   2.284991E+01
9.753   1.914492E+01
9.755   1.912925E+01
9.757   1.916305E+01
9.759   1.911180E+01
9.761   1.910859E+01
9.763   1.908369E+01
9.765   1.973374E+01
9.767   1.906628E+01
9.769   1.906309E+01
9.771   1.904888E+01
9.773   3.960642E+01
9.775   2.070644E+01
9.777   1.901730E+01
9.779   1.900311E+01
9.781   1.898893E+01
9.783   1.898576E+01
9.785   1.897159E+01
9.787   1.896842E+01
9.789   1.914191E+01
9.791   1.894045E+01
9.793   1.892630E+01
9.795   1.892279E+01
9.797   1.889802E+01
9.799   1.889487E+01
9.801   1.889137E+01
9.803   2.135928E+01
9.805   1.885745E+01
9.807   1.888264E+01
9.809   1.885083E+01
9.811   9.446143E+02
9.813   1.884420E+01
9.815   1.884638E+01
9.817   1.882662E+01
9.819   7.254332E+01
9.821   2.199298E+01
9.823   1.956172E+01
9.825   1.881341E+01
9.827   1.862478E+03
9.829   1.880682E+01
9.831   1.879804E+01
9.833   1.878928E+01
9.835   1.883171E+01
9.837   2.064759E+01
9.839   1.879582E+01
9.841   1.876518E+01
9.843   1.876737E+01
9.845   1.875862E+01
9.847   1.908664E+01
9.849   1.875205E+01
9.851   1.900557E+01
9.853   1.873457E+01
9.855   1.885903E+01
9.857   1.872768E+01
9.859   1.871895E+01
9.861   1.871022E+01
9.863   1.871241E+01
9.865   1.870369E+01
9.867   1.869497E+01
9.869   1.868590E+01
9.871   2.003402E+01
9.873   1.866849E+01
9.875   1.868158E+01
9.877   2.062409E+01
9.879   1.866383E+01
9.881   1.865513E+01
9.883   2.132200E+01
9.885   1.922860E+01
9.887   1.865083E+01
9.889   1.863126E+01
9.891   1.863346E+01
9.893   1.863566E+01
9.895   1.861610E+01
9.897   1.861830E+01
9.899   1.860963E+01
9.901   1.861569E+01
9.903   1.860316E+01
9.905   1.859415E+01
9.907   1.859670E+01
9.909   4.059422E+01
9.911   2.418169E+01
9.913   1.857039E+01
9.915   1.955532E+01
9.917   2.909298E+01
9.919   3.157058E+01
9.921   1.857081E+01
9.923   1.862936E+01
9.925   1.855073E+01
9.927   1.883523E+01
9.929   2.050068E+01
9.931   1.854582E+01
9.933   1.852111E+01
9.935   1.851773E+01
9.937   1.851994E+01
9.939   1.850015E+01
9.941   1.851703E+01
9.943   1.849934E+01
9.945   1.852495E+01
9.947   1.848177E+01
9.949   1.848923E+01
9.951   1.848970E+01
9.953   1.847168E+01
9.955   1.847739E+01
9.957   1.851483E+01
9.959   1.845079E+01
9.961   1.845301E+01
9.963   1.847057E+01
9.965   1.844072E+01
9.967   1.843180E+01
9.969   2.121226E+01
9.971   2.032692E+01
9.973   1.841618E+01
9.975   1.841806E+01
9.977   1.841472E+01
9.979   2.158804E+01
9.981   1.839133E+01
9.983   1.838800E+01
9.985   1.839022E+01
9.987   1.838133E+01
9.989   1.837243E+01
9.991   1.836875E+01
9.993   1.991279E+01
9.995   1.858514E+01
9.997   1.885444E+01
9.999   1.835510E+01
10.001  1.834569E+01
10.003  1.836181E+01
10.005  1.832760E+01
10.007  1.832983E+01
10.009  1.832062E+01
10.011  2.069364E+01
10.013  1.867223E+01
10.015  1.831034E+01
10.017  1.829559E+01
10.019  1.829228E+01
10.021  1.829417E+01
10.023  1.827944E+01
10.025  1.849366E+02
10.027  1.827249E+01
10.029  1.826885E+01
10.031  1.826001E+01
10.033  1.865889E+01
10.035  1.825827E+01
10.037  1.824944E+01
10.039  2.078189E+01
10.041  2.205972E+01
10.043  2.209094E+01
10.045  1.822212E+01
10.047  1.867885E+01
10.049  1.821314E+01
10.051  1.827619E+01
10.053  1.819829E+01
10.055  1.837356E+01
10.057  1.820694E+01
10.059  1.817363E+01
10.061  2.192716E+01
10.063  1.816433E+01
10.065  1.816556E+01
10.067  1.815539E+01
10.069  1.814523E+01
10.071  1.927703E+02
10.073  2.296245E+01
10.075  2.239955E+01
10.077  2.399330E+01
10.079  1.817994E+01
10.081  1.811227E+01
10.083  1.810213E+01
10.085  1.908845E+01
10.087  1.809289E+01
10.089  1.525500E+02
10.091  1.807815E+01
10.093  1.807353E+01
10.095  1.806892E+01
10.097  1.820015E+01
10.099  1.805970E+01
10.101  1.825413E+01
10.103  1.803949E+01
10.105  1.813248E+01
10.107  1.803578E+01
10.109  1.834549E+01
10.111  1.820895E+01
10.113  1.814801E+01
10.115  1.843965E+01
10.117  1.799633E+01
10.119  1.834142E+01
10.121  1.799231E+01
10.123  2.792164E+01
10.125  3.111589E+01
10.127  1.807286E+01
10.129  1.797330E+01
10.131  2.265584E+01
10.133  1.795627E+01
10.135  2.907951E+01
10.137  1.834174E+01
10.139  2.510314E+01
10.141  1.799209E+01
10.143  1.830830E+01
10.145  2.346864E+01
10.147  1.803142E+01
10.149  1.811340E+01
10.151  1.799558E+01
10.153  1.791063E+01
10.155  6.829929E+01
10.157  1.792580E+01
10.159  1.791646E+01
10.161  1.790474E+01
10.163  1.788515E+01
10.165  1.801213E+01
10.167  1.794267E+01
10.169  1.811124E+01
10.171  1.803906E+01
10.173  2.284698E+01
10.175  1.791730E+01
10.177  1.788819E+01
10.179  1.806036E+01
10.181  1.827373E+01
10.183  1.801712E+01
10.185  1.792664E+01
10.187  1.805572E+01
10.189  1.813192E+01
10.191  1.843025E+01
10.193  1.801511E+01
10.195  2.008787E+01
10.197  1.784425E+01
10.199  1.781521E+01
10.201  1.781240E+01
10.203  1.779836E+01
10.205  1.780100E+01
10.207  1.838163E+01
10.209  1.786681E+01
10.211  1.778373E+01
10.213  1.777957E+01
10.215  1.777575E+01
10.217  1.787865E+01
10.219  1.775622E+01
10.221  1.776328E+01
10.223  2.568184E+01
10.225  1.915514E+01
10.227  1.777900E+01
10.229  1.818390E+01
10.231  1.791630E+01
10.233  1.789786E+01
10.235  7.325141E+02
10.237  1.812356E+01
10.239  4.205622E+02
10.241  2.003867E+02
10.243  1.770106E+01
10.245  1.769150E+01
10.247  2.067282E+01
10.249  6.447456E+02
10.251  8.734717E+01
10.253  1.766381E+01
10.255  8.220014E+02
10.257  1.766640E+01
10.259  1.764806E+01
10.261  1.767170E+01
10.263  1.763746E+01
10.265  1.764451E+01
10.267  1.767152E+01
10.269  2.323496E+01
10.271  1.770487E+01
10.273  1.761083E+01
10.275  1.781997E+01
10.277  1.760263E+01
10.279  1.759852E+01
10.281  1.758868E+01
10.283  1.761464E+01
10.285  1.770170E+01
10.287  1.758180E+01
10.289  1.757197E+01
10.291  4.464094E+02
10.293  1.758100E+01
10.295  1.754959E+01
10.297  1.755157E+01
10.299  1.754817E+01
10.301  1.755015E+01
10.303  1.755719E+01
10.305  1.754839E+01
10.307  1.753387E+01
10.309  8.844222E+02
10.311  1.752101E+01
10.313  1.751189E+01
10.315  1.752465E+01
10.317  1.751923E+01
10.319  1.751954E+01
10.321  1.767393E+01
10.323  1.748281E+01
10.325  1.749052E+01
10.327  1.747570E+01
10.329  1.747770E+01
10.331  1.746860E+01
10.333  1.748169E+01
10.335  1.746688E+01
10.337  1.769461E+01
10.339  1.744870E+01
10.341  1.901750E+01
10.343  1.744699E+01
10.345  1.743221E+01
10.347  1.742850E+01
10.349  1.743050E+01
10.351  1.742713E+01
10.353  1.741773E+01
10.355  1.740867E+01
10.357  1.749616E+01
10.359  1.787358E+01
10.361  1.740328E+01
10.363  1.743778E+01
10.365  1.810109E+01
10.367  1.739722E+01
10.369  1.765608E+01
10.371  1.764698E+01
10.373  1.737042E+01
10.375  1.738615E+01
10.377  1.737812E+01
10.379  1.738313E+01
10.381  1.743531E+01
10.383  1.734098E+01
10.385  1.734868E+01
10.387  1.736005E+01
10.389  1.733030E+01
10.391  1.741920E+01
10.393  4.757400E+02
10.395  1.736038E+01
10.397  1.828151E+01
10.399  1.731764E+01
10.401  1.731932E+01
10.403  1.879768E+01
10.405  1.728997E+01
10.407  1.729766E+01
10.409  4.753757E+01
10.411  1.729034E+01
10.413  1.727535E+01
10.415  1.729871E+01
10.417  1.747272E+01
10.419  1.784264E+01
10.421  1.726642E+01
10.423  1.725145E+01
10.425  1.725347E+01
10.427  1.726881E+01
10.429  1.724052E+01
10.431  1.736172E+01
10.433  1.722759E+01
10.435  1.722928E+01
10.437  1.721999E+01
10.439  1.722201E+01
10.441  1.720707E+01
10.443  1.721475E+01
10.445  1.721179E+01
10.447  1.720184E+01
10.449  1.719224E+01
10.451  1.727201E+01
10.453  1.729495E+01
10.455  1.717573E+01
10.457  1.767851E+01
10.459  1.720269E+01
10.461  1.722397E+01
10.463  1.715530E+01
10.465  1.716297E+01
10.467  1.714774E+01
10.469  1.714380E+01
10.471  1.715147E+01
10.473  1.717472E+01
10.475  1.813974E+01
10.477  1.712873E+01
10.479  1.715130E+01
10.481  2.751722E+02
10.483  1.712290E+01
10.485  1.715871E+01
10.487  3.415459E+01
10.489  1.710582E+01
10.491  1.712076E+01
10.493  1.709268E+01
10.495  1.708314E+01
10.497  1.708484E+01
10.499  1.725986E+01
10.501  1.712331E+01
10.503  1.750256E+01
10.505  1.799175E+01
10.507  1.706594E+01
10.509  1.705080E+01
10.511  1.708323E+01
10.513  1.704299E+01
10.515  1.703908E+01
10.517  1.703518E+01
10.519  1.705769E+01
10.521  1.714521E+01
10.523  1.701821E+01
10.525  1.703972E+01
10.527  1.701043E+01
10.529  1.700653E+01
10.531  1.700265E+01
10.533  1.699315E+01
10.535  1.700080E+01
10.537  1.700252E+01
10.539  1.698743E+01
10.541  1.749086E+01
10.543  1.697967E+01
10.545  1.696427E+01
10.547  1.699957E+01
10.549  1.695652E+01
10.551  1.695857E+01
10.553  1.695470E+01
10.555  1.693931E+01
10.557  1.694696E+01
10.559  1.693750E+01
10.561  1.693922E+01
10.563  1.692418E+01
10.565  1.694366E+01
10.567  1.692237E+01
10.569  1.691293E+01
10.571  1.691466E+01
10.573  1.689963E+01
10.575  1.690727E+01
10.577  1.689751E+01
10.579  1.698458E+01
10.581  1.688423E+01
10.583  1.800253E+01
10.585  1.688244E+01
10.587  1.687302E+01
10.589  1.687476E+01
10.591  1.686534E+01
10.593  1.686707E+01
10.595  1.685209E+01
10.597  1.685382E+01
10.599  2.025491E+01
10.601  1.685205E+01
10.603  1.683675E+01
10.605  5.341062E+01
10.607  1.683466E+01
10.609  1.093438E+02
10.611  1.687446E+01
10.613  1.735191E+01
10.615  1.681380E+01
10.617  1.680441E+01
10.619  1.587944E+02
10.621  1.859788E+01
10.623  1.679263E+01
10.625  1.679470E+01
10.627  1.690068E+01
10.629  1.678708E+01
10.631  1.783730E+01
10.633  1.747047E+01
10.635  1.679981E+01
10.637  1.706205E+01
10.639  1.680557E+01
10.641  1.675248E+01
10.643  1.705145E+01
10.645  1.792769E+01
10.647  1.723290E+01
10.649  1.679337E+01
10.651  1.693334E+01
10.653  1.672285E+01
10.655  1.683541E+01
10.657  1.672049E+01
10.659  1.671083E+01
10.661  1.731678E+01
10.663  1.669675E+01
10.665  1.672520E+01
10.667  1.671816E+01
10.669  1.668476E+01
10.671  1.669204E+01
10.673  1.689356E+01
10.675  1.667831E+01
10.677  1.666835E+01
10.679  1.667011E+01
10.681  1.971709E+01
10.683  1.665639E+01
10.685  1.665230E+01
10.687  1.664821E+01
10.689  1.688451E+01
10.691  1.663418E+01
10.693  1.663594E+01
10.695  1.663186E+01
10.697  1.662777E+01
10.699  1.666069E+01
10.701  1.661961E+01
10.703  1.660969E+01
10.705  1.660562E+01
10.707  1.660154E+01
10.709  1.659747E+01
10.711  1.913084E+01
10.713  1.658349E+01
10.715  1.702113E+01
10.717  1.657536E+01
10.719  1.657129E+01
10.721  1.658926E+01
10.723  1.656317E+01
10.725  1.656461E+01
10.727  1.904663E+01
10.729  1.657397E+01
10.731  1.664337E+01
10.733  1.779461E+01
10.735  1.653818E+01
10.737  1.653413E+01
10.739  1.653008E+01
10.741  2.119008E+01
10.743  1.652199E+01
10.745  1.654929E+01
10.747  1.651940E+01
10.749  1.650405E+01
10.751  1.650582E+01
10.753  1.652568E+01
10.755  1.648612E+01
10.757  1.649339E+01
10.759  1.724974E+01
10.761  1.867732E+01
10.763  1.705201E+01
10.765  1.647726E+01
10.767  1.646162E+01
10.769  1.664300E+01
10.771  1.737978E+01
10.773  1.711322E+01
10.775  1.645681E+01
10.777  1.645666E+01
10.779  1.681763E+01
10.781  1.651690E+01
10.783  1.652994E+01
10.785  1.643093E+01
10.787  1.190573E+02
10.789  1.641679E+01
10.791  1.688742E+01
10.793  1.649081E+01
10.795  1.639898E+01
10.797  1.660595E+01
10.799  1.639065E+01
10.801  1.639791E+01
10.803  1.648583E+01
10.805  1.706157E+01
10.807  1.650415E+01
10.809  2.381215E+01
10.811  1.637182E+01
10.813  1.637489E+01
10.815  1.801961E+01
10.817  1.635375E+01
10.819  1.642615E+01
10.821  1.635123E+01
10.823  1.634147E+01
10.825  1.634295E+01
10.827  1.636719E+01
10.829  1.646581E+01
10.831  1.964729E+01
10.833  1.631485E+01
10.835  1.633491E+01
10.837  1.190719E+02
10.839  1.643909E+01
10.841  1.629865E+01
10.843  1.751001E+01
10.845  1.633778E+01
10.847  1.629795E+01
10.849  1.639705E+01
10.851  1.628395E+01
10.853  1.627391E+01
10.855  1.626995E+01
10.857  1.687623E+01
10.859  1.626172E+01
10.861  1.626320E+01
10.863  1.625637E+01
10.865  1.625497E+01
10.867  1.737771E+01
10.869  1.624100E+01
10.871  1.624281E+01
10.873  1.622704E+01
10.875  1.623460E+01
10.877  1.668430E+01
10.879  1.622608E+01
10.881  1.621065E+01
10.883  1.630371E+01
10.885  1.620788E+01
10.887  1.620395E+01
10.889  1.620543E+01
10.891  1.618970E+01
10.893  1.619151E+01
10.895  1.618727E+01
10.897  1.618334E+01
10.899  1.617910E+01
10.901  1.617485E+01
10.903  1.990513E+01
10.905  1.616096E+01
10.907  2.035087E+01
10.909  1.615249E+01
10.911  1.615398E+01
10.913  1.614434E+01
10.915  1.615156E+01
10.917  1.613588E+01
10.919  1.613165E+01
10.921  1.613347E+01
10.923  1.634605E+01
10.925  2.065202E+01
10.927  1.684915E+01
10.929  2.290253E+01
10.931  2.124235E+01
10.933  1.610305E+01
10.935  1.610455E+01
10.937  1.616257E+01
10.939  1.609644E+01
10.941  1.608684E+01
10.943  1.608263E+01
10.945  1.613775E+01
10.947  2.621104E+01
10.949  1.607033E+01
10.951  1.607215E+01
10.953  1.633805E+01
10.955  1.605233E+01
10.957  1.638691E+01
10.959  1.604996E+01
10.961  1.605178E+01
10.963  1.620754E+01
10.965  1.604371E+01
10.967  1.626875E+01
10.969  1.602963E+01
10.971  1.602544E+01
10.973  1.602157E+01
10.975  1.782873E+01
10.977  1.600751E+01
10.979  1.746389E+01
10.981  1.805015E+01
10.983  1.599528E+01
10.985  1.600280E+01
10.987  1.677579E+01
10.989  1.600551E+01
10.991  1.637856E+01
10.993  1.864419E+01
10.995  1.597056E+01
10.997  3.320846E+01
10.999  1.596823E+01
11.001  1.596406E+01
11.003  1.611327E+01
11.005  1.599391E+01
11.007  1.595757E+01
11.009  1.675740E+01
11.011  1.594357E+01
11.013  1.598293E+01
11.015  1.594093E+01
11.017  1.592543E+01
11.019  1.604513E+01
11.021  1.592879E+01
11.023  1.591298E+01
11.025  1.592018E+01
11.027  1.591005E+01
11.029  1.591157E+01
11.031  1.929579E+01
11.033  1.589730E+01
11.035  1.589883E+01
11.037  1.588273E+01
11.039  1.590408E+01
11.041  1.587981E+01
11.043  1.704352E+01
11.045  1.586557E+01
11.047  1.587275E+01
11.049  1.586265E+01
11.051  1.752356E+01
11.053  1.722571E+01
11.055  1.618322E+01
11.057  1.756147E+01
11.059  1.710678E+01
11.061  1.585989E+01
11.063  2.495942E+01
11.065  1.583375E+01
11.067  1.616097E+01
11.069  1.581925E+01
11.071  1.585215E+01
11.073  1.581071E+01
11.075  1.593985E+01
11.077  1.580187E+01
11.079  1.581845E+01
11.081  1.579334E+01
11.083  1.578893E+01
11.085  1.579046E+01
11.087  1.578010E+01
11.089  1.578759E+01
11.091  1.577159E+01
11.093  1.577281E+01
11.095  1.576277E+01
11.097  1.625183E+01
11.099  1.575396E+01
11.101  1.597009E+01
11.103  1.574547E+01
11.105  1.574670E+01
11.107  1.574230E+01
11.109  1.573791E+01
11.111  2.286678E+02
11.113  1.572943E+01
11.115  1.574284E+01
11.117  1.977684E+01
11.119  1.571032E+01
11.121  1.602192E+01
11.123  1.570748E+01
11.125  1.570310E+01
11.127  6.122515E+01
11.129  1.570026E+01
11.131  1.568434E+01
11.133  1.568589E+01
11.135  1.568744E+01
11.137  1.567714E+01
11.139  1.567869E+01
11.141  1.569270E+01
11.143  1.567025E+01
11.145  1.565996E+01
11.147  1.566152E+01
11.149  1.565123E+01
11.151  1.565278E+01
11.153  1.564842E+01
11.155  5.125035E+01
11.157  1.564001E+01
11.159  1.562974E+01
11.161  1.574423E+01
11.163  1.684444E+01
11.165  1.562849E+01
11.167  1.565461E+01
11.169  1.613898E+01
11.171  2.603360E+01
11.173  1.560518E+01
11.175  3.956218E+01
11.177  1.559649E+01
11.179  1.561140E+01
11.181  4.201614E+01
11.183  1.558346E+01
11.185  1.701435E+01
11.187  2.800215E+01
11.189  1.577838E+01
11.191  1.557170E+01
11.193  1.556737E+01
11.195  1.555714E+01
11.197  1.633308E+01
11.199  1.714315E+01
11.201  1.556896E+01
11.203  1.554573E+01
11.205  1.553551E+01
11.207  1.554482E+01
11.209  1.552656E+01
11.211  1.780466E+01
11.213  1.552381E+01
11.215  1.618394E+01
11.217  1.551518E+01
11.219  1.551056E+01
11.221  1.551212E+01
11.223  1.550193E+01
11.225  1.550319E+01
11.227  4.054187E+01
11.229  1.549396E+01
11.231  1.634176E+01
11.233  1.547855E+01
11.235  1.547981E+01
11.237  1.547520E+01
11.239  1.547060E+01
11.241  1.546599E+01
11.243  1.546139E+01
11.245  1.545678E+01
11.247  1.545218E+01
11.249  1.544758E+01
11.251  1.716947E+01
11.253  1.544425E+01
11.255  1.543379E+01
11.257  1.543475E+01
11.259  1.542430E+01
11.261  1.542557E+01
11.263  1.541512E+01
11.265  1.554617E+01
11.267  1.541181E+01
11.269  1.540106E+01
11.271  1.540233E+01
11.273  1.539775E+01
11.275  1.599773E+01
11.277  1.538244E+01
11.279  1.574145E+01
11.281  1.537914E+01
11.283  1.537457E+01
11.285  1.537584E+01
11.287  1.536512E+01
11.289  1.658846E+01
11.291  1.535598E+01
11.293  1.536987E+01
11.295  1.535239E+01
11.297  1.543727E+01
11.299  1.538230E+01
11.301  1.533256E+01
11.303  1.533968E+01
11.305  1.532898E+01
11.307  1.532443E+01
11.309  1.656281E+01
11.311  1.532085E+01
11.313  1.586204E+01
11.315  1.536546E+01
11.317  1.551769E+01
11.319  1.533119E+01
11.321  1.529750E+01
11.323  1.529296E+01
11.325  1.528811E+01
11.327  1.548529E+01
11.329  1.528517E+01
11.331  1.526898E+01
11.333  1.564132E+01
11.335  1.530128E+01
11.337  1.526182E+01
11.339  1.526311E+01
11.341  1.525858E+01
11.343  1.525436E+01
11.345  1.848137E+01
11.347  1.538547E+01
11.349  1.667669E+01
11.351  1.542593E+01
11.353  1.523787E+01
11.355  1.522754E+01
11.357  1.522914E+01
11.359  1.556608E+01
11.361  1.532922E+01
11.363  1.529933E+01
11.365  1.521139E+01
11.367  1.520688E+01
11.369  1.519657E+01
11.371  1.520397E+01
11.373  1.520161E+01
11.375  1.552557E+01
11.377  1.543036E+01
11.379  1.518596E+01
11.381  1.529527E+01
11.383  1.523065E+01
11.385  1.520846E+01
11.387  1.516248E+01
11.389  1.516378E+01
11.391  1.810982E+01
11.393  1.516090E+01
11.395  1.521309E+01
11.397  1.515192E+01
11.399  3.031528E+01
11.401  1.513686E+01
11.403  1.513847E+01
11.405  1.641669E+01
11.407  2.935735E+01
11.409  1.511894E+01
11.411  1.512633E+01
11.413  8.376928E+01
11.415  1.511738E+01
11.417  1.512355E+01
11.419  1.510266E+01
11.421  1.510397E+01
11.423  2.678283E+01
11.425  6.598644E+01
11.427  1.529204E+01
11.429  1.509188E+01
11.431  4.796854E+01
11.433  1.507141E+01
11.435  1.619993E+01
11.437  1.506857E+01
11.439  1.507018E+01
11.441  1.505966E+01
11.443  1.506704E+01
11.445  1.505106E+01
11.447  1.561599E+01
11.449  1.504216E+01
11.451  1.504378E+01
11.453  1.504509E+01
11.455  1.513856E+01
11.457  1.503620E+01
11.459  1.502600E+01
11.461  1.502762E+01
11.463  1.502318E+01
11.465  1.501874E+01
11.467  1.501431E+01
11.469  1.500987E+01
11.471  1.501149E+01
11.473  1.500101E+01
11.475  1.500263E+01
11.477  1.499215E+01
11.479  1.499952E+01
11.481  1.498330E+01
11.483  1.498492E+01
11.485  1.498050E+01
11.487  1.497607E+01
11.489  1.497740E+01
11.491  1.590159E+01
11.493  1.497460E+01
11.495  1.498982E+01
11.497  1.495973E+01
11.499  1.495531E+01
11.501  1.495090E+01
11.503  1.495223E+01
11.505  1.494208E+01
11.507  1.494341E+01
11.509  1.493297E+01
11.511  1.494606E+01
11.513  1.493019E+01
11.515  1.492549E+01
11.517  1.493194E+01
11.519  1.491669E+01
11.521  1.556271E+01
11.523  2.123706E+01
11.525  3.101819E+01
11.527  1.492170E+01
11.529  1.515494E+01
11.531  1.489574E+01
11.533  2.556300E+01
11.535  1.489268E+01
11.537  1.488228E+01
11.539  7.579178E+01
11.541  1.487321E+01
11.543  2.228413E+01
11.545  1.486384E+01
11.547  1.487119E+01
11.549  1.486050E+01
11.551  1.485582E+01
11.553  6.803256E+01
11.555  1.486570E+01
11.557  1.485382E+01
11.559  1.483743E+01
11.561  1.484477E+01
11.563  1.483410E+01
11.565  1.484745E+01
11.567  1.482477E+01
11.569  1.482010E+01
11.571  1.482144E+01
11.573  1.481678E+01
11.575  1.481212E+01
11.577  1.482066E+01
11.579  1.480880E+01
11.581  1.479815E+01
11.583  6.547906E+02
11.585  1.479484E+01
11.587  1.478419E+01
11.589  1.480172E+01
11.591  1.479647E+01
11.593  1.478223E+01
11.595  1.546997E+01
11.597  1.477294E+01
11.599  1.476830E+01
11.601  1.475767E+01
11.603  1.476500E+01
11.605  1.476665E+01
11.607  1.475543E+01
11.609  1.581294E+01
11.611  1.474616E+01
11.613  1.473554E+01
11.615  1.474287E+01
11.617  1.473226E+01
11.619  1.474288E+01
11.621  1.472869E+01
11.623  1.472765E+01
11.625  1.471944E+01
11.627  1.471481E+01
11.629  1.471019E+01
11.631  1.471811E+01
11.633  1.470066E+01
11.635  1.449250E+02
11.637  1.469143E+01
11.639  1.469875E+01
11.641  1.492740E+01
11.643  8.620633E+01
11.645  1.467865E+01
11.647  1.468001E+01
11.649  1.471117E+01
11.651  1.563166E+01
11.653  1.466619E+01
11.655  1.466159E+01
11.657  1.583094E+01
11.659  1.465834E+01
11.661  1.465345E+01
11.663  1.464290E+01
11.665  1.464426E+01
11.667  1.465008E+01
11.669  4.797218E+02
11.671  1.463643E+01
11.673  1.462708E+01
11.675  1.481909E+01
11.677  1.462266E+01
11.679  1.461778E+01
11.681  2.036745E+01
11.683  1.460862E+01
11.685  1.480254E+01
11.687  1.459946E+01
11.689  1.460676E+01
11.691  1.459001E+01
11.693  1.459731E+01
11.695  1.458680E+01
11.697  2.153833E+01
11.699  1.458982E+01
11.701  1.508352E+01
11.703  1.643869E+01
11.705  1.456336E+01
11.707  1.457096E+01
11.709  1.456016E+01
11.711  1.457398E+01
11.713  1.455074E+01
11.715  1.455834E+01
11.717  1.454755E+01
11.719  1.605179E+01
11.721  1.462228E+01
11.723  1.854006E+01
11.725  1.454089E+01
11.727  1.455943E+01
11.729  1.470527E+01
11.731  1.682096E+01
11.733  7.950764E+01
11.735  1.452347E+01
11.737  1.452277E+01
11.739  1.451526E+01
11.741  1.448528E+02
11.743  1.545005E+01
11.745  1.449927E+01
11.747  2.001890E+01
11.749  2.232817E+01
11.751  1.457934E+01
11.753  1.448763E+01
11.755  1.447690E+01
11.757  1.448418E+01
11.759  1.446725E+01
11.761  1.593453E+01
11.763  1.446380E+01
11.765  1.462102E+01
11.767  1.445446E+01
11.769  1.445554E+01
11.771  1.445102E+01
11.773  1.444621E+01
11.775  1.444759E+01
11.777  1.443658E+01
11.779  1.443796E+01
11.781  1.587358E+01
11.783  1.458513E+01
11.785  3.922631E+02
11.787  1.444761E+01
11.789  1.442012E+01
11.791  1.441561E+01
11.793  1.444585E+01
11.795  1.440601E+01
11.797  1.440740E+01
11.799  1.439642E+01
11.801  1.441840E+01
11.803  1.447627E+01
11.805  1.438822E+01
11.807  1.438961E+01
11.809  1.437864E+01
11.811  1.438591E+01
11.813  1.455544E+01
11.815  1.437634E+01
11.817  1.463161E+01
11.819  1.442083E+01
11.821  1.436816E+01
11.823  1.435134E+01
11.825  1.435860E+01
11.827  1.434766E+01
11.829  1.434905E+01
11.831  1.433811E+01
11.833  1.433950E+01
11.835  1.433473E+01
11.837  1.432996E+01
11.839  1.433106E+01
11.841  1.432630E+01
11.843  1.432153E+01
11.845  1.433025E+01
11.847  1.442954E+01
11.849  1.430725E+01
11.851  1.430249E+01
11.853  1.430974E+01
11.855  1.429298E+01
11.857  1.432864E+01
11.859  1.428933E+01
11.861  1.429658E+01
11.863  1.184068E+02
11.865  1.430522E+01
11.867  1.729475E+01
11.869  1.427144E+01
11.871  1.427254E+01
11.873  1.426780E+01
11.875  1.426305E+01
11.877  1.425802E+01
11.879  1.426556E+01
11.881  1.424855E+01
11.883  1.424965E+01
11.885  1.424492E+01
11.887  1.424018E+01
11.889  1.427722E+01
11.891  1.423656E+01
11.893  1.424147E+01
11.895  1.422710E+01
11.897  1.841250E+02
11.899  1.421736E+01
11.901  1.422868E+01
11.903  1.421375E+01
11.905  1.421778E+01
11.907  1.429588E+01
11.909  1.421534E+01
11.911  1.428262E+01
11.913  1.419657E+01
11.915  1.419798E+01
11.917  1.418598E+01
11.919  1.418127E+01
11.921  1.418850E+01
11.923  1.417768E+01
11.925  1.419248E+01
11.927  1.417409E+01
11.929  1.416909E+01
11.931  2.729819E+01
11.933  2.095523E+02
11.935  1.416080E+01
11.937  1.414970E+01
11.939  1.415111E+01
11.941  1.416357E+01
11.943  1.414754E+01
11.945  1.428122E+01
11.947  1.415355E+01
11.949  1.413288E+01
11.951  1.414562E+01
11.953  1.412931E+01
11.955  1.411852E+01
11.957  1.412574E+01
11.959  1.410886E+01
11.961  1.411609E+01
11.963  1.410502E+01
11.965  1.411253E+01
11.967  4.886387E+01
11.969  1.409679E+01
11.971  1.409791E+01
11.973  1.408715E+01
11.975  1.409436E+01
11.977  1.410303E+01
11.979  1.412038E+01
11.981  1.407977E+01
11.983  3.133950E+01
11.985  1.407623E+01
11.987  1.406548E+01
11.989  1.406661E+01
11.991  1.405586E+01
11.993  1.405728E+01
11.995  1.405234E+01
11.997  1.429023E+01
11.999  1.404273E+01
12.003  7.415794E+01
12.010  4.939439E+01
12.017  4.986263E+01
12.024  5.545634E+01
12.031  5.733475E+02
12.038  6.126766E+01
12.045  1.169578E+02
12.052  4.730338E+02
12.059  4.881071E+01
12.066  4.877376E+01
12.073  4.871672E+01
12.080  5.275017E+01
12.087  5.541435E+01
12.094  5.843435E+01
12.101  5.350801E+01
12.108  1.239233E+02
12.115  7.531821E+01
12.122  5.906994E+01
12.129  5.057598E+01
12.136  4.845810E+01
12.143  4.829290E+01
12.150  4.822793E+01
12.157  4.815731E+01
12.164  4.821238E+01
12.171  4.817610E+01
12.178  4.832804E+01
12.185  5.373759E+01
12.192  5.029755E+01
12.199  4.789473E+01
12.206  4.784735E+01
12.213  4.969644E+01
12.220  4.772718E+01
12.227  4.771121E+01
12.234  4.766972E+01
12.241  4.763679E+01
12.248  2.554836E+03
12.255  4.755403E+01
12.262  4.750706E+01
12.269  1.025195E+03
12.276  4.741328E+01
12.283  4.738909E+01
12.290  4.736210E+01
12.297  1.488587E+02
12.304  8.396551E+01
12.311  4.910340E+01
12.318  4.718960E+01
12.325  4.715435E+01
12.332  4.711069E+01
12.339  4.795073E+01
12.346  4.771822E+01
12.353  4.699687E+01
12.360  4.693654E+01
12.367  4.692121E+01
12.374  4.749800E+01
12.381  4.691863E+01
12.388  4.680242E+01
12.395  5.491143E+01
12.402  5.729674E+01
12.409  4.698626E+01
12.416  4.668289E+01
12.423  4.659230E+01
12.430  4.656885E+01
12.437  4.653427E+01
12.444  4.654158E+01
12.451  4.644011E+01
12.458  4.644468E+01
12.465  4.638238E+01
12.472  4.634521E+01
12.479  6.347396E+01
12.486  4.629325E+01
12.493  4.627565E+01
12.500  4.618584E+01
12.507  4.661532E+01
12.514  4.661421E+01
12.521  4.614998E+01
12.528  4.603272E+01
12.535  5.119832E+01
12.542  4.595365E+01
12.549  5.637652E+01
12.556  4.692566E+01
12.563  4.612007E+01
12.570  4.578775E+01
12.577  4.576227E+01
12.584  4.573406E+01
12.591  4.570863E+01
12.598  4.559227E+01
12.605  4.553390E+01
12.612  4.548384E+01
12.619  4.539808E+01
12.626  4.531515E+01
12.633  4.817891E+01
12.640  4.519079E+01
12.647  6.989850E+01
12.654  4.503377E+01
12.661  4.498419E+01
12.668  4.491547E+01
12.675  4.484683E+01
12.682  9.497243E+01
12.689  4.471799E+01
12.696  4.464137E+01
12.703  4.457304E+01
12.710  4.448565E+01
12.717  4.455673E+01
12.724  4.464411E+01
12.731  4.434681E+01
12.738  4.810071E+01
12.745  4.425178E+01
12.752  4.422204E+01
12.759  5.180992E+01
12.766  4.454075E+02
12.773  5.342777E+01
12.780  4.521198E+01
12.787  7.425750E+01
12.794  6.008459E+01
12.801  4.392528E+01
12.808  8.756667E+01
12.815  1.614163E+02
12.822  6.758229E+01
12.829  4.507178E+01
12.836  4.414366E+01
12.843  1.505198E+02
12.850  3.940173E+02
12.857  4.392031E+01
12.864  4.490866E+01
12.871  4.615492E+01
12.878  4.356287E+01
12.885  4.348800E+01
12.892  4.371219E+01
12.899  4.465220E+01
12.906  4.383427E+01
12.913  4.339639E+01
12.920  4.399910E+01
12.927  4.381679E+01
12.934  4.426022E+01
12.941  4.326225E+01
12.948  4.319863E+01
12.955  4.315921E+01
12.962  4.346541E+01
12.969  4.332146E+01
12.976  4.234543E+02
12.983  4.302334E+01
12.990  8.281392E+02
12.997  9.548128E+01
13.004  1.217987E+02
13.011  4.295210E+01
13.018  4.291300E+01
13.025  5.110909E+01
13.032  4.279229E+01
13.039  4.570405E+02
13.046  4.300455E+01
13.053  4.797476E+01
13.060  4.302226E+01
13.067  4.281054E+01
13.074  4.258842E+01
13.081  4.255767E+01
13.088  4.252164E+01
13.095  4.634919E+02
13.102  4.312288E+01
13.109  4.250915E+01
13.116  4.240704E+01
13.123  1.265500E+02
13.130  4.323984E+01
13.137  8.166522E+01
13.144  4.273411E+01
13.151  4.221497E+01
13.158  6.811815E+01
13.165  4.456502E+01
13.172  4.213712E+01
13.179  4.318447E+01
13.186  4.294560E+01
13.193  8.813285E+01
13.200  4.258175E+01
13.207  4.206226E+01
13.214  4.231064E+01
13.221  2.597335E+02
13.228  4.711957E+02
13.235  4.199689E+01
13.242  4.247029E+01
13.249  4.179001E+01
13.256  4.262976E+01
13.263  4.864726E+01
13.270  4.183902E+01
13.277  1.588490E+02
13.284  1.944357E+02
13.291  5.617619E+01
13.298  4.187365E+01
13.305  4.155148E+01
13.312  4.285474E+01
13.319  4.184413E+01
13.326  5.035595E+01
13.333  4.142776E+01
13.340  4.159604E+01
13.347  1.312658E+02
13.354  1.423964E+02
13.361  4.207384E+01
13.368  4.128033E+01
13.375  1.146635E+02
13.382  4.127348E+01
13.389  6.631010E+01
13.396  8.946460E+01
13.403  4.167256E+01
13.410  4.317338E+01
13.417  4.122275E+01
13.424  1.136759E+02
13.431  4.101173E+01
13.438  4.098003E+01
13.445  4.096902E+01
13.452  4.126005E+01
13.459  4.091609E+01
13.466  4.097476E+01
13.473  4.087872E+01
13.480  4.081113E+01
13.487  5.723929E+01
13.494  8.027923E+01
13.501  1.008288E+02
13.508  4.074196E+01
13.515  4.065405E+01
13.522  4.062274E+01
13.529  4.244970E+01
13.536  5.338421E+01
13.543  5.338226E+01
13.550  7.332296E+01
13.557  4.267963E+01
13.564  4.044319E+01
13.571  4.176565E+01
13.578  4.216353E+01
13.585  3.582577E+02
13.592  4.033944E+01
13.599  4.030335E+01
13.606  4.030814E+01
13.613  4.036139E+01
13.620  4.032025E+01
13.627  5.461269E+01
13.634  4.965389E+01
13.641  4.012835E+01
13.648  7.862028E+01
13.655  4.007704E+01
13.662  4.004634E+01
13.669  4.337401E+01
13.676  3.996979E+01
13.683  3.996203E+01
13.690  4.021047E+01
13.697  3.990344E+01
13.704  3.986532E+01
13.711  3.984750E+01
13.718  2.338144E+02
13.725  3.979674E+01
13.732  4.397915E+01
13.739  4.046639E+01
13.746  3.971320E+01
13.753  6.550947E+02
13.760  3.972832E+01
13.767  3.962740E+01
13.774  3.960222E+01
13.781  3.957707E+01
13.788  3.954438E+01
13.795  3.978862E+01
13.802  3.964264E+01
13.809  3.946664E+01
13.816  3.944162E+01
13.823  3.939653E+01
13.830  3.938161E+01
13.837  8.550909E+01
13.844  4.062349E+01
13.851  3.970045E+01
13.858  1.224465E+02
13.865  2.119060E+02
13.872  4.037128E+01
13.879  4.386861E+01
13.886  5.114841E+01
13.893  3.960043E+01
13.900  3.921576E+01
13.907  4.263672E+01
13.914  3.910393E+01
13.921  3.899447E+01
13.928  3.906711E+01
13.935  3.924933E+01
13.942  3.911755E+01
13.949  3.887138E+01
13.956  3.899620E+01
13.963  3.892691E+01
13.970  3.884775E+01
13.977  3.876370E+01
13.984  3.876913E+01
13.991  4.195633E+01
13.998  3.916943E+01
14.005  3.937052E+01
14.012  3.907082E+01
14.019  4.179327E+01
14.026  3.858124E+01
14.033  3.851251E+01
14.040  3.849578E+01
14.047  3.856064E+01
14.054  3.852167E+01
14.061  5.888355E+02
14.068  3.838213E+01
14.075  3.847160E+01
14.082  3.831439E+01
14.089  3.830767E+01
14.096  1.302228E+02
14.103  4.231747E+02
14.110  3.896680E+01
14.117  3.834484E+01
14.124  3.818570E+01
14.131  3.814221E+01
14.138  3.832473E+01
14.145  3.813883E+01
14.152  3.818376E+01
14.159  3.929791E+01
14.166  5.123558E+01
14.173  3.798508E+01
14.180  3.803979E+01
14.187  3.806263E+01
14.194  3.791176E+01
14.201  3.786862E+01
14.208  3.794039E+01
14.215  3.901607E+01
14.222  3.780538E+01
14.229  3.890447E+01
14.236  5.443509E+01
14.243  2.507459E+02
14.250  3.288190E+02
14.257  4.779588E+01
14.264  4.016253E+02
14.271  1.480404E+02
14.278  3.763278E+01
14.285  3.756572E+01
14.292  3.754975E+01
14.299  3.778150E+01
14.306  4.511755E+01
14.313  3.747040E+01
14.320  2.568662E+03
14.327  1.833977E+03
14.334  2.159852E+02
14.341  1.522330E+02
14.348  3.741046E+01
14.355  3.879037E+01
14.362  3.729904E+01
14.369  3.729537E+01
14.376  3.722890E+01
14.383  3.806784E+01
14.390  3.762462E+01
14.397  3.716254E+01
14.404  3.713966E+01
14.411  3.725655E+01
14.418  3.790799E+01
14.425  3.711929E+01
14.432  1.049326E+03
14.439  3.701596E+01
14.446  3.699322E+01
14.453  3.695848E+01
14.460  3.705346E+01
14.467  3.691552E+01
14.474  6.284358E+01
14.481  3.687023E+01
14.488  6.901680E+01
14.495  1.119843E+02
14.502  4.028399E+01
14.509  3.677515E+01
14.516  4.129049E+01
14.523  3.673013E+01
14.530  3.668615E+01
14.537  3.668759E+01
14.544  3.677021E+01
14.551  3.662605E+01
14.558  3.660128E+01
14.565  3.660753E+01
14.572  3.669003E+01
14.579  4.104061E+01
14.586  3.657387E+01
14.593  3.656346E+01
14.600  4.042029E+01
14.607  3.707043E+01
14.614  3.667725E+01
14.621  3.638182E+01
14.628  3.638103E+01
14.635  3.662937E+01
14.642  3.637707E+01
14.649  3.664651E+01
14.656  3.626177E+01
14.663  3.631787E+01
14.670  3.624610E+01
14.677  3.658843E+01
14.684  3.617843E+01
14.691  3.662210E+01
14.698  3.611799E+01
14.705  3.608662E+01
14.712  2.379612E+02
14.719  3.648874E+01
14.726  1.947955E+02
14.733  6.954249E+01
14.740  3.597267E+01
14.747  6.340617E+01
14.754  4.198713E+01
14.761  4.005234E+01
14.768  3.589741E+01
14.775  9.224979E+02
14.782  3.655404E+01
14.789  3.580417E+01
14.796  3.634813E+01
14.803  3.575624E+01
14.810  3.573934E+01
14.817  4.496300E+01
14.824  3.693301E+01
14.831  3.809795E+01
14.838  3.573040E+01
14.845  3.562233E+01
14.852  3.559151E+01
14.859  3.558175E+01
14.866  3.555565E+01
14.873  3.810943E+01
14.880  3.792815E+01
14.887  4.229544E+01
14.894  4.261595E+01
14.901  3.545583E+01
14.908  3.639416E+01
14.915  3.587886E+01
14.922  3.540128E+01
14.929  3.759898E+01
14.936  3.687460E+01
14.943  3.721287E+01
14.950  3.527226E+01
14.957  3.637940E+01
14.964  3.523230E+01
14.971  3.543849E+01
14.978  3.517850E+01
14.985  3.516902E+01
14.992  5.017995E+01
14.999  3.667110E+01
15.006  2.349651E+03
15.013  1.191972E+03
15.020  3.606267E+01
15.027  3.502682E+01
15.034  3.501051E+01
15.041  3.499653E+01
15.048  3.506332E+01
15.055  3.515542E+01
15.062  3.492237E+01
15.069  3.489232E+01
15.076  3.497286E+01
15.083  3.601564E+01
15.090  4.065643E+01
15.097  3.481841E+01
15.104  3.697943E+01
15.111  3.477236E+01
15.118  3.475397E+01
15.125  3.471492E+01
15.132  3.475853E+01
15.139  2.777883E+02
15.146  3.465762E+01
15.153  4.133069E+01
15.160  3.411025E+02
15.167  3.458674E+01
15.174  3.458909E+01
15.181  3.558643E+01
15.188  5.353795E+01
15.195  3.451158E+01
15.202  3.447513E+01
15.209  3.450264E+01
15.216  4.339372E+01
15.223  3.446179E+01
15.230  3.439123E+01
15.237  3.437315E+01
15.244  3.444393E+01
15.251  3.434615E+01
15.258  3.460121E+01
15.265  3.430328E+01
15.272  3.431939E+01
15.279  3.424912E+01
15.286  3.432884E+01
15.293  3.422685E+01
15.300  3.614711E+01
15.307  3.920442E+01
15.314  3.572406E+01
15.321  3.979413E+01
15.328  3.408979E+01
15.335  3.407197E+01
15.342  3.404737E+01
15.349  3.483044E+01
15.356  3.554043E+01
15.363  4.192750E+01
15.370  3.403505E+01
15.377  3.566577E+01
15.384  3.402665E+01
15.391  3.814440E+01
15.398  3.389423E+01
15.405  3.385178E+01
15.412  3.384767E+01
15.419  3.805486E+01
15.426  3.488168E+01
15.433  3.377461E+01
15.440  7.733535E+01
15.447  3.381818E+01
15.454  3.376691E+01
15.461  7.770869E+01
15.468  4.785901E+01
15.475  3.364929E+01
15.482  3.364529E+01
15.489  8.055661E+01
15.496  3.359696E+01
15.503  3.357059E+01
15.510  3.447784E+01
15.517  3.352912E+01
15.524  3.351847E+01
15.531  3.871500E+01
15.538  3.387265E+01
15.545  3.345755E+01
15.552  3.342687E+01
15.559  3.341406E+01
15.566  3.339680E+01
15.573  3.337287E+01
15.580  3.755686E+01
15.587  3.362582E+01
15.594  3.415628E+01
15.601  3.381154E+01
15.608  3.357835E+01
15.615  3.367449E+01
15.622  3.360383E+01
15.629  3.487519E+01
15.636  3.318733E+01
15.643  3.323907E+01
15.650  3.314211E+01
15.657  3.313173E+01
15.664  1.258771E+02
15.671  3.104141E+02
15.678  3.559011E+01
15.685  8.540780E+01
15.692  3.336984E+01
15.699  9.981273E+01
15.706  3.298635E+01
15.713  3.296061E+01
15.720  3.295035E+01
15.727  3.292244E+01
15.734  3.291662E+01
15.741  3.287992E+01
15.748  3.286751E+01
15.755  3.308653E+01
15.762  3.490916E+01
15.769  3.280392E+01
15.776  1.615080E+02
15.783  3.337985E+01
15.790  3.292523E+01
15.797  3.275457E+01
15.804  3.270491E+01
15.811  4.054623E+01
15.818  4.143053E+01
15.825  3.881420E+01
15.832  3.260978E+01
15.839  3.257125E+01
15.846  3.255467E+01
15.853  3.253154E+01
15.860  3.250842E+01
15.867  3.315280E+01
15.874  3.266131E+01
15.881  3.243701E+01
15.888  3.380617E+01
15.895  3.238222E+01
15.902  3.245313E+01
15.909  3.280117E+02
15.916  3.492046E+01
15.923  3.541322E+01
15.930  3.231979E+01
15.937  3.248208E+01
15.944  3.221301E+01
15.951  3.219017E+01
15.958  3.262430E+01
15.965  3.215759E+01
15.972  3.211089E+01
15.979  3.929633E+01
15.986  4.039995E+01
15.993  3.206655E+01
16.000  1.602865E+02
16.007  3.202766E+01
16.014  3.324312E+01
16.021  3.196933E+01
16.028  3.431248E+01
16.035  3.194358E+01
16.042  3.554015E+01
16.049  3.189841E+01
16.056  3.358221E+01
16.063  3.192032E+01
16.070  3.183295E+01
16.077  3.180613E+01
16.084  3.179229E+01
16.091  3.179788E+01
16.098  5.079193E+01
16.105  3.172712E+01
16.112  3.265514E+01
16.119  3.186544E+01
16.126  3.168149E+01
16.133  3.165483E+01
16.140  5.388045E+01
16.147  3.161449E+01
16.154  3.174051E+01
16.161  8.834547E+02
16.168  3.156054E+01
16.175  1.371382E+03
16.182  3.192163E+01
16.189  3.150029E+01
16.196  3.149954E+01
16.203  3.146022E+01
16.210  3.146805E+01
16.217  3.273706E+01
16.224  3.141521E+01
16.231  3.158137E+01
16.238  3.140524E+01
16.245  3.135537E+01
16.252  3.368999E+01
16.259  3.196907E+01
16.266  3.130848E+01
16.273  3.128221E+01
16.280  3.164842E+01
16.287  3.124892E+01
16.294  1.803953E+02
16.301  3.120931E+01
16.308  3.118100E+01
16.315  3.118252E+01
16.322  3.390717E+01
16.329  3.115366E+01
16.336  3.111481E+01
16.343  3.110360E+01
16.350  3.107330E+01
16.357  3.151217E+01
16.364  3.120162E+01
16.371  3.102707E+01
16.378  3.173891E+01
16.385  3.098785E+01
16.392  3.097462E+01
16.399  3.094657E+01
16.406  3.093337E+01
16.413  4.949978E+02
16.420  3.089219E+01
16.427  3.087268E+01
16.434  3.086587E+01
16.441  3.083161E+01
16.448  3.082693E+01
16.455  4.077418E+01
16.462  3.078595E+01
16.469  3.083612E+01
16.476  3.075347E+01
16.483  1.546479E+03
16.490  7.684367E+01
16.497  3.069117E+01
16.504  3.068657E+01
16.511  5.373393E+01
16.518  3.065215E+01
16.525  3.104892E+01
16.532  3.578272E+01
16.539  3.061533E+01
16.546  3.123197E+01
16.553  7.539115E+01
16.560  3.116782E+01
16.567  3.051957E+01
16.574  3.051297E+01
16.581  3.049171E+01
16.588  3.047256E+01
16.595  3.048900E+01
16.602  3.043222E+01
16.609  3.042567E+01
16.616  3.040449E+01
16.623  3.038542E+01
16.630  3.037054E+01
16.637  3.035150E+01
16.644  3.033665E+01
16.651  3.031764E+01
16.658  3.029656E+01
16.665  3.071932E+01
16.672  3.056271E+01
16.679  3.035835E+01
16.686  3.069107E+01
16.693  3.177444E+01
16.700  3.019958E+01
16.707  3.368490E+01
16.714  3.023868E+01
16.721  3.712059E+01
16.728  3.014280E+01
16.735  3.042483E+01
16.742  2.603167E+02
16.749  9.968176E+01
16.756  3.007792E+01
16.763  5.206234E+02
16.770  6.040794E+02
16.777  3.002786E+01
16.784  1.538751E+02
16.791  6.441879E+02
16.798  2.999032E+01
16.805  2.996336E+01
16.812  2.995088E+01
16.819  3.066102E+01
16.826  3.414833E+01
16.833  3.568953E+01
16.840  4.192049E+02
16.847  3.012775E+01
16.854  2.986183E+01
16.861  3.157317E+01
16.868  2.983087E+01
16.875  2.202794E+02
16.882  5.300353E+02
16.889  1.110929E+03
16.896  2.977321E+01
16.903  3.608612E+01
16.910  2.974240E+01
16.917  3.076666E+01
16.924  2.970959E+01
16.931  2.969730E+01
16.938  2.967068E+01
16.945  2.994327E+01
16.952  2.964413E+01
16.959  3.501895E+01
16.966  2.961353E+01
16.973  2.960745E+01
16.980  2.958093E+01
16.987  2.957487E+01
16.994  2.955452E+01
17.001  2.954235E+01
17.008  2.953223E+01
17.015  2.950988E+01
17.022  5.572136E+01
17.029  2.948562E+01
17.036  2.946535E+01
17.043  2.945936E+01
17.050  2.943301E+01
17.057  2.950032E+01
17.064  6.008955E+01
17.071  2.939477E+01
17.078  2.938272E+01
17.085  2.936865E+01
17.092  2.934240E+01
17.099  2.934460E+01
17.106  8.125636E+03
17.113  2.951336E+01
17.120  2.966761E+01
17.127  2.928649E+01
17.134  2.926642E+01
17.141  2.924434E+01
17.148  2.923240E+01
17.155  6.358023E+02
17.162  5.238763E+02
17.169  4.471722E+01
17.176  2.918070E+01
17.183  3.091280E+01
17.190  2.954478E+01
17.197  2.930055E+01
17.204  2.912312E+01
17.211  2.910119E+01
17.218  8.024580E+03
17.225  2.907552E+01
17.232  2.906371E+01
17.239  3.059484E+01
17.246  2.917300E+01
17.253  2.901626E+01
17.260  2.900449E+01
17.267  2.899072E+01
17.274  2.897696E+01
17.281  2.937715E+01
17.288  2.894345E+01
17.295  2.979306E+03
17.302  2.953215E+01
17.309  5.924102E+03
17.316  2.960252E+01
17.323  2.901126E+01
17.330  2.885928E+01
17.337  3.173179E+01
17.344  2.883198E+01
17.351  2.881835E+01
17.358  2.880472E+01
17.365  2.879311E+01
17.372  3.212959E+01
17.379  3.075398E+01
17.386  2.874435E+01
17.393  1.862600E+02
17.400  4.155318E+01
17.407  2.875755E+01
17.414  2.869215E+01
17.421  2.867863E+01
17.428  2.866512E+01
17.435  2.865162E+01
17.442  3.119038E+01
17.449  2.862465E+01
17.456  1.026287E+02
17.463  2.859176E+01
17.470  2.858428E+01
17.477  2.856488E+01
17.484  2.865275E+01
17.491  2.853805E+01
17.498  2.961015E+01
17.505  2.850928E+01
17.512  2.898368E+01
17.519  2.850433E+01
17.526  3.018695E+01
17.533  2.845582E+01
17.540  2.847812E+01
17.547  2.986784E+01
17.554  2.841585E+01
17.561  2.840254E+01
17.568  2.839518E+01
17.575  2.836806E+01
17.582  2.967408E+01
17.589  2.833956E+01
17.596  2.834210E+01
17.603  2.948284E+01
17.610  1.641596E+02
17.617  2.906717E+01
17.624  2.827934E+01
17.631  2.834492E+01
17.638  2.871167E+01
17.645  2.824568E+01
17.652  2.827186E+01
17.659  3.525306E+01
17.666  2.819638E+01
17.673  1.848200E+03
17.680  2.817013E+01
17.687  2.816291E+01
17.694  8.034586E+02
17.701  2.813475E+01
17.708  2.811382E+01
17.715  2.813995E+01
17.722  7.573390E+01
17.729  2.808835E+01
17.736  2.805769E+01
17.743  2.806032E+01
17.750  2.802969E+01
17.757  2.936795E+01
17.764  2.809556E+01
17.771  2.799657E+01
17.778  2.798164E+01
17.785  2.842554E+01
17.792  2.795376E+01
17.799  2.795643E+01
17.806  2.823601E+01
17.813  2.942962E+01
17.820  2.791374E+01
17.827  2.789109E+01
17.834  2.787820E+01
17.841  3.196424E+01
17.848  2.785827E+01
17.855  3.952383E+01
17.862  2.783061E+01
17.869  2.788966E+01
17.876  2.831386E+01
17.883  2.868336E+01
17.890  2.965233E+01
17.897  2.776066E+01
17.904  2.775368E+01
17.911  2.773121E+01
17.918  2.952848E+01
17.925  2.850379E+01
17.932  2.778200E+01
17.939  2.858608E+01
17.946  2.767712E+01
17.953  3.359068E+01
17.960  2.765555E+01
17.967  2.763318E+01
17.974  2.763401E+01
17.981  2.762132E+01
17.988  2.759126E+01
17.995  6.583011E+01
18.002  7.651957E+01
18.009  2.756487E+01
18.016  2.755031E+01
18.023  2.914066E+01
18.030  3.695238E+02
18.037  7.612467E+01
18.044  3.084641E+01
18.051  1.057478E+02
18.058  2.748046E+01
18.065  2.746405E+01
18.072  3.654178E+01
18.079  2.743510E+01
18.086  2.742064E+01
18.093  2.740811E+01
18.100  2.747617E+01
18.107  2.773786E+01
18.114  2.792076E+01
18.121  2.736385E+01
18.128  2.734179E+01
18.135  2.733506E+01
18.142  2.731303E+01
18.149  9.000066E+01
18.156  3.903498E+01
18.163  2.728336E+01
18.170  2.726903E+01
18.177  2.990434E+01
18.184  1.073518E+02
18.191  2.197482E+02
18.198  3.435965E+02
18.205  2.721088E+01
18.212  1.574940E+02
18.219  2.774460E+01
18.226  1.767279E+02
18.233  2.821846E+01
18.240  2.714344E+01
18.247  2.712922E+01
18.254  2.712262E+01
18.261  2.710842E+01
18.268  2.079493E+02
18.275  2.707815E+01
18.282  4.439565E+02
18.289  4.794619E+02
18.296  2.705656E+01
18.303  2.702535E+01
18.310  2.702639E+01
18.317  2.700469E+01
18.324  2.700385E+01
18.331  2.815663E+01
18.338  6.498320E+02
18.345  1.491499E+03
18.352  4.472394E+01
18.359  2.693724E+01
18.366  2.692319E+01
18.373  2.691671E+01
18.380  2.689324E+01
18.387  2.689433E+01
18.394  1.865104E+03
18.401  2.687198E+01
18.408  3.720467E+03
18.415  2.684212E+01
18.422  4.227701E+01
18.429  3.058073E+01
18.436  2.680590E+01
18.443  2.679007E+01
18.450  1.532961E+02
18.457  4.326544E+01
18.464  2.676148E+01
18.471  6.672232E+01
18.478  2.673181E+01
18.485  3.036598E+01
18.492  6.390122E+01
18.499  2.732090E+01
18.506  4.291071E+01
18.513  2.667190E+01
18.520  1.890701E+03
18.527  2.664987E+01
18.534  2.684964E+01
18.541  3.192236E+01
18.548  2.661969E+01
18.555  2.660591E+01
18.562  2.668567E+01
18.569  1.911331E+02
18.576  2.711419E+01
18.583  2.668167E+01
18.590  2.654461E+01
18.597  2.653835E+01
18.604  2.727123E+01
18.611  2.650719E+01
18.618  2.842386E+01
18.625  2.649286E+01
18.632  2.647732E+01
18.639  2.847008E+01
18.646  2.645558E+01
18.653  2.644751E+01
18.660  2.814588E+03
18.667  2.716245E+01
18.674  2.641033E+01
18.681  1.306415E+02
18.688  4.072204E+01
18.695  5.068104E+01
18.702  2.762035E+01
18.709  5.008260E+01
18.716  3.102275E+01
18.723  6.036056E+01
18.730  2.783305E+01
18.737  2.644570E+01
18.744  2.675816E+01
18.751  2.831114E+01
18.758  2.940016E+01
18.765  2.626745E+01
18.772  2.715110E+01
18.779  2.625341E+01
18.786  2.622884E+01
18.793  4.029866E+01
18.800  1.805340E+03
18.807  2.619956E+01
18.814  8.294547E+01
18.821  4.607065E+01
18.828  3.009128E+01
18.835  2.615508E+01
18.842  2.634808E+01
18.849  2.618171E+01
18.856  3.441104E+01
18.863  4.620922E+01
18.870  3.225459E+02
18.877  2.609505E+01
18.884  6.521343E+02
18.891  2.607203E+01
18.898  2.622591E+01
18.905  2.604905E+01
18.912  2.609633E+01
18.919  2.602610E+01
18.926  2.741271E+01
18.933  2.665611E+01
18.940  2.599358E+01
18.947  3.877803E+01
18.954  9.383606E+01
18.961  2.595563E+01
18.968  2.594605E+01
18.975  2.594014E+01
18.982  2.591777E+01
18.989  2.739308E+01
18.996  2.648362E+01
19.003  3.539290E+01
19.010  3.674983E+01
19.017  2.634299E+01
19.024  2.669653E+01
19.031  2.582367E+01
19.038  3.030471E+01
19.045  2.580286E+01
19.052  2.580432E+01
19.059  4.553724E+01
19.066  3.256956E+02
19.073  2.575588E+01
19.080  2.573005E+01
19.087  2.572062E+01
19.094  1.121832E+02
19.101  2.716519E+01
19.108  2.591042E+01
19.115  2.600811E+01
19.122  2.575344E+01
19.129  5.360644E+02
19.136  1.232274E+03
19.143  5.062867E+01
19.150  3.505956E+01
19.157  7.908947E+01
19.164  2.557560E+01
19.171  2.557351E+01
19.178  4.890490E+01
19.185  2.554579E+01
19.192  5.603044E+01
19.199  2.551631E+01
19.206  2.550701E+01
19.213  2.548868E+01
19.220  2.547940E+01
19.227  2.546832E+01
19.234  3.419875E+01
19.241  4.072110E+01
19.248  2.542610E+01
19.255  2.541325E+01
19.262  2.598629E+01
19.269  2.707251E+01
19.276  4.037695E+03
19.283  1.993084E+03
19.290  5.640642E+03
19.297  2.532735E+01
19.304  2.531636E+01
19.311  2.541687E+01
19.318  2.529262E+01
19.325  2.527268E+01
19.332  2.544674E+01
19.339  2.576073E+01
19.346  2.576756E+01
19.353  7.139497E+01
19.360  2.520726E+01
19.367  2.587947E+01
19.374  2.545252E+01
19.381  2.516382E+01
19.388  4.116100E+03
19.395  2.569709E+01
19.402  6.635021E+01
19.409  2.151717E+02
19.416  4.326742E+01
19.423  2.508438E+01
19.430  2.506462E+01
19.437  3.119935E+03
19.444  2.656812E+01
19.451  2.503042E+01
19.458  2.563174E+01
19.465  3.041236E+01
19.472  2.498738E+01
19.479  2.497483E+01
19.486  2.499794E+01
19.493  4.052779E+01
19.500  4.303652E+01
19.507  3.173179E+01
19.514  9.742822E+01
19.521  2.489619E+01
19.528  4.761406E+02
19.535  2.487657E+01
19.542  2.521594E+01
19.549  2.485165E+01
19.556  2.553348E+01
19.563  2.641361E+01
19.570  2.482676E+01
19.577  2.481079E+01
19.584  2.480192E+01
19.591  2.479306E+01
19.598  5.504510E+01
19.605  2.476827E+01
19.612  2.491701E+01
19.619  2.475236E+01
19.626  2.474354E+01
19.633  2.473471E+01
19.640  3.106605E+01
19.647  2.471002E+01
19.654  2.603866E+01
19.661  2.527525E+01
19.668  2.468540E+01
19.675  2.575849E+01
19.682  2.514772E+01
19.689  2.531338E+01
19.696  2.478430E+01
19.703  2.467151E+01
19.710  2.655311E+01
19.717  2.462581E+01
19.724  2.461003E+01
19.731  4.552446E+01
19.738  2.458378E+01
19.745  3.661463E+01
19.752  2.456811E+01
19.759  2.458050E+01
19.766  3.729952E+01
19.773  2.815966E+01
19.780  2.505824E+01
19.787  2.452466E+01
19.794  2.451598E+01
19.801  3.696002E+01
19.808  2.622364E+01
19.815  2.449000E+01
19.822  2.447435E+01
19.829  1.573731E+02
19.836  2.445182E+01
19.843  2.446419E+01
19.850  2.443458E+01
19.857  1.125766E+02
19.864  5.039401E+01
19.871  2.441574E+01
19.878  2.445431E+01
19.885  5.288332E+01
19.892  2.438648E+01
19.899  2.840714E+01
19.906  2.436932E+01
19.913  3.226711E+01
19.920  2.437137E+01
19.927  2.433493E+01
19.934  2.912547E+01
19.941  2.431610E+01
19.948  6.568301E+01
19.955  2.490983E+01
19.962  2.793132E+01
19.969  3.441980E+01
19.976  3.064086E+01
19.983  6.250270E+01
19.990  2.506945E+01
19.997  6.539704E+01
20.004  3.911409E+01
20.011  2.426748E+01
20.018  6.191465E+01
20.025  2.490945E+01
20.032  2.420218E+01
20.039  2.418852E+01
20.046  7.122201E+01
20.053  3.890769E+01
20.060  2.416666E+01
20.067  2.415650E+01
20.074  2.414462E+01
20.081  1.341567E+02
20.088  2.412261E+01
20.095  2.205270E+03
20.102  2.491595E+01
20.109  7.509483E+01
20.116  2.408730E+01
20.123  2.408583E+01
20.130  2.448800E+01
20.137  2.406391E+01
20.144  2.409002E+01
20.151  2.447282E+01
20.158  2.536179E+01
20.165  7.917579E+02
20.172  2.401527E+01
20.179  2.412912E+01
20.186  2.520276E+01
20.193  2.399201E+01
20.200  2.398370E+01
20.207  1.061433E+03
20.214  2.396537E+01
20.221  2.592674E+01
20.228  2.437966E+01
20.235  5.931842E+01
20.242  2.405573E+01
20.249  2.392052E+01
20.256  2.409911E+01
20.263  6.421466E+01
20.270  2.420580E+01
20.277  2.388920E+01
20.284  2.819493E+01
20.291  2.861988E+02
20.298  2.386619E+01
20.305  5.551240E+02
20.312  2.385487E+01
20.319  2.398508E+01
20.326  2.520684E+01
20.333  4.185917E+02
20.340  2.381008E+01
20.347  2.380189E+01
20.354  2.379200E+01
20.361  2.378382E+01
20.368  2.377735E+01
20.375  2.458211E+01
20.382  2.755679E+01
20.389  2.395212E+01
20.396  2.376174E+01
20.403  2.372805E+01
20.410  2.372672E+01
20.417  2.372199E+01
20.424  2.399098E+01
20.431  2.370233E+01
20.438  2.371460E+01
20.445  2.368441E+01
20.452  2.367121E+01
20.459  2.366650E+01
20.466  2.442700E+01
20.473  2.509708E+01
20.480  2.363376E+01
20.487  2.363416E+01
20.494  3.817890E+01
20.501  2.369593E+01
20.508  2.375726E+01
20.515  2.363067E+01
20.522  2.583073E+01
20.529  2.363993E+01
20.536  2.356931E+01
20.543  2.356804E+01
20.550  2.355494E+01
20.557  2.417698E+01
20.564  2.355410E+01
20.571  2.353596E+01
20.578  1.026688E+03
20.585  2.416602E+01
20.592  3.155894E+01
20.599  2.349891E+01
20.606  2.349430E+01
20.613  2.664826E+01
20.620  2.348003E+01
20.627  2.347038E+01
20.634  3.077949E+01
20.641  2.366643E+01
20.648  2.358777E+01
20.655  2.439682E+01
20.662  2.471794E+01
20.669  2.373685E+01
20.676  2.421417E+01
20.683  2.350085E+01
20.690  2.340898E+01
20.697  2.338932E+01
20.704  2.338477E+01
20.711  2.337183E+01
20.718  3.215307E+03
20.725  1.716854E+02
20.732  6.818031E+02
20.739  2.342400E+01
20.746  7.218818E+01
20.753  2.705914E+01
20.760  2.332336E+01
20.767  2.331550E+01
20.774  2.356840E+01
20.781  2.330146E+01
20.788  2.339885E+01
20.795  2.328744E+01
20.802  2.327293E+01
20.809  2.402770E+01
20.816  2.325561E+01
20.823  2.325947E+01
20.830  6.593746E+02
20.837  2.331716E+01
20.844  2.322937E+01
20.851  9.280634E+02
20.858  7.731932E+02
20.865  3.270373E+01
20.872  6.632717E+02
20.879  2.540070E+01
20.886  5.204127E+01
20.893  4.102474E+02
20.900  2.922806E+01
20.907  3.072304E+01
20.914  2.376262E+01
20.921  5.896011E+01
20.928  1.201091E+03
20.935  2.400251E+01
20.942  2.441067E+01
20.949  2.312123E+01
20.956  2.331731E+01
20.963  4.490960E+01
20.970  2.526233E+01
20.977  2.309367E+01
20.984  2.433699E+01
20.991  1.999477E+02
20.998  2.307389E+01
21.005  2.306124E+01
21.012  2.306347E+01
21.019  9.038279E+01
21.026  2.376321E+01
21.033  2.382134E+01
21.040  2.308724E+01
21.047  1.383239E+02
21.054  2.301746E+01
21.061  1.060403E+03
21.068  2.300217E+01
21.075  1.087165E+02
21.082  2.298854E+01
21.089  3.394364E+01
21.096  3.766387E+02
21.103  8.428367E+02
21.110  2.304358E+01
21.117  2.347499E+01
21.124  2.300365E+01
21.131  2.500740E+03
21.138  2.292764E+01
21.145  2.292661E+01
21.152  2.327034E+01
21.159  2.291144E+01
21.166  2.312534E+01
21.173  2.844284E+01
21.180  2.288873E+01
21.187  2.288280E+01
21.194  2.305055E+01
21.201  2.286933E+01
21.208  2.288962E+01
21.215  3.690101E+02
21.222  2.387262E+01
21.229  2.284571E+01
21.236  3.350265E+01
21.243  2.289114E+01
21.250  2.326760E+01
21.257  2.698114E+01
21.264  2.280974E+01
21.271  2.286917E+01
21.278  2.287796E+01
21.285  2.319998E+01
21.292  2.278790E+01
21.299  2.370154E+01
21.306  2.277456E+01
21.313  2.279314E+01
21.320  2.275960E+01
21.327  2.275539E+01
21.334  2.274629E+01
21.341  2.743141E+01
21.348  1.559608E+02
21.355  3.978760E+02
21.362  8.068860E+02
21.369  9.294536E+02
21.376  2.330914E+01
21.383  2.269417E+01
21.390  2.270298E+01
21.397  2.171859E+02
21.404  2.514594E+03
21.411  2.266936E+01
21.418  2.123362E+03
21.425  2.265940E+01
21.432  2.441154E+01
21.439  2.456716E+01
21.446  2.355365E+01
21.453  2.269457E+01
21.460  2.286354E+01
21.467  7.941560E+01
21.474  2.870552E+01
21.481  2.295435E+01
21.488  2.260105E+01
21.495  2.310417E+01
21.502  1.155333E+03
21.509  3.448195E+03
21.516  1.232483E+03
21.523  5.627199E+03
21.530  6.508714E+01
21.537  3.022740E+01
21.544  2.342233E+01
21.551  1.072627E+03
21.558  2.777220E+01
21.565  2.253645E+01
21.572  2.459919E+01
21.579  2.252183E+01
21.586  7.442052E+02
21.593  1.023133E+02
21.600  3.625776E+01
21.607  2.584179E+01
21.614  3.659093E+01
21.621  2.248611E+01
21.628  2.327035E+01
21.635  2.247638E+01
21.642  2.348314E+01
21.649  2.249071E+01
21.656  2.361226E+01
21.663  3.179076E+01
21.670  2.244007E+01
21.677  2.295504E+01
21.684  2.254569E+01
21.691  2.587139E+01
21.698  2.243992E+01
21.705  2.410930E+01
21.712  7.559594E+01
21.719  2.250936E+01
21.726  2.261398E+01
21.733  3.178902E+01
21.740  2.238379E+01
21.747  2.273585E+01
21.754  2.390814E+01
21.761  2.397226E+01
21.768  2.235819E+01
21.775  2.234781E+01
21.782  5.807385E+01
21.789  2.233186E+01
21.796  2.233584E+01
21.803  2.232230E+01
21.810  2.372257E+01
21.817  1.789604E+03
21.824  2.294840E+01
21.831  2.040405E+03
21.838  2.006996E+02
21.845  2.754403E+01
21.852  2.228019E+01
21.859  2.238108E+01
21.866  2.226910E+01
21.873  2.226832E+01
21.880  2.253893E+01
21.887  2.225249E+01
21.894  4.289047E+01
21.901  2.264257E+01
21.908  2.223116E+01
21.915  6.441904E+01
21.922  2.222330E+01
21.929  2.221937E+01
21.936  2.220912E+01
21.943  2.273691E+01
21.950  2.236897E+01
21.957  2.381045E+01
21.964  2.230412E+01
21.971  2.218638E+01
21.978  2.217142E+01
21.985  3.952878E+01
21.992  2.599887E+01
21.999  2.215499E+01
22.006  5.471343E+02
22.013  2.214405E+01
22.020  2.214174E+01
22.027  2.240270E+01
22.034  1.346335E+04
22.041  4.835317E+02
22.048  2.211992E+01
22.055  2.392822E+01
22.062  2.210746E+01
22.069  2.209258E+01
22.076  2.209659E+01
22.083  2.209116E+01
22.090  2.292829E+01
22.097  2.216830E+01
22.104  2.207331E+01
22.111  2.205847E+01
22.118  9.357203E+03
22.125  2.401417E+01
22.132  3.215416E+01
22.139  1.464219E+03
22.146  2.203929E+01
22.153  2.446817E+01
22.160  2.663540E+01
22.167  2.290347E+01
22.174  2.250631E+01
22.181  2.252738E+01
22.188  1.834331E+02
22.195  2.201253E+01
22.202  2.198370E+01
22.209  2.204400E+01
22.216  2.197610E+01
22.223  2.197074E+01
22.230  2.196382E+01
22.237  2.527207E+01
22.244  2.195312E+01
22.251  2.194621E+01
22.258  2.316709E+01
22.265  2.194021E+01
22.272  2.192864E+01
22.279  2.436719E+02
22.286  2.191798E+01
22.293  2.311202E+01
22.300  2.340529E+01
22.307  2.190980E+01
22.314  4.494340E+02
22.321  2.298813E+02
22.328  3.791690E+01
22.335  2.188077E+01
22.342  2.188014E+01
22.349  2.186241E+01
22.356  2.186333E+01
22.363  1.552453E+02
22.370  2.184654E+01
22.377  3.848096E+01
22.384  2.183132E+01
22.391  2.188033E+01
22.398  2.181458E+01
22.405  1.686378E+02
22.412  2.180250E+01
22.419  2.206055E+01
22.426  3.030192E+03
22.433  2.177435E+01
22.440  2.193004E+01
22.447  2.175768E+01
22.454  5.032011E+01
22.461  2.174102E+01
22.468  2.173734E+01
22.475  1.106351E+02
22.482  2.266288E+01
22.489  2.170778E+01
22.496  2.174733E+01
22.503  2.496099E+01
22.510  2.169215E+01
22.517  2.291449E+01
22.524  2.236779E+01
22.531  1.802861E+03
22.538  2.165442E+01
22.545  2.165694E+01
22.552  2.350560E+01
22.559  2.168814E+01
22.566  2.162601E+01
22.573  2.516509E+01
22.580  5.909403E+01
22.587  2.182113E+01
22.594  6.245391E+01
22.601  2.204576E+01
22.608  2.158737E+01
22.615  2.434296E+01
22.622  2.660872E+01
22.629  2.528542E+01
22.636  2.155453E+01
22.643  2.155094E+01
22.650  2.154274E+01
22.657  2.253841E+01
22.664  2.152637E+01
22.671  2.152279E+01
22.678  2.151461E+01
22.685  2.226415E+01
22.692  2.150287E+01
22.699  2.710435E+01
22.706  2.148655E+01
22.713  2.147229E+01
22.720  1.608588E+02
22.727  2.146059E+01
22.734  2.151813E+01
22.741  3.081820E+01
22.748  2.015091E+03
22.755  2.143266E+01
22.762  2.143064E+01
22.769  7.986438E+01
22.776  2.285516E+01
22.783  2.829840E+01
22.790  2.141041E+01
22.797  2.139926E+01
22.804  2.139878E+01
22.811  2.179257E+01
22.818  6.832818E+01
22.825  2.781428E+01
22.832  2.137863E+01
22.839  2.193614E+01
22.846  2.137464E+01
22.853  2.150485E+01
22.860  2.151649E+01
22.867  2.150839E+01
22.874  2.264946E+01
22.881  2.345141E+01
22.888  2.133542E+01
22.895  2.133800E+01
22.902  2.132693E+01
22.909  2.135830E+01
22.916  2.146240E+01
22.923  2.138313E+01
22.930  2.135540E+01
22.937  2.131104E+01
22.944  2.721145E+01
22.951  2.129955E+01
22.958  2.152447E+01
22.965  2.129110E+01
22.972  2.128159E+01
22.979  2.128417E+01
22.986  3.075559E+01
22.993  2.127273E+01
23.000  2.598571E+01
23.007  3.210701E+01
23.014  2.166975E+01
23.021  2.178685E+01
23.028  2.124341E+01
23.035  2.124600E+01
23.042  2.124557E+01
23.049  4.490677E+01
23.056  2.123267E+01
23.063  2.133162E+01
23.070  1.087330E+02
23.077  2.307618E+01
23.084  3.291750E+01
23.091  2.120350E+01
23.098  2.124818E+01
23.105  1.494842E+02
23.112  2.176717E+02
23.119  2.917131E+02
23.126  1.684553E+02
23.133  8.727034E+02
23.140  2.119611E+01
23.147  2.117320E+01
23.154  2.117130E+01
23.161  2.116040E+01
23.168  2.116450E+01
23.175  2.115361E+01
23.182  2.115172E+01
23.189  2.308002E+01
23.196  2.129015E+01
23.203  2.113407E+01
23.210  2.113817E+01
23.217  2.113628E+01
23.224  2.112094E+01
23.231  2.646123E+01
23.238  2.111270E+01
23.245  6.904936E+02
23.252  2.985270E+01
23.259  5.031480E+01
23.266  4.757140E+01
23.273  2.109736E+01
23.280  2.170257E+01
23.287  3.812539E+01
23.294  2.127213E+01
23.301  2.215243E+01
23.308  2.107611E+01
23.315  2.107425E+01
23.322  3.056114E+01
23.329  2.106607E+01
23.336  2.841050E+02
23.343  6.953449E+02
23.350  1.126608E+03
23.357  9.217194E+02
23.364  6.370545E+01
23.371  2.104307E+01
23.378  7.795323E+02
23.385  2.327562E+02
23.392  2.138044E+01
23.399  3.365563E+01
23.406  2.233790E+01
23.413  2.101422E+01
23.420  2.101535E+01
23.427  2.466572E+01
23.434  1.810443E+02
23.441  2.099652E+01
23.448  7.364360E+02
23.455  2.108762E+01
23.462  2.490569E+01
23.469  9.899529E+01
23.476  6.125382E+01
23.483  2.097376E+01
23.490  2.111238E+01
23.497  2.114599E+01
23.504  2.096536E+01
23.511  2.096207E+01
23.518  2.098979E+01
23.525  2.495708E+01
23.532  2.446418E+01
23.539  2.116874E+01
23.546  2.096778E+01
23.553  2.162351E+01
23.560  2.273722E+01
23.567  2.093436E+01
23.574  2.092815E+01
23.581  2.102796E+01
23.588  2.091572E+01
23.595  2.096103E+01
23.602  1.282153E+03
23.609  1.610820E+03
23.616  4.740158E+02
23.623  3.353200E+01
23.630  3.013047E+03
23.637  2.091644E+01
23.644  2.089262E+01
23.651  2.089818E+01
23.658  2.088466E+01
23.665  2.088435E+01
23.672  2.087818E+01
23.679  2.153924E+01
23.686  2.089223E+01
23.693  2.096080E+01
23.700  2.086230E+01
23.707  2.086640E+01
23.714  2.085584E+01
23.721  2.085994E+01
23.728  2.085671E+01
23.735  2.710485E+04
23.742  2.087951E+01
23.749  2.083973E+01
23.756  2.116101E+01
23.763  2.623706E+01
23.770  2.128440E+01
23.777  2.086630E+01
23.784  5.041157E+02
23.791  2.099268E+01
23.798  2.084059E+01
23.805  2.080967E+01
23.812  2.104125E+01
23.819  2.080764E+01
23.826  2.106969E+01
23.833  6.780912E+04
23.840  2.154089E+01
23.847  2.079486E+01
23.854  1.674338E+04
23.861  1.357778E+04
23.868  2.215429E+01
23.875  2.087082E+01
23.882  2.110025E+01
23.889  2.077429E+01
23.896  2.114311E+01
23.903  2.298186E+01
23.910  2.091724E+01
23.917  2.076448E+01
23.924  2.075260E+01
23.931  2.076249E+01
23.938  2.075062E+01
23.945  2.082286E+01
23.952  9.622051E+02
23.959  3.011094E+02
23.966  3.510806E+01
23.973  2.073916E+01
23.980  3.108662E+02
23.987  2.073718E+01
23.994  2.631298E+01
24.001  2.085819E+01
24.008  2.303755E+01
24.015  2.168323E+01
24.022  2.075901E+01
24.029  2.127753E+01
24.036  2.070647E+01
24.043  2.071055E+01
24.050  2.070019E+01
24.057  2.070283E+01
24.064  2.069247E+01
24.071  5.317891E+01
24.078  2.410555E+01
24.085  2.250976E+01
24.092  2.068716E+01
24.099  2.192032E+01
24.106  2.067947E+01
24.113  2.067347E+01
24.120  2.067610E+01
24.127  2.067011E+01
24.134  2.066843E+01
24.141  2.120614E+01
24.148  2.066076E+01
24.155  2.066052E+01
24.162  2.065885E+01
24.169  2.064712E+01
24.176  8.206184E+02
24.183  2.064521E+01
24.190  1.155944E+03
24.197  2.064188E+01
24.204  2.064021E+01
24.211  2.063425E+01
24.218  7.086195E+01
24.225  2.063235E+01
24.232  2.091586E+01
24.239  2.061901E+01
24.246  2.063310E+01
24.253  2.082186E+01
24.260  2.191226E+01
24.267  2.073544E+01
24.274  2.060644E+01
24.281  2.061051E+01
24.288  3.368044E+02
24.295  2.061722E+01
24.302  4.720375E+04
24.309  2.169382E+01
24.316  2.059370E+01
24.323  2.066343E+01
24.330  2.058613E+01
24.337  3.126696E+01
24.344  2.057857E+01
24.351  2.065108E+01
24.358  2.058100E+01
24.365  2.057508E+01
24.372  2.772714E+03
24.379  2.753829E+03
24.386  2.056591E+01
24.393  2.056997E+01
24.400  3.149363E+01
24.407  2.184004E+01
24.414  2.055655E+01
24.421  2.056061E+01
24.428  2.055329E+01
24.435  2.055309E+01
24.442  2.060971E+01
24.449  2.054416E+01
24.456  2.054396E+01
24.463  2.054234E+01
24.470  2.054072E+01
24.477  2.053485E+01
24.484  2.053323E+01
24.491  2.000702E+02
24.498  2.053000E+01
24.505  2.209986E+01
24.512  2.052819E+01
24.519  2.052091E+01
24.526  2.051931E+01
24.533  2.052053E+01
24.540  2.051750E+01
24.547  2.060219E+01
24.554  2.051429E+01
24.561  2.050986E+01
24.568  2.074994E+01
24.575  2.049959E+01
24.582  2.050364E+01
24.589  2.089745E+01
24.596  2.050185E+01
24.603  3.617641E+03
24.610  2.271812E+01
24.617  2.054219E+01
24.624  9.830318E+01
24.631  1.630825E+02
24.638  2.047677E+01
24.645  2.490639E+01
24.652  2.819819E+01
24.659  2.047763E+01
24.666  2.046619E+01
24.673  2.047446E+01
24.680  2.046724E+01
24.687  2.620870E+01
24.694  2.047533E+01
24.701  5.273914E+01
24.708  2.045670E+01
24.715  3.490254E+02
24.722  1.770477E+03
24.729  2.045196E+01
24.736  3.598331E+01
24.743  2.092877E+01
24.750  2.093408E+01
24.757  6.895871E+02
24.764  2.043848E+01
24.771  1.357312E+03
24.778  2.046617E+01
24.785  2.399655E+01
24.792  2.128658E+01
24.799  2.045304E+01
24.806  2.049767E+01
24.813  2.041631E+01
24.820  2.042035E+01
24.827  2.041319E+01
24.834  2.045917E+01
24.841  2.041287E+01
24.848  1.749761E+04
24.855  2.066262E+01
24.862  3.257323E+01
24.869  2.171077E+01
24.876  2.040230E+01
24.883  2.582503E+01
24.890  2.039919E+01
24.897  4.381344E+01
24.904  2.039051E+01
24.911  1.720663E+03
24.918  1.275377E+04
24.925  7.776807E+01
24.932  2.039547E+01
24.939  3.064449E+02
24.946  2.467408E+01
24.953  2.037413E+01
24.960  2.037259E+01
24.967  2.265196E+01
24.974  2.036812E+01
24.981  2.036658E+01
24.988  2.149621E+01
24.995  2.036351E+01
25.002  2.047308E+01
25.009  2.047846E+01
25.016  2.278804E+01
25.023  2.035738E+01
25.030  2.035030E+01
25.037  2.035432E+01
25.044  2.037220E+01
25.051  2.036096E+01
25.058  2.035666E+01
25.065  2.034820E+01
25.072  2.039653E+01
25.079  2.040469E+01
25.086  2.033809E+01
25.093  2.221025E+01
25.100  2.039038E+01
25.107  2.824039E+03
25.114  8.173729E+01
25.121  2.033049E+01
25.128  2.032344E+01
25.135  2.035646E+01
25.142  2.032041E+01
25.149  2.031890E+01
25.156  2.060726E+01
25.163  2.031587E+01
25.170  2.031988E+01
25.177  2.030733E+01
25.184  2.031686E+01
25.191  5.393946E+01
25.198  1.835425E+02
25.205  4.004879E+01
25.212  2.031082E+01
25.219  2.221908E+02
25.226  2.030781E+01
25.233  2.029942E+01
25.240  2.083722E+01
25.247  2.030192E+01
25.254  3.024438E+01
25.261  2.804761E+01
25.268  2.320117E+01
25.275  2.029042E+01
25.282  2.028892E+01
25.289  2.028193E+01
25.296  5.504435E+02
25.303  3.020365E+01
25.310  7.043190E+02
25.317  2.029242E+01
25.324  2.041844E+01
25.331  2.041691E+01
25.338  2.027012E+01
25.345  2.027411E+01
25.352  2.026714E+01
25.359  2.053404E+01
25.366  2.038053E+01
25.373  2.026816E+01
25.380  3.944839E+01
25.387  2.026519E+01
25.394  2.025687E+01
25.401  2.848905E+01
25.408  2.062974E+01
25.415  5.806570E+01
25.422  2.038481E+01
25.429  2.033004E+01
25.436  2.025345E+01
25.443  2.025198E+01
25.450  3.415651E+01
25.457  2.024902E+01
25.464  2.231348E+01
25.471  2.024471E+01
25.478  2.023778E+01
25.485  2.024721E+01
25.492  2.024029E+01
25.499  2.023882E+01
25.506  2.023735E+01
25.513  2.023588E+01
25.520  2.024530E+01
25.527  2.485385E+03
25.534  1.090313E+02
25.541  2.313672E+01
25.548  2.025709E+01
25.555  2.057765E+01
25.562  4.222670E+01
25.569  2.022144E+01
25.576  2.024170E+01
25.583  2.022123E+01
25.590  2.024827E+01
25.597  2.021831E+01
25.604  2.021685E+01
25.611  2.020861E+01
25.618  2.063955E+01
25.625  2.020435E+01
25.632  2.706454E+05
25.639  1.354347E+02
25.646  2.021488E+01
25.653  3.485811E+01
25.660  1.434162E+02
25.667  3.103618E+04
25.674  2.018878E+01
25.681  2.019815E+01
25.688  2.018454E+01
25.695  2.019390E+01
25.702  2.019246E+01
25.709  2.980906E+01
25.716  9.785701E+01
25.723  2.683515E+01
25.730  2.300995E+01
25.737  7.763375E+02
25.744  2.017300E+01
25.751  2.022415E+01
25.758  2.017417E+01
25.765  2.029268E+01
25.772  2.017534E+01
25.779  2.019410E+01
25.786  2.015900E+01
25.793  2.017103E+01
25.800  2.327996E+02
25.807  2.033231E+01
25.814  2.612850E+01
25.821  2.550012E+02
25.828  2.016251E+01
25.835  1.164061E+02
25.842  2.015831E+01
25.849  2.014479E+01
25.856  2.015411E+01
25.863  2.018356E+01
25.870  2.014991E+01
25.877  2.015386E+01
25.884  2.061928E+01
25.891  7.836026E+01
25.898  2.602230E+01
25.905  2.092695E+01
25.912  2.014272E+01
25.919  2.060082E+01
25.926  2.013987E+01
25.933  2.016390E+01
25.940  2.013570E+01
25.947  1.667217E+02
25.954  2.013688E+01
25.961  3.722399E+01
25.968  2.325371E+01
25.975  2.092002E+01
25.982  2.012988E+01
25.989  2.013381E+01
25.996  2.125442E+01
26.003  2.016170E+01
26.010  2.012690E+01
26.017  2.267204E+01
26.024  4.411499E+01
26.031  3.388905E+01
26.038  2.446077E+02
26.045  2.012518E+01
26.052  6.737159E+03
26.059  2.011970E+01
26.066  2.011829E+01
26.073  2.190417E+01
26.080  2.054953E+01
26.087  2.011275E+01
26.094  2.011134E+01
26.101  2.028555E+01
26.108  1.050860E+02
26.115  2.011246E+01
26.122  2.083553E+01
26.129  2.104656E+01
26.136  2.093730E+01
26.143  2.283638E+01
26.150  2.127798E+01
26.157  3.032999E+01
26.164  2.011593E+01
26.171  2.114812E+01
26.178  2.011181E+01
26.185  2.011837E+01
26.192  2.010901E+01
26.199  2.014208E+01
26.206  2.128683E+01
26.213  2.017238E+01
26.220  3.435859E+01
26.227  2.241106E+01
26.234  2.018668E+01
26.241  2.174408E+01
26.248  2.047754E+01
26.255  2.009647E+01
26.262  2.155613E+01
26.269  2.011881E+01
26.276  2.011873E+01
26.283  2.010809E+01
26.290  2.010670E+01
26.297  4.699909E+03
26.304  2.010392E+01
26.311  2.009593E+01
26.318  2.012489E+01
26.325  2.009975E+01
26.332  2.010364E+01
26.339  2.010225E+01
26.346  2.731298E+01
26.353  3.892347E+01
26.360  2.010468E+01
26.367  2.010329E+01
26.374  2.018485E+01
26.381  2.714380E+01
26.388  2.009914E+01
26.395  2.010301E+01
26.402  2.025946E+01
26.409  3.387602E+01
26.416  2.136211E+01
26.423  2.426732E+02
26.430  2.052178E+01
26.437  2.010654E+01
26.444  2.009334E+01
26.451  2.010378E+01
26.458  2.023757E+01
26.465  2.024665E+01
26.472  2.010488E+01
26.479  8.540250E+02
26.486  2.009688E+01
26.493  4.270228E+01
26.500  4.717106E+02
26.507  2.399130E+01
26.514  2.040699E+01
26.521  2.010178E+01
26.528  2.011218E+01
26.535  2.010426E+01
26.542  2.010288E+01
26.549  2.009627E+01
26.556  2.010666E+01
26.563  2.009875E+01
26.570  2.010653E+01
26.577  2.833509E+01
26.584  2.010116E+01
26.591  2.011154E+01
26.598  2.010364E+01
26.605  6.742128E+01
26.612  2.015569E+01
26.619  5.013269E+02
26.626  5.313860E+01
26.633  2.010851E+01
26.640  9.850228E+02
26.647  2.010576E+01
26.654  2.011090E+01
26.661  2.009651E+01
26.668  5.942994E+01
26.675  3.252806E+01
26.682  2.011192E+01
26.689  3.273998E+01
26.696  3.535756E+03
26.703  2.010651E+01
26.710  2.012984E+01
26.717  2.670885E+01
26.724  2.010111E+01
26.731  2.011143E+01
26.738  2.010357E+01
26.745  2.035408E+01
26.752  2.332247E+01
26.759  2.011115E+01
26.766  2.010978E+01
26.773  2.011490E+01
26.780  2.010056E+01
26.787  2.011087E+01
26.794  2.010302E+01
26.801  2.011461E+01
26.808  2.011325E+01
26.815  2.039030E+01
26.822  2.227252E+01
26.829  2.011433E+01
26.836  2.241747E+01
26.843  2.012195E+01
26.850  2.060426E+01
26.857  2.208188E+01
26.864  2.145956E+01
26.871  2.011649E+01
26.878  2.013967E+01
26.885  2.013055E+01
26.892  8.904154E+01
26.899  9.277878E+01
26.906  2.011484E+01
26.913  2.013541E+01
26.920  2.012244E+01
26.927  4.208236E+01
26.934  1.207892E+02
26.941  2.454184E+01
26.948  2.012601E+01
26.955  7.436022E+01
26.962  2.012072E+01
26.969  2.013094E+01
26.976  2.012315E+01
26.983  2.014624E+01
26.990  2.068908E+01
26.997  2.012421E+01
27.004  2.013957E+01
27.011  3.788271E+01
27.018  3.214338E+01
27.025  2.011750E+01
27.032  2.033837E+01
27.039  1.759386E+02
27.046  2.012499E+01
27.053  8.833834E+02
27.060  2.019798E+01
27.067  2.050707E+01
27.074  1.233120E+02
27.081  2.799624E+02
27.088  2.176538E+02
27.095  5.570851E+02
27.102  1.445108E+02
27.109  2.014098E+01
27.116  2.128574E+01
27.123  2.013187E+01
27.130  2.013307E+01
27.137  2.013555E+01
27.144  2.605971E+01
27.151  1.613620E+02
27.158  3.812006E+02
27.165  2.013525E+01
27.172  2.014029E+01
27.179  2.013893E+01
27.186  2.013119E+01
27.193  2.593103E+01
27.200  9.683430E+01
27.207  4.484256E+02
27.214  3.017784E+02
27.221  2.285431E+01
27.228  1.166652E+03
27.235  2.016510E+01
27.242  2.014462E+01
27.249  2.032932E+01
27.256  2.015466E+01
27.263  2.378836E+02
27.270  2.015959E+01
27.277  2.019006E+01
27.284  2.014797E+01
27.291  2.016444E+01
27.298  2.014527E+01
27.305  2.015664E+01
27.312  2.015529E+01
27.319  2.015267E+01
27.326  2.022248E+01
27.333  2.016267E+01
27.340  2.020450E+01
27.347  2.015870E+01
27.354  3.609256E+01
27.361  2.156217E+01
27.368  2.016607E+01
27.375  2.016472E+01
27.382  2.015576E+01
27.389  2.024569E+01
27.396  2.019362E+01
27.403  2.026956E+01
27.410  1.194631E+02
27.417  8.831299E+02
27.424  2.017174E+01
27.431  2.016912E+01
27.438  2.278493E+01
27.445  5.015986E+01
27.452  2.336402E+01
27.459  2.017511E+01
27.466  2.017376E+01
27.473  2.017115E+01
27.480  2.017612E+01
27.487  2.019372E+01
27.494  2.588205E+01
27.501  2.017713E+01
27.508  2.018209E+01
27.515  2.022996E+01
27.522  2.067145E+01
27.529  2.018310E+01
27.536  1.607074E+03
27.543  4.562432E+01
27.550  2.050172E+01
27.557  2.017519E+01
27.564  1.449357E+02
27.571  2.019139E+01
27.578  2.019634E+01
27.585  2.018744E+01
27.592  2.018609E+01
27.599  2.075973E+01
27.606  2.020101E+01
27.613  1.041006E+02
27.620  2.020083E+01
27.627  6.556945E+01
27.634  2.020065E+01
27.641  2.019805E+01
27.648  2.028713E+01
27.655  2.458751E+02
27.662  3.019122E+01
27.669  2.020647E+01
27.676  2.020889E+01
27.683  1.837118E+02
27.690  2.021121E+01
27.697  2.707520E+02
27.704  2.039151E+01
27.711  2.022597E+01
27.718  2.057539E+01
27.725  7.175647E+01
27.732  2.021441E+01
27.739  2.021932E+01
27.746  2.021798E+01
27.753  2.281033E+01
27.760  2.042668E+01
27.767  2.021894E+01
27.774  2.022385E+01
27.781  2.174616E+01
27.788  2.021991E+01
27.795  2.024105E+01
27.802  5.635517E+01
27.809  2.023585E+01
27.816  2.075632E+01
27.823  2.023191E+01
27.830  2.023681E+01
27.837  4.507136E+02
27.844  5.264236E+02
27.851  2.023900E+01
27.858  2.025012E+01
27.865  5.489811E+01
27.872  2.024618E+01
27.879  2.025479E+01
27.886  2.024348E+01
27.893  2.025459E+01
27.900  2.062911E+01
27.907  2.024443E+01
27.914  2.025677E+01
27.921  2.028651E+01
27.928  2.025904E+01
27.935  2.026391E+01
27.942  1.112546E+02
27.949  4.350297E+01
27.956  2.200750E+01
27.963  1.366463E+03
27.970  2.026835E+01
27.977  7.947063E+01
27.984  6.768372E+01
27.991  6.084627E+03
27.998  2.028281E+01
28.005  2.068691E+01
28.012  2.045489E+01
28.019  2.026885E+01
28.026  2.028732E+01
28.033  2.028597E+01
28.040  2.028958E+01
28.047  2.028823E+01
28.054  2.429846E+01
28.061  2.028429E+01
28.068  2.594535E+01
28.075  2.799326E+01
28.082  2.028520E+01
28.089  5.477184E+01
28.096  2.151842E+01
28.103  2.029970E+01
28.110  2.192646E+01
28.117  2.029576E+01
28.124  2.036603E+01
28.131  2.041774E+01
28.138  8.474321E+02
28.145  2.030765E+01
28.152  2.064427E+01
28.159  2.031112E+01
28.166  2.073756E+01
28.173  2.030595E+01
28.180  2.031816E+01
28.187  2.032667E+01
28.194  2.030684E+01
28.201  2.034613E+01
28.208  2.032384E+01
28.215  2.032865E+01
28.222  5.808678E+01
28.229  2.033087E+01
28.236  2.032214E+01
28.243  2.146543E+01
28.250  2.033173E+01
28.257  4.559835E+01
28.264  2.309453E+01
28.271  2.033874E+01
28.278  2.038159E+01
28.285  2.034831E+01
28.292  2.033223E+01
28.299  2.035175E+01
28.306  2.034303E+01
28.313  2.037602E+01
28.320  2.036853E+01
28.327  2.035982E+01
28.334  2.036215E+01
28.341  4.011020E+02
28.348  9.560276E+02
28.355  1.484117E+03
28.362  9.084440E+01
28.369  1.111284E+02
28.376  2.037117E+01
28.383  2.036981E+01
28.390  2.037457E+01
28.397  2.037200E+01
28.404  2.128386E+01
28.411  2.043651E+01
28.418  4.403014E+04
28.425  2.038614E+01
28.432  2.037745E+01
28.439  2.162641E+01
28.446  2.038695E+01
28.453  2.075416E+01
28.460  2.302943E+01
28.467  2.038899E+01
28.474  2.041813E+01
28.481  9.080620E+01
28.488  2.039712E+01
28.495  2.040186E+01
28.502  2.066853E+01
28.509  2.041255E+01
28.516  2.041484E+01
28.523  2.040862E+01
28.530  2.041334E+01
28.537  2.041807E+01
28.544  2.051525E+01
28.551  2.042144E+01
28.558  4.285858E+02
28.565  2.042480E+01
28.572  6.949561E+01
28.579  3.698283E+01
28.586  1.882580E+03
28.593  2.043759E+01
28.600  2.043502E+01
28.607  2.043244E+01
28.614  2.044565E+01
28.621  2.044307E+01
28.628  2.045263E+01
28.635  2.134984E+01
28.642  8.498204E+02
28.649  2.396471E+01
28.656  2.045325E+01
28.663  2.392757E+01
28.670  2.065400E+01
28.677  2.078215E+01
28.684  2.096109E+01
28.691  2.047671E+01
28.698  2.045598E+01
28.705  2.047398E+01
28.712  2.051010E+01
28.719  2.060425E+01
28.726  2.051220E+01
28.733  2.490497E+01
28.740  2.047804E+01
28.747  2.048997E+01
28.754  2.050430E+01
28.761  2.047758E+01
28.768  1.161498E+02
28.775  2.049537E+01
28.782  3.420413E+01
28.789  2.875362E+01
28.796  2.299103E+01
28.803  2.798616E+01
28.810  2.050663E+01
28.817  6.693823E+02
28.824  2.145922E+01
28.831  2.051578E+01
28.838  2.055415E+01
28.845  2.767816E+03
28.852  2.375518E+01
28.859  2.310087E+01
28.866  2.057391E+01
28.873  2.413237E+01
28.880  2.052907E+01
28.887  2.058299E+01
28.894  2.053114E+01
28.901  2.053698E+01
28.908  3.242382E+01
28.915  9.685762E+01
28.922  2.069855E+01
28.929  2.341107E+01
28.936  2.054694E+01
28.943  2.055157E+01
28.950  2.553631E+01
28.957  2.395924E+01
28.964  2.056184E+01
28.971  2.056526E+01
28.978  2.080475E+01
28.985  2.058887E+01
28.992  3.311917E+01
28.999  2.057893E+01
29.006  2.057636E+01
29.013  4.438026E+01
29.020  2.058797E+01
29.027  2.058540E+01
29.034  2.059001E+01
29.041  2.064483E+01
29.048  2.077493E+01
29.055  2.143441E+01
29.062  2.060362E+01
29.069  2.395652E+01
29.076  2.060684E+01
29.083  2.063889E+01
29.090  2.159364E+01
29.097  2.061822E+01
29.104  5.117701E+01
29.111  3.096315E+01
29.118  4.106241E+01
29.125  2.063774E+01
29.132  2.061967E+01
29.139  4.969746E+01
29.146  3.191482E+01
29.153  3.185594E+01
29.160  2.658133E+01
29.167  2.063184E+01
29.174  2.071496E+01
29.181  2.281979E+01
29.188  2.068004E+01
29.195  1.040974E+04
29.202  2.065824E+01
29.209  2.066518E+01
29.216  2.076482E+01
29.223  2.065884E+01
29.230  2.067171E+01
29.237  9.923396E+01
29.244  7.707721E+01
29.251  2.230695E+01
29.258  4.244796E+01
29.265  2.709465E+01
29.272  2.665282E+01
29.279  5.368189E+01
29.286  3.725674E+01
29.293  2.254524E+01
29.300  8.696552E+01
29.307  2.070034E+01
29.314  4.797456E+01
29.321  2.104337E+01
29.328  2.071630E+01
29.335  2.072083E+01
29.342  2.072535E+01
29.349  2.072396E+01
29.356  2.072257E+01
29.363  2.071999E+01
29.370  2.082264E+01
29.377  2.073730E+01
29.384  2.074300E+01
29.391  2.080540E+01
29.398  2.073784E+01
29.405  2.076597E+01
29.412  5.524665E+01
29.419  2.075373E+01
29.426  2.074643E+01
29.433  2.078515E+01
29.440  2.076134E+01
29.447  2.185188E+01
29.454  2.076326E+01
29.461  2.076893E+01
29.468  3.204921E+01
29.475  2.077909E+01
29.482  3.690658E+01
29.489  2.144042E+01
29.496  2.085142E+01
29.503  2.079233E+01
29.510  2.079681E+01
29.517  2.247532E+01
29.524  2.109509E+01
29.531  2.207428E+01
29.538  2.238293E+01
29.545  2.081448E+01
29.552  2.084480E+01
29.559  2.809036E+01
29.566  1.216154E+03
29.573  2.123275E+01
29.580  2.082507E+01
29.587  7.174970E+02
29.594  2.082695E+01
29.601  2.082438E+01
29.608  2.099185E+01
29.615  2.332958E+01
29.622  2.480461E+01
29.629  2.085275E+01
29.636  2.083376E+01
29.643  2.085461E+01
29.650  2.085203E+01
29.657  2.084828E+01
29.664  2.132798E+01
29.671  2.086887E+01
29.678  2.086278E+01
29.685  2.088476E+01
29.692  2.089738E+01
29.699  2.119294E+01
29.706  2.247610E+01
29.713  2.372126E+01
29.720  2.087769E+01
29.727  2.089030E+01
29.734  2.089472E+01
29.741  2.232940E+01
29.748  2.088956E+01
29.755  2.090215E+01
29.762  2.482210E+01
29.769  2.090515E+01
29.776  2.090257E+01
29.783  2.091981E+01
29.790  2.091256E+01
29.797  2.113955E+01
29.804  2.307795E+01
29.811  2.091996E+01
29.818  2.030483E+02
29.825  2.093110E+01
29.832  2.092851E+01
29.839  2.228050E+01
29.846  2.094778E+01
29.853  2.094520E+01
29.860  2.095075E+01
29.867  3.106649E+01
29.874  2.096767E+01
29.881  2.108826E+01
29.888  2.152597E+01
29.895  2.200065E+01
29.902  2.291522E+01
29.909  4.324695E+01
29.916  2.339200E+01
29.923  2.384838E+01
29.930  2.432428E+01
29.937  2.479067E+01
29.944  2.526844E+01
29.951  1.581836E+02
29.958  2.617696E+01
29.965  8.855719E+01
29.972  3.041430E+01
29.979  3.244114E+02
29.986  3.528111E+02
29.993  3.828879E+01
30.000  2.895412E+01
30.007  2.939636E+01
30.014  2.988235E+01
30.021  3.033458E+01
30.028  3.079816E+01
30.035  3.126152E+01
30.042  3.170040E+01
30.049  3.279775E+01
30.056  3.292644E+01
30.063  3.321215E+01
30.070  3.360166E+01
30.077  3.405680E+01
30.084  3.749659E+01
30.091  3.493528E+01
30.098  9.472466E+01
30.105  3.585909E+01
30.112  3.630625E+01
30.119  3.679817E+01
30.126  3.721379E+01
30.133  3.768913E+01
30.140  3.824030E+01
30.147  3.859540E+01
30.154  3.907470E+01
30.161  4.039076E+01
30.168  3.997508E+01
30.175  4.043532E+01
30.182  4.086197E+01
30.189  4.135400E+01
30.196  4.267146E+01
30.203  4.226493E+01
30.210  4.475283E+01
30.217  1.117866E+02
30.224  4.361423E+01
30.231  4.409000E+01
30.238  4.451273E+01
30.245  6.320143E+01
30.252  4.544597E+01
30.259  4.588530E+01
30.266  4.636115E+01
30.273  4.682071E+01
30.280  5.126163E+01
30.287  4.771397E+01
30.294  4.816947E+01
30.301  4.866601E+01
30.308  4.908212E+01
30.315  4.958394E+01
30.322  4.997445E+01
30.329  7.687756E+03
30.336  9.776342E+01
30.343  4.962516E+03
30.350  4.304760E+03
30.357  5.220913E+01
30.364  7.335016E+02
30.371  6.245789E+03
30.378  3.825847E+06
30.385  5.402607E+01
30.392  5.464431E+01
30.399  5.494357E+01
30.406  5.538658E+01
30.413  5.581798E+01
30.420  5.629255E+01
30.427  5.672354E+01
30.434  5.719882E+01
30.441  5.762826E+01
30.448  5.805750E+01
30.455  6.506993E+01
30.462  5.898493E+01
30.469  5.943636E+01
30.476  5.984086E+01
30.483  6.037504E+01
30.490  6.076662E+01
30.497  2.125666E+02
30.504  6.196928E+01
30.511  6.217016E+01
30.518  6.254390E+01
30.525  6.301985E+01
30.532  6.341824E+01
30.539  6.389377E+01
30.546  6.434293E+01
30.553  6.480212E+01
30.560  3.023247E+04
30.567  2.760252E+04
30.574  4.706506E+03
30.581  1.992426E+03
30.588  1.092774E+03
30.595  6.854365E+01
30.602  6.791637E+01
30.609  7.191222E+01
30.616  6.950833E+01
30.623  7.162421E+01
30.630  7.149448E+01
30.637  7.250047E+01
30.644  7.359326E+01
30.651  7.448163E+01
30.658  7.551683E+01
30.665  1.917441E+02
30.672  7.749526E+01
30.679  7.853020E+01
30.686  2.276089E+04
30.693  8.050476E+01
30.700  8.150664E+01
30.707  8.247527E+01
30.714  8.351694E+01
30.721  8.451857E+01
30.728  1.505563E+02
30.735  1.182100E+02
30.742  8.744394E+01
30.749  8.854314E+01
30.756  8.947814E+01
30.763  9.045560E+01
30.770  9.318068E+01
30.777  1.051347E+02
30.784  9.351844E+01
30.791  9.442981E+01
30.798  9.538700E+01
30.805  1.064640E+02
30.812  9.741728E+01
30.819  9.844074E+01
30.826  1.008335E+02
30.833  5.676045E+02
30.840  1.013957E+02
30.847  1.676262E+02
30.854  1.058785E+02
30.861  1.042972E+02
30.868  1.067754E+02
30.875  1.065532E+02
30.882  1.072656E+02
30.889  1.084048E+02
30.896  1.348796E+02
30.903  1.103850E+02
30.910  1.114766E+02
30.917  2.046810E+02
30.924  1.161400E+02
30.931  1.141940E+02
30.938  1.151671E+02
30.945  1.166335E+02
30.952  1.172017E+02
30.959  5.410339E+02
30.966  1.191672E+02
30.973  1.200932E+02
30.980  1.210636E+02
30.987  1.597755E+02
30.994  1.230144E+02
31.001  1.239499E+02
31.008  1.250417E+02
31.015  1.261779E+02
31.022  1.269553E+02
31.029  1.279339E+02
31.036  1.288113E+02
31.043  1.299455E+02
31.050  1.309563E+02
31.057  1.317542E+02
31.064  1.328423E+02
31.071  1.337623E+02
31.078  1.348607E+02
31.085  1.357463E+02
31.092  1.862964E+02
31.099  1.377062E+02
31.106  1.386575E+02
31.113  1.396643E+02
31.120  1.406148E+02
31.127  1.415314E+02
31.134  1.427153E+02
31.141  1.435418E+02
31.148  7.128765E+02
31.155  1.455392E+02
31.162  1.464648E+02
31.169  6.434248E+02
31.176  2.718139E+02
31.183  1.493282E+02
31.190  1.502967E+02
31.197  1.512647E+02
31.204  1.855721E+02
31.211  1.932072E+02
31.218  1.541217E+02
31.225  2.920161E+02
31.232  1.698293E+02
31.239  5.704095E+03
31.246  2.932757E+03
31.253  4.183937E+02
31.260  1.599464E+02
31.267  1.608990E+02
31.274  1.677692E+02
31.281  1.628362E+02
31.288  1.638985E+02
31.295  1.647606E+02
31.302  1.657332E+02
31.309  1.666943E+02
31.316  1.676439E+02
31.323  1.860533E+02
31.330  1.695862E+02
31.337  1.705567E+02
31.344  1.715267E+02
31.351  1.723634E+02
31.358  1.734434E+02
31.365  1.744010E+02
31.372  2.565679E+02
31.379  1.763262E+02
31.386  1.771498E+02
31.393  1.781390E+02
31.400  1.789287E+02
31.407  1.796074E+02
31.414  1.808165E+02
31.421  1.812735E+02
31.428  1.819624E+02
31.435  2.695633E+02
31.442  1.833612E+02
31.449  1.842037E+02
31.456  1.863374E+02
31.463  1.861083E+02
31.470  1.863979E+02
31.477  1.871287E+02
31.484  1.947744E+02
31.491  1.886003E+02
31.498  1.891647E+02
31.505  2.488056E+02
31.512  1.907776E+02
31.519  1.914293E+02
31.526  1.920807E+02
31.533  1.928860E+02
31.540  1.937019E+02
31.547  1.952110E+02
31.554  1.951677E+02
31.561  1.956965E+02
31.568  1.965001E+02
31.575  1.972263E+02
31.582  2.004591E+02
31.589  1.986669E+02
31.596  1.993042E+02
31.603  2.001061E+02
31.610  2.008308E+02
31.617  3.645828E+02
31.624  2.022681E+02
31.631  2.028930E+02
31.638  2.036054E+02
31.645  2.043285E+02
31.652  2.048209E+02
31.659  2.054885E+02
31.666  2.059695E+02
31.673  2.065489E+02
31.680  2.071170E+02
31.687  2.544228E+02
31.694  2.082636E+02
31.701  2.659323E+02
31.708  2.093434E+02
31.715  2.098775E+02
31.722  2.104989E+02
31.729  2.111857E+02
31.736  2.118722E+02
31.743  2.129741E+02
31.750  2.126865E+02
31.757  2.129786E+02
31.764  2.142872E+02
31.771  2.141307E+02
31.778  2.826729E+02
31.785  2.151944E+02
31.792  2.473459E+02
31.799  2.299944E+02
31.806  2.168319E+02
31.813  2.185306E+02
31.820  2.178496E+02
31.827  2.183799E+02
31.834  2.188991E+02
31.841  2.194290E+02
31.848  2.198605E+02
31.855  2.205098E+02
31.862  2.210281E+02
31.869  2.216442E+02
31.876  2.219768E+02
31.883  2.357815E+02
31.890  2.232622E+02
31.897  2.236486E+02
31.904  2.481320E+02
31.911  2.246169E+02
31.918  2.252204E+02
31.925  2.257366E+02
31.932  2.261656E+02
31.939  2.267901E+02
31.946  2.273056E+02
31.953  2.278318E+02
31.960  2.283577E+02
31.967  2.287748E+02
31.974  2.293872E+02
31.981  4.808997E+02
31.988  2.303289E+02
31.995  2.397098E+02
32.002  2.559549E+02
32.009  2.320328E+02
32.016  2.325136E+02
32.023  2.333736E+02
32.030  2.335502E+02
32.037  2.340628E+02
32.044  2.346077E+02
32.051  2.392476E+02
32.058  5.154458E+03
32.065  2.361434E+02
32.072  2.367523E+02
32.079  2.379238E+02
32.086  2.375797E+02
32.093  2.381987E+02
32.100  1.101111E+04
32.107  2.392629E+02
32.114  2.397946E+02
32.121  2.403694E+02
32.128  2.407710E+02
32.135  2.430633E+02
32.142  2.617218E+02
32.149  2.443400E+02
32.156  2.428290E+02
32.163  2.432512E+02
32.170  2.440186E+02
32.177  3.270716E+02
32.184  2.448619E+02
32.191  2.466640E+02
32.198  2.457584E+02
32.205  2.464813E+02
32.212  2.468805E+02
32.219  2.478076E+02
32.226  2.478831E+02
32.233  2.491543E+02
32.240  2.489494E+02
32.247  6.112119E+02
32.254  1.329365E+03
32.261  2.503912E+02
32.268  2.510040E+02
32.275  2.052569E+03
32.282  2.518955E+02
32.289  2.525077E+02
32.296  2.530013E+02
32.303  2.533979E+02
32.310  2.539986E+02
32.317  2.555876E+02
32.324  2.552422E+02
32.331  2.816400E+03
32.338  2.606187E+02
32.345  2.591560E+02
32.352  2.588852E+02
32.359  2.710302E+02
32.366  2.580973E+02
32.373  2.583526E+02
32.380  2.589509E+02
32.387  2.594203E+02
32.394  2.599002E+02
32.401  2.603692E+02
32.408  2.612451E+02
32.415  2.614351E+02
32.422  2.617963E+02
32.429  2.623823E+02
32.436  2.628502E+02
32.443  2.633715E+02
32.450  2.829934E+02
32.457  2.641459E+02
32.464  2.665704E+02
32.471  2.652618E+02
32.478  2.657819E+02
32.485  2.660240E+02
32.492  2.665010E+02
32.499  2.670847E+02
32.506  2.679458E+02
32.513  2.678988E+02
32.520  2.686100E+02
32.527  2.690005E+02
32.534  2.711093E+02
32.541  2.698559E+02
32.548  2.703099E+02
32.555  2.707638E+02
32.562  2.732116E+02
32.569  2.722786E+02
32.576  2.720922E+02
32.583  2.725346E+02
32.590  2.730941E+02
32.597  2.735148E+02
32.604  2.737330E+02
32.611  2.740363E+02
32.618  2.744246E+02
32.625  2.746850E+02
32.632  2.747750E+02
32.639  2.752268E+02
32.646  2.754762E+02
32.653  2.758532E+02
32.660  2.757940E+02
32.667  2.758838E+02
32.674  2.763560E+02
32.681  2.765306E+02
32.688  2.766732E+02
32.695  2.769007E+02
32.702  7.167276E+02
32.709  2.948083E+02
32.716  2.776888E+02
32.723  2.777780E+02
32.730  2.813470E+02
32.737  2.783487E+02
32.744  2.785649E+02
32.751  2.831704E+02
32.758  2.789970E+02
32.765  2.792236E+02
32.772  2.795666E+02
32.779  2.796552E+02
32.786  2.798708E+02
32.793  2.801605E+02
32.800  2.804395E+02
32.807  2.805279E+02
32.814  2.808807E+02
32.821  2.834234E+02
32.828  2.813110E+02
32.835  2.815259E+02
32.842  6.159030E+03
32.849  2.819662E+02
32.856  3.682408E+02
32.863  2.921483E+02
32.870  2.849130E+02
32.877  3.643935E+03
32.884  2.830705E+02
32.891  2.833904E+02
32.898  2.834778E+02
32.905  2.838291E+02
32.912  2.840430E+02
32.919  2.842569E+02
32.926  2.843546E+02
32.933  2.846843E+02
32.940  2.850350E+02
32.947  2.851114E+02
32.954  2.853353E+02
32.961  2.857067E+02
32.968  2.858883E+02
32.975  2.862067E+02
32.982  2.860512E+02
32.989  2.865378E+02
32.996  2.867507E+02
33.003  2.869634E+02
33.010  2.873128E+02
33.017  2.872834E+02
33.024  2.876011E+02
33.031  2.963602E+02
33.038  2.880468E+02
33.045  2.897721E+02
33.052  2.885866E+02
33.059  2.887986E+02
33.066  2.890105E+02
33.073  2.890753E+02
33.080  2.919638E+02
33.087  2.896352E+02
33.094  2.899726E+02
33.101  2.906771E+02
33.108  2.903954E+02
33.115  2.946752E+02
33.122  2.906710E+02
33.129  2.910184E+02
33.136  2.910827E+02
33.143  2.915136E+02
33.150  2.922900E+02
33.157  2.917047E+02
33.164  2.920515E+02
33.171  2.923981E+02
33.178  2.924620E+02
33.185  2.928084E+02
33.192  2.928722E+02
33.199  2.932707E+02
33.206  2.937108E+02
33.213  2.934920E+02
33.220  2.948831E+02
33.227  2.940372E+02
33.234  2.942469E+02
33.241  2.946760E+02
33.248  2.948959E+02
33.255  2.949905E+02
33.262  2.953251E+02
33.269  2.953986E+02
33.276  4.475545E+02
33.283  2.959734E+02
33.290  2.960050E+02
33.297  2.967666E+02
33.304  2.965583E+02
33.311  2.968504E+02
33.318  2.972883E+02
33.325  2.971633E+02
33.332  2.983719E+02
33.339  3.083810E+02
33.346  3.004438E+02
33.353  2.979654E+02
33.360  2.983088E+02
33.367  2.983711E+02
33.374  2.987143E+02
33.381  2.989117E+02
33.388  2.989635E+02
33.395  2.993063E+02
33.402  2.995139E+02
33.409  2.998565E+02
33.416  8.756261E+02
33.423  3.001049E+02
33.430  3.004471E+02
33.437  3.009554E+02
33.444  3.011312E+02
33.451  3.014627E+02
33.458  3.012439E+02
33.465  3.015856E+02
33.472  3.017819E+02
33.479  3.018329E+02
33.486  3.020394E+02
33.493  3.023806E+02
33.500  3.025765E+02
33.507  3.030211E+03
33.514  3.029993E+02
33.521  3.033089E+02
33.528  3.236795E+02
33.535  3.037207E+02
33.542  5.993123E+04
33.549  3.040908E+02
33.556  3.045137E+02
33.563  3.044813E+02
33.570  3.046764E+02
33.577  3.050265E+02
33.584  3.050663E+02
33.591  3.054163E+02
33.598  3.054560E+02
33.605  3.059503E+02
33.612  3.068061E+02
33.619  3.061844E+02
33.626  3.063789E+02
33.633  3.067281E+02
33.640  3.069223E+02
33.647  3.071061E+02
33.654  3.071557E+02
33.661  3.075148E+02
33.668  3.089361E+02
33.675  3.079335E+02
33.682  3.080757E+02
33.689  3.084343E+02
33.696  3.086381E+02
33.703  3.088007E+02
33.710  3.091898E+02
33.717  3.090329E+02
33.724  3.099778E+02
33.731  3.097282E+02
33.738  3.097566E+02
33.745  3.100936E+02
33.752  3.102865E+02
33.759  3.137914E+02
33.766  3.154026E+02
33.773  3.108853E+02
33.780  3.110881E+02
33.787  3.131408E+02
33.794  3.117093E+02
33.801  3.115831E+02
33.808  3.120835E+02
33.815  3.124708E+02
33.822  3.126936E+02
33.829  3.124954E+02
33.836  3.438545E+02
33.843  3.131562E+02
33.850  3.133274E+02
33.857  3.132113E+02
33.864  3.136900E+02
33.871  3.138712E+02
33.878  3.140524E+02
33.885  3.142334E+02
33.892  3.144144E+02
33.899  3.416994E+02
33.906  3.167220E+02
33.913  3.151105E+02
33.920  3.152912E+02
33.927  3.154718E+02
33.934  3.319430E+02
33.941  3.327953E+02
33.948  3.164632E+02
33.955  3.608526E+02
33.962  3.165270E+02
33.969  3.167071E+02
33.976  3.167236E+02
33.983  3.171795E+02
33.990  3.171652E+02
33.997  3.174676E+02
34.004  3.185256E+02
34.011  3.194095E+02
34.018  3.178943E+02
34.025  3.206966E+02
34.032  3.179982E+02
34.039  3.211768E+02
34.046  3.211312E+02
34.053  5.110979E+02
34.060  3.188277E+02
34.067  3.203318E+02
34.074  3.190941E+02
34.081  3.193750E+02
34.088  3.195029E+02
34.095  3.196308E+02
34.102  3.197587E+02
34.109  3.201512E+02
34.116  3.205842E+02
34.123  3.201420E+02
34.130  3.204324E+02
34.137  3.453796E+02
34.144  3.208502E+02
34.151  3.208149E+02
34.158  3.211050E+02
34.165  3.212323E+02
34.172  3.213494E+02
34.179  3.217814E+02
34.186  3.216444E+02
34.193  3.294083E+02
34.200  3.220204E+02
34.207  3.297506E+02
34.214  3.224265E+02
34.221  3.227969E+02
34.228  3.234207E+02
34.235  3.258498E+02
34.242  3.227713E+02
34.249  3.232123E+02
34.256  3.231767E+02
34.263  3.233032E+02
34.270  3.236222E+02
34.277  3.237081E+02
34.284  3.238344E+02
34.291  3.239607E+02
34.298  3.240768E+02
34.305  3.243650E+02
34.312  3.246935E+02
34.319  3.245665E+02
34.326  3.246217E+02
34.333  3.246567E+02
34.340  3.248534E+02
34.347  3.248984E+02
34.354  3.249434E+02
34.361  3.249884E+02
34.368  3.250636E+02
34.375  3.252399E+02
34.382  3.251131E+02
34.389  3.252993E+02
34.396  3.254148E+02
34.403  3.251972E+02
34.410  3.253127E+02
34.417  3.250952E+02
34.424  3.252107E+02
34.431  3.253160E+02
34.438  3.250885E+02
34.445  3.250225E+02
34.452  3.251983E+02
34.459  3.250718E+02
34.466  3.251468E+02
34.473  3.559944E+02
34.480  3.250148E+02
34.487  3.251100E+02
34.494  3.291613E+02
34.501  3.248069E+02
34.508  3.249423E+02
34.515  3.248563E+02
34.522  3.248105E+02
34.529  2.634100E+03
34.536  3.246286E+02
34.543  3.251659E+02
34.550  3.246578E+02
34.557  3.244715E+02
34.564  3.245263E+02
34.571  3.309191E+02
34.578  3.244452E+02
34.585  3.244799E+02
34.592  3.242637E+02
34.599  3.245092E+02
34.606  3.242729E+02
34.613  3.242074E+02
34.620  3.243023E+02
34.627  3.242869E+02
34.634  3.355307E+02
34.641  3.240957E+02
34.648  3.240703E+02
34.655  3.241351E+02
34.662  3.242199E+02
34.669  2.563068E+03
34.676  4.105187E+02
34.683  3.273675E+02
34.690  3.239482E+02
34.697  3.254441E+02
34.704  3.237975E+02
34.711  3.238923E+02
34.718  3.238270E+02
34.725  3.237517E+02
34.732  3.237064E+02
34.739  4.709880E+02
34.746  3.237159E+02
34.753  3.236707E+02
34.760  3.237454E+02
34.767  3.233805E+02
34.774  3.255722E+02
34.781  3.235299E+02
34.788  3.232951E+02
34.795  3.235594E+02
34.802  3.234844E+02
34.809  3.234193E+02
34.816  4.250950E+02
34.823  3.231098E+02
34.830  3.233739E+02
34.837  3.232989E+02
34.844  3.232340E+02
34.851  3.229897E+02
34.858  3.232635E+02
34.865  3.230492E+02
34.872  3.231138E+02
34.879  4.600877E+02
34.886  3.229742E+02
34.893  3.230686E+02
34.900  3.229939E+02
34.907  3.227600E+02
34.914  3.412538E+02
34.921  3.234460E+02
34.928  3.234110E+02
34.935  3.228293E+02
34.942  3.226156E+02
34.949  3.229186E+02
34.956  3.228241E+02
34.963  3.229780E+02
34.970  3.227743E+02
34.977  3.227693E+02
34.984  3.229032E+02
34.991  3.228089E+02
34.998  3.226451E+02
35.005  3.228781E+02
35.012  3.228334E+02
35.019  3.226797E+02
35.026  3.227440E+02
35.033  3.226994E+02
35.040  3.228232E+02
35.047  3.228281E+02
35.054  3.248538E+02
35.061  3.226794E+02
35.068  3.228031E+02
35.075  3.227585E+02
35.082  3.225357E+02
35.089  3.226594E+02
35.096  3.230106E+02
35.103  3.227384E+02
35.110  2.213600E+03
35.117  3.236184E+02
35.124  3.227630E+02
35.131  3.227184E+02
35.138  3.225059E+02
35.145  3.226195E+02
35.152  3.227430E+02
35.159  3.244070E+02
35.166  3.226441E+02
35.173  3.224318E+02
35.180  3.227230E+02
35.187  3.227180E+02
35.194  3.226242E+02
35.201  3.230039E+02
35.208  3.333842E+02
35.215  4.046791E+02
35.222  3.765410E+02
35.229  3.223825E+02
35.236  3.226831E+02
35.243  3.226486E+02
35.250  3.225746E+02
35.257  3.223530E+02
35.264  3.231654E+02
35.271  3.225992E+02
35.278  3.225450E+02
35.285  3.225007E+02
35.292  3.224466E+02
35.299  3.225695E+02
35.306  1.045775E+04
35.313  3.225990E+02
35.320  3.441639E+02
35.327  1.421716E+03
35.334  3.226726E+02
35.341  3.224809E+02
35.348  3.223876E+02
35.355  3.285998E+02
35.362  3.224662E+02
35.369  3.225791E+02
35.376  4.768577E+02
35.383  3.420986E+02
35.390  2.183723E+03
35.397  3.223632E+02
35.404  3.223092E+02
35.411  3.224318E+02
35.418  3.244270E+02
35.425  1.767523E+03
35.432  3.224465E+02
35.439  3.223926E+02
35.446  3.223388E+02
35.453  3.224612E+02
35.460  3.224857E+02
35.467  3.221773E+02
35.474  3.224857E+02
35.481  3.227352E+02
35.488  3.223682E+02
35.495  3.223145E+02
35.502  3.222607E+02
35.509  3.233315E+02
35.516  3.223292E+02
35.523  3.222657E+02
35.530  3.618813E+03
35.537  3.223341E+02
35.544  3.238338E+02
35.551  3.230179E+02
35.558  3.223489E+02
35.565  3.222952E+02
35.572  3.243403E+02
35.579  3.235542E+02
35.586  3.223001E+02
35.593  3.263147E+02
35.600  3.301619E+02
35.607  3.431940E+02
35.614  3.222515E+02
35.621  3.221979E+02
35.628  3.221444E+02
35.635  3.228509E+02
35.642  3.220276E+02
35.649  3.223734E+02
35.656  3.220959E+02
35.663  3.427038E+02
35.670  3.221544E+02
35.677  3.221010E+02
35.684  3.222227E+02
35.691  5.577884E+02
35.698  3.221157E+02
35.705  3.220526E+02
35.712  3.221742E+02
35.719  3.702226E+02
35.726  3.223493E+02
35.733  3.221792E+02
35.740  3.221258E+02
35.747  3.221502E+02
35.754  3.220094E+02
35.761  3.221309E+02
35.768  3.220678E+02
35.775  3.230919E+02
35.782  1.359288E+03
35.789  3.220826E+02
35.796  3.363764E+03
35.803  3.219664E+02
35.810  3.220877E+02
35.817  3.220247E+02
35.824  3.219715E+02
35.831  3.401181E+02
35.838  3.219426E+02
35.845  9.423897E+03
35.852  3.219137E+02
35.859  3.221027E+02
35.866  2.291737E+03
35.873  5.632734E+02
35.880  3.220496E+02
35.887  3.219868E+02
35.894  3.219240E+02
35.901  3.218709E+02
35.908  3.222917E+02
35.915  3.221129E+02
35.922  3.218858E+02
35.929  3.218134E+02
35.936  1.557637E+04
35.943  3.219296E+02
35.950  3.219924E+02
35.957  3.217559E+02
35.964  3.240492E+02
35.971  3.218238E+02
35.978  3.219831E+02
35.985  3.487754E+02
35.992  3.218675E+02
35.999  3.219400E+02
36.006  3.218967E+02
36.013  3.218245E+02
36.020  3.219451E+02
36.027  3.218826E+02
36.034  3.218200E+02
36.041  3.219406E+02
36.048  3.217047E+02
36.055  3.220852E+02
36.062  3.217627E+02
36.069  3.218832E+02
36.076  2.891333E+04
36.083  3.219412E+02
36.090  3.218787E+02
36.097  3.218163E+02
36.104  3.217924E+02
36.111  3.216915E+02
36.118  3.222637E+02
36.125  3.219802E+02
36.132  3.216968E+02
36.139  3.317906E+02
36.146  3.217547E+02
36.153  3.581041E+02
36.160  3.216301E+02
36.167  3.353934E+02
36.174  3.216880E+02
36.181  3.218081E+02
36.188  3.217459E+02
36.195  3.216837E+02
36.202  3.217941E+02
36.209  3.217319E+02
36.216  3.216697E+02
36.223  3.216076E+02
36.230  3.217275E+02
36.237  3.218858E+02
36.244  3.216033E+02
36.251  3.220392E+02
36.258  3.216802E+02
36.265  3.215989E+02
36.272  3.217188E+02
36.279  3.216567E+02
36.286  3.215946E+02
36.293  3.217144E+02
36.300  3.216524E+02
36.307  3.215808E+02
36.314  3.217100E+02
36.321  3.216385E+02
36.328  3.217581E+02
36.335  3.215146E+02
36.342  3.216342E+02
36.349  3.215722E+02
36.356  3.216918E+02
36.363  3.214580E+02
36.370  3.225704E+02
36.377  6.494268E+02
36.384  3.217592E+02
36.391  3.230713E+02
36.398  3.214828E+02
36.405  3.216022E+02
36.412  3.215403E+02
36.419  3.223843E+02
36.426  3.214072E+02
36.433  3.215266E+02
36.440  3.216554E+02
36.447  3.364467E+02
36.454  3.213318E+02
36.461  3.216511E+02
36.468  3.215703E+02
36.475  3.214991E+02
36.482  3.723214E+02
36.489  3.215565E+02
36.496  3.214853E+02
36.503  3.216425E+02
36.510  3.213525E+02
36.517  3.290218E+02
36.524  6.045915E+02
36.531  3.215195E+02
36.538  3.214484E+02
36.545  3.283706E+02
36.552  3.241373E+02
36.559  6.781169E+02
36.566  3.213542E+02
36.573  3.212832E+02
36.580  3.214021E+02
36.587  3.215114E+02
36.594  3.214404E+02
36.601  3.211892E+02
36.608  3.214882E+02
36.615  3.214173E+02
36.622  3.220480E+02
36.629  3.212755E+02
36.636  3.224083E+02
36.643  3.213233E+02
36.650  3.214704E+02
36.657  3.217500E+02
36.664  3.213097E+02
36.671  3.214094E+02
36.678  4.398122E+02
36.685  3.227633E+02
36.692  3.255125E+02
36.699  3.213061E+02
36.706  3.212354E+02
36.713  3.211836E+02
36.720  1.461022E+03
36.727  3.212124E+02
36.734  3.236468E+02
36.741  3.212601E+02
36.748  3.209911E+02
36.755  8.859064E+02
36.762  3.212277E+02
36.769  7.278284E+02
36.776  3.211338E+02
36.783  3.211954E+02
36.790  3.213042E+02
36.797  3.212336E+02
36.804  9.638666E+02
36.811  3.210926E+02
36.818  3.214748E+02
36.825  3.212534E+02
36.832  3.223897E+02
36.839  3.211784E+02
36.846  3.216734E+02
36.853  3.212260E+02
36.860  3.209672E+02
36.867  3.236659E+02
36.874  3.210054E+02
36.881  3.211234E+02
36.888  3.215613E+02
36.895  3.208133E+02
36.902  3.210912E+02
36.909  3.212090E+02
36.916  3.211011E+02
36.923  3.210590E+02
36.930  3.209888E+02
36.937  3.211066E+02
36.944  3.252753E+02
36.951  3.209567E+02
36.958  3.208865E+02
36.965  3.211921E+02
36.972  3.209341E+02
36.979  3.208545E+02
36.986  3.210755E+02
36.993  3.210898E+02
37.000  3.210197E+02
37.007  3.435066E+02
37.014  3.210765E+02
37.021  3.209877E+02
37.028  3.209176E+02
37.035  3.210351E+02
37.042  3.207682E+02
37.049  3.407741E+02
37.056  3.210031E+02
37.063  3.209237E+02
37.070  3.206664E+02
37.077  3.209711E+02
37.084  3.210791E+02
37.091  3.208219E+02
37.098  3.208549E+02
37.105  3.241821E+02
37.112  3.396716E+02
37.119  3.208979E+02
37.126  3.208281E+02
37.133  3.209453E+02
37.140  3.208661E+02
37.147  3.319014E+02
37.154  3.207171E+02
37.161  3.210211E+02
37.168  3.207552E+02
37.175  3.209096E+02
37.182  3.208025E+02
37.189  3.212556E+02
37.196  3.208404E+02
37.203  3.210227E+02
37.210  3.206917E+02
37.217  3.208087E+02
37.224  3.215786E+02
37.231  3.208466E+02
37.238  3.207676E+02
37.245  3.206887E+02
37.252  3.208056E+02
37.259  3.209224E+02
37.266  3.206571E+02
37.273  3.224415E+02
37.280  3.218034E+02
37.287  3.222552E+02
37.294  3.207329E+02
37.301  3.206541E+02
37.308  3.207615E+02
37.315  3.206734E+02
37.322  3.207807E+02
37.329  3.205066E+02
37.336  3.283333E+02
37.343  3.221067E+02
37.350  3.208284E+02
37.357  3.204802E+02
37.364  3.206618E+02
37.371  3.207968E+02
37.378  4.002033E+03
37.385  3.206024E+02
37.392  3.209231E+02
37.399  2.233915E+04
37.406  1.137450E+04
37.413  1.685483E+04
37.420  1.490668E+04
37.427  3.204746E+02
37.434  1.714778E+04
37.441  3.599191E+04
37.448  3.204154E+02
37.455  3.203277E+02
37.462  3.212318E+02
37.469  3.203470E+02
37.476  3.202594E+02
37.483  3.205609E+02
37.490  3.202787E+02
37.497  3.205801E+02
37.504  3.212517E+02
37.511  3.204049E+02
37.518  3.203729E+02
37.525  3.204889E+02
37.532  3.201516E+02
37.539  3.204527E+02
37.546  3.203652E+02
37.553  3.202777E+02
37.560  3.201903E+02
37.567  3.201029E+02
37.574  3.204129E+02
37.581  3.203163E+02
37.588  3.202289E+02
37.595  3.199476E+02
37.602  3.202667E+02
37.609  3.201609E+02
37.616  3.202675E+02
37.623  3.199772E+02
37.630  3.204528E+02
37.637  3.201441E+02
37.644  3.243739E+02
37.651  3.198960E+02
37.658  3.199656E+02
37.665  3.210585E+02
37.672  3.199204E+02
37.679  3.195938E+02
37.686  3.198661E+02
37.693  3.210964E+02
37.700  3.196184E+02
37.707  3.194946E+02
37.714  3.195642E+02
37.721  3.194404E+02
37.728  3.194916E+02
37.735  3.195520E+02
37.742  3.190235E+02
37.749  3.194610E+02
37.756  3.191259E+02
37.763  3.191863E+02
37.770  3.188513E+02
37.777  3.190956E+02
37.784  3.189629E+02
37.791  3.188212E+02
37.798  3.188724E+02
37.805  3.199890E+02
37.812  3.185890E+02
37.819  3.186494E+02
37.826  3.185078E+02
37.833  3.185590E+02
37.840  3.186377E+02
37.847  3.184503E+02
37.854  3.181163E+02
37.861  3.181216E+02
37.868  3.181545E+02
37.875  3.274197E+02
37.882  3.178261E+02
37.889  3.178591E+02
37.896  3.178920E+02
37.903  3.175309E+02
37.910  3.177654E+02
37.917  3.300516E+02
37.924  3.174375E+02
37.931  2.259525E+03
37.938  3.173112E+02
37.945  3.169507E+02
37.952  3.171759E+02
37.959  3.170168E+02
37.966  3.172876E+02
37.973  3.166896E+02
37.980  6.747247E+03
37.987  3.165546E+02
37.994  1.817911E+04
38.001  3.164288E+02
38.008  3.166172E+02
38.015  3.162940E+02
38.022  3.164732E+02
38.029  3.159676E+02
38.036  3.160007E+02
38.043  3.160338E+02
38.050  3.160669E+02
38.057  3.157077E+02
38.064  3.157409E+02
38.071  3.155825E+02
38.078  3.156157E+02
38.085  3.156488E+02
38.092  3.155817E+02
38.099  3.153232E+02
38.106  3.151559E+02
38.113  3.155718E+02
38.120  3.194946E+02
38.127  3.150643E+02
38.134  3.148972E+02
38.141  3.154676E+02
38.148  3.145723E+02
38.155  3.146056E+02
38.162  3.157126E+02
38.169  3.144720E+02
38.176  3.143143E+02
38.183  3.144931E+02
38.190  3.143809E+02
38.197  3.144142E+02
38.204  3.140476E+02
38.211  3.152532E+02
38.218  3.139144E+02
38.225  3.150106E+02
38.232  3.140446E+02
38.239  3.138237E+02
38.246  3.145925E+02
38.253  3.137270E+02
38.260  3.136151E+02
38.267  3.271962E+02
38.274  3.132645E+02
38.281  3.132254E+02
38.288  3.161972E+02
38.295  3.129023E+02
38.302  3.129358E+02
38.309  3.129693E+02
38.316  3.128758E+02
38.323  3.124381E+02
38.330  3.126710E+02
38.337  3.166898E+02
38.344  3.153913E+02
38.351  3.137674E+02
38.358  3.124427E+02
38.365  3.122409E+02
38.372  3.148173E+02
38.379  3.122537E+02
38.386  3.119434E+02
38.393  3.119770E+02
38.400  4.662796E+03
38.407  3.114474E+02
38.414  8.138931E+03
38.421  1.181420E+03
38.428  3.113495E+02
38.435  3.115819E+02
38.442  3.112180E+02
38.449  3.113510E+02
38.456  3.110867E+02
38.463  3.111113E+02
38.470  3.109464E+02
38.477  3.222157E+02
38.484  3.108152E+02
38.491  3.107948E+02
38.498  3.119740E+02
38.505  5.757952E+02
38.512  3.105532E+02
38.519  3.263898E+02
38.526  3.104133E+02
38.533  3.102488E+02
38.540  3.100843E+02
38.547  3.101181E+02
38.554  3.099537E+02
38.561  3.099785E+02
38.568  3.098142E+02
38.575  3.098480E+02
38.582  3.341640E+02
38.589  3.095196E+02
38.596  3.095444E+02
38.603  3.096682E+02
38.610  3.094861E+02
38.617  1.141525E+04
38.624  3.090773E+02
38.631  3.093089E+02
38.638  3.089473E+02
38.645  3.090171E+02
38.652  3.088085E+02
38.659  3.088424E+02
38.666  3.088763E+02
38.673  3.085151E+02
38.680  3.085400E+02
38.687  3.238685E+02
38.694  3.084104E+02
38.701  3.106965E+02
38.708  3.220421E+02
38.715  5.577383E+02
38.722  3.079363E+02
38.729  3.079703E+02
38.736  4.601823E+03
38.743  3.078322E+02
38.750  3.078662E+02
38.757  3.106149E+02
38.764  3.077281E+02
38.771  3.076905E+02
38.778  3.081095E+02
38.785  3.532933E+02
38.792  3.073717E+02
38.799  3.084887E+02
38.806  3.073235E+02
38.813  3.069549E+02
38.820  7.456738E+02
38.827  3.068174E+02
38.834  3.068515E+02
38.841  3.068856E+02
38.848  3.065175E+02
38.855  3.065695E+02
38.862  3.065768E+02
38.869  3.064144E+02
38.876  3.062431E+02
38.883  3.062773E+02
38.890  4.055283E+02
38.897  3.061403E+02
38.904  3.057728E+02
38.911  1.172611E+03
38.918  3.058323E+02
38.925  3.058665E+02
38.932  3.056956E+02
38.939  3.055247E+02
38.946  3.060761E+02
38.953  3.058428E+02
38.960  3.054224E+02
38.967  3.052517E+02
38.974  3.053572E+02
38.981  3.051688E+02
38.988  3.051496E+02
38.995  3.047743E+02
39.002  3.050045E+02
39.009  3.420426E+02
39.016  3.048683E+02
39.023  3.049471E+02
39.030  3.047323E+02
39.037  3.043663E+02
39.044  3.045963E+02
39.051  3.042305E+02
39.058  3.046116E+02
39.065  3.042904E+02
39.072  3.041203E+02
39.079  3.039503E+02
39.086  5.026582E+02
39.093  3.040191E+02
39.100  3.038493E+02
39.107  3.036883E+02
39.114  3.075490E+02
39.121  3.129794E+02
39.128  3.037117E+02
39.135  3.034799E+02
39.142  3.032393E+02
39.149  3.032738E+02
39.156  3.032994E+02
39.163  3.031388E+02
39.170  3.029694E+02
39.177  3.029950E+02
39.184  3.030295E+02
39.191  3.028602E+02
39.198  3.024961E+02
39.205  3.027255E+02
39.212  3.027600E+02
39.219  3.023961E+02
39.226  3.024306E+02
39.233  3.026687E+02
39.240  3.023758E+02
39.247  3.328107E+02
39.254  3.021618E+02
39.261  3.019930E+02
39.268  3.020364E+02
39.275  3.020622E+02
39.282  3.016989E+02
39.289  3.017336E+02
39.296  3.017682E+02
39.303  3.031634E+02
39.310  3.014310E+02
39.317  3.014657E+02
39.324  3.015003E+02
39.331  3.021618E+02
39.338  3.011635E+02
39.345  3.011982E+02
39.352  3.010299E+02
39.359  3.012675E+02
39.366  3.008964E+02
39.373  3.007282E+02
39.380  3.009658E+02
39.387  3.007977E+02
39.394  3.006296E+02
39.401  3.680486E+02
39.408  3.004964E+02
39.415  3.005311E+02
39.422  3.003633E+02
39.429  3.001954E+02
39.436  3.004327E+02
39.443  3.000625E+02
39.450  3.001149E+02
39.457  2.999296E+02
39.464  2.999644E+02
39.471  3.002015E+02
39.478  2.999460E+02
39.485  2.996554E+02
39.492  2.994879E+02
39.499  3.089996E+02
39.506  2.995576E+02
39.513  2.993903E+02
39.520  2.992230E+02
39.527  2.992579E+02
39.534  2.992840E+02
39.541  2.991168E+02
39.548  2.989497E+02
39.555  5.922631E+03
39.562  2.988176E+02
39.569  2.989490E+02
39.576  2.986856E+02
39.583  2.987556E+02
39.590  3.002113E+02
39.597  2.985798E+02
39.604  2.984130E+02
39.611  2.984480E+02
39.618  2.982725E+02
39.625  2.983162E+02
39.632  2.981409E+02
39.639  2.979743E+02
39.646  2.982020E+02
39.653  2.980355E+02
39.660  2.978691E+02
39.667  2.977027E+02
39.674  2.977290E+02
39.681  2.977640E+02
39.688  2.975977E+02
39.695  2.974490E+02
39.702  2.975627E+02
39.709  2.974141E+02
39.716  2.973267E+02
39.723  2.971519E+02
39.730  2.971870E+02
39.737  2.971259E+02
39.744  2.970648E+02
39.751  2.968902E+02
39.758  2.969253E+02
39.765  2.968468E+02
39.772  2.967771E+02
39.779  2.966463E+02
39.786  2.966377E+02
39.793  2.965768E+02
39.800  2.965072E+02
39.807  2.962370E+02
39.814  2.963681E+02
39.821  2.961939E+02
39.828  2.962290E+02
39.835  2.961595E+02
39.842  2.958896E+02
39.849  2.959248E+02
39.856  2.959512E+02
39.863  2.957860E+02
39.870  2.957167E+02
39.877  2.956473E+02
39.884  2.955780E+02
39.891  2.956045E+02
39.898  2.953438E+02
39.905  2.953703E+02
39.912  2.953011E+02
39.919  2.953276E+02
39.926  3.588952E+03
39.933  2.950936E+02
39.940  2.950245E+02
39.947  2.949554E+02
39.954  2.947821E+02
39.961  2.948173E+02
39.968  2.947483E+02
39.975  2.946793E+02
39.982  2.325218E+03
39.989  2.945327E+02
39.996  2.945593E+02
40.005  4.204737E+02
40.015  4.203339E+02
40.025  4.201942E+02
40.035  4.200546E+02
40.045  4.200191E+02
40.055  4.198362E+02
40.065  7.113827E+03
40.075  4.195053E+02
40.085  4.193660E+02
40.095  4.240680E+02
40.105  4.190876E+02
40.115  1.581823E+04
40.125  4.188355E+02
40.135  4.185667E+02
40.145  4.206076E+02
40.155  4.182891E+02
40.165  4.180553E+02
40.175  4.182623E+02
40.185  4.178731E+02
40.195  1.075545E+04
40.205  4.175961E+02
40.215  4.178118E+02
40.225  4.173108E+02
40.235  4.171726E+02
40.245  4.181820E+02
40.255  4.168963E+02
40.265  4.166548E+02
40.275  4.166203E+02
40.285  4.164824E+02
40.295  4.167668E+02
40.305  4.178610E+02
40.315  4.159485E+02
40.325  9.396391E+03
40.335  1.031005E+04
40.345  4.156565E+02
40.355  4.189007E+02
40.365  4.152785E+02
40.375  4.152100E+02
40.385  4.154597E+02
40.395  5.473506E+02
40.405  4.147470E+02
40.415  6.588602E+02
40.425  4.150916E+02
40.435  6.014609E+02
40.445  4.143626E+02
40.455  4.140027E+02
40.465  4.461574E+02
40.475  4.139182E+02
40.485  4.137559E+02
40.495  4.135766E+02
40.505  4.133116E+02
40.515  4.132696E+02
40.525  4.131419E+02
40.535  4.129029E+02
40.545  4.129124E+02
40.555  4.126308E+02
40.565  4.124178E+02
40.575  4.248451E+02
40.585  4.122145E+02
40.595  4.121814E+02
40.605  4.119431E+02
40.615  4.117049E+02
40.625  4.117745E+02
40.635  4.116988E+02
40.645  4.114950E+02
40.655  4.112571E+02
40.665  4.111218E+02
40.675  4.109866E+02
40.685  4.109624E+02
40.695  4.223806E+02
40.705  4.106752E+02
40.715  4.104378E+02
40.725  4.102944E+02
40.735  4.102619E+02
40.745  4.116867E+02
40.755  4.098816E+02
40.765  4.097470E+02
40.775  4.097061E+02
40.785  4.095716E+02
40.795  4.094287E+02
40.805  4.092943E+02
40.815  4.090494E+02
40.825  4.091618E+02
40.835  4.088746E+02
40.845  4.087404E+02
40.855  4.085979E+02
40.865  4.083535E+02
40.875  4.083215E+02
40.885  4.082811E+02
40.895  4.080454E+02
40.905  4.080051E+02
40.915  4.076592E+02
40.925  4.922550E+02
40.935  4.102763E+02
40.945  4.086326E+02
40.955  4.072017E+02
40.965  4.112558E+02
40.975  4.076131E+02
40.985  4.068867E+02
40.995  4.067451E+02
41.005  4.066036E+02
41.015  4.068177E+02
41.025  4.063292E+02
41.035  4.071018E+02
41.045  4.061481E+02
41.055  4.059054E+02
41.065  4.058996E+02
41.075  4.057331E+02
41.085  4.055921E+02
41.095  4.054512E+02
41.105  4.052089E+02
41.115  4.054651E+02
41.125  4.050287E+02
41.135  4.048881E+02
41.145  4.047475E+02
41.155  4.047082E+02
41.165  4.069296E+02
41.175  4.043261E+02
41.185  4.042869E+02
41.195  4.040370E+02
41.205  4.040064E+02
41.215  4.037567E+02
41.225  4.037178E+02
41.235  4.041925E+02
41.245  4.034378E+02
41.255  4.032979E+02
41.265  4.030487E+02
41.275  4.031109E+02
41.285  4.028703E+02
41.295  4.028316E+02
41.305  4.027004E+02
41.315  4.023424E+02
41.325  4.024047E+02
41.335  4.022654E+02
41.345  4.022269E+02
41.355  4.019785E+02
41.365  4.017386E+02
41.375  4.017925E+02
41.385  4.016535E+02
41.395  4.014055E+02
41.405  4.013672E+02
41.415  4.035593E+02
41.425  4.010896E+02
41.435  4.010515E+02
41.445  4.008039E+02
41.455  4.007659E+02
41.465  4.004180E+02
41.475  4.007652E+02
41.485  4.003421E+02
41.495  4.002038E+02
41.505  4.000656E+02
41.515  3.999775E+02
41.525  3.997809E+02
41.535  3.997432E+02
41.545  3.995968E+02
41.555  3.995090E+02
41.565  3.992124E+02
41.575  3.991748E+02
41.585  3.990371E+02
41.595  3.989912E+02
41.605  3.988536E+02
41.615  1.592478E+03
41.625  3.987370E+02
41.635  3.984244E+02
41.645  3.983871E+02
41.655  3.981414E+02
41.665  3.979959E+02
41.675  4.186807E+02
41.685  4.625216E+02
41.695  3.977761E+02
41.705  3.975309E+02
41.715  3.972857E+02
41.725  1.713777E+03
41.735  3.972118E+02
41.745  3.969670E+02
41.755  3.974291E+02
41.765  1.979436E+04
41.775  3.966486E+02
41.785  3.966119E+02
41.795  3.964837E+02
41.805  3.963308E+02
41.815  3.977640E+02
41.825  3.960499E+02
41.835  3.960217E+02
41.845  3.957776E+02
41.855  3.957412E+02
41.865  3.954973E+02
41.875  3.954609E+02
41.885  3.954246E+02
41.895  3.951810E+02
41.905  3.951530E+02
41.915  3.949096E+02
41.925  3.948734E+02
41.935  3.948372E+02
41.945  3.946023E+02
41.955  4.122613E+03
41.965  3.943232E+02
41.975  7.824113E+03
41.985  3.945820E+02
41.995  3.940167E+02
42.005  3.939808E+02
42.015  4.000111E+02
42.025  3.937106E+02
42.035  4.232318E+02
42.045  3.937794E+02
42.055  3.933968E+02
42.065  3.931547E+02
42.075  3.931190E+02
42.085  3.930916E+02
42.095  4.058501E+02
42.105  3.928306E+02
42.115  3.925642E+02
42.125  3.926359E+02
42.135  3.925509E+02
42.145  3.924248E+02
42.155  3.922247E+02
42.165  3.922799E+02
42.175  3.920469E+02
42.185  3.918058E+02
42.195  3.928321E+02
42.205  3.916366E+02
42.215  3.914945E+02
42.225  6.003632E+02
42.235  4.336012E+02
42.245  3.912575E+02
42.255  3.910417E+02
42.265  3.909163E+02
42.275  3.908731E+02
42.285  3.907314E+02
42.295  3.905980E+02
42.305  3.904482E+02
42.315  3.903313E+02
42.325  3.902801E+02
42.335  3.901387E+02
42.345  3.901040E+02
42.355  3.898561E+02
42.365  3.897149E+02
42.375  3.896803E+02
42.385  3.896457E+02
42.395  3.893982E+02
42.405  5.746653E+02
42.415  3.892309E+02
42.425  3.936572E+02
42.435  3.890475E+02
42.445  3.889313E+02
42.455  3.887742E+02
42.465  3.885273E+02
42.475  3.886157E+02
42.485  3.884507E+02
42.495  3.884164E+02
42.505  3.881698E+02
42.515  4.275602E+02
42.525  3.901920E+02
42.535  3.878471E+02
42.545  3.878131E+02
42.555  3.876730E+02
42.565  3.874187E+02
42.575  3.873848E+02
42.585  3.873509E+02
42.595  3.872029E+02
42.605  3.879841E+02
42.615  3.869234E+02
42.625  3.868815E+02
42.635  3.867419E+02
42.645  3.865942E+02
42.655  3.865606E+02
42.665  3.863235E+02
42.675  3.862737E+02
42.685  3.863947E+02
42.695  3.860927E+02
42.705  3.859454E+02
42.715  3.857006E+02
42.725  3.857810E+02
42.735  3.856257E+02
42.745  3.857629E+02
42.755  3.854453E+02
42.765  3.850872E+02
42.775  3.852570E+02
42.785  4.994477E+02
42.795  3.849714E+02
42.805  3.848328E+02
42.815  3.846618E+02
42.825  3.852369E+02
42.835  3.849767E+02
42.845  3.843601E+02
42.855  3.846998E+02
42.865  3.840673E+02
42.875  3.840344E+02
42.885  3.839935E+02
42.895  3.838473E+02
42.905  3.837255E+02
42.915  1.039984E+03
42.925  3.835224E+02
42.935  3.833765E+02
42.945  3.833357E+02
42.955  3.831333E+02
42.965  3.829391E+02
42.975  3.830115E+02
42.985  3.828659E+02
42.995  3.827203E+02
43.005  3.825748E+02
43.015  3.824293E+02
43.025  3.832040E+02
43.035  3.822436E+02
43.045  4.828462E+02
43.055  3.820579E+02
43.065  3.818079E+02
43.075  3.818725E+02
43.085  3.817274E+02
43.095  3.815824E+02
43.105  3.815423E+02
43.115  8.016545E+02
43.125  3.812606E+02
43.135  4.125998E+02
43.145  3.850678E+02
43.155  3.809875E+02
43.165  3.807706E+02
43.175  3.807306E+02
43.185  3.806907E+02
43.195  3.809804E+02
43.205  3.805065E+02
43.215  3.801532E+02
43.225  3.802260E+02
43.235  3.800818E+02
43.245  3.800421E+02
43.255  3.825954E+02
43.265  3.797621E+02
43.275  3.796181E+02
43.285  3.795786E+02
43.295  3.795470E+02
43.305  3.792990E+02
43.315  3.856248E+03
43.325  3.858884E+02
43.335  3.789723E+02
43.345  3.790451E+02
43.355  3.787975E+02
43.365  3.786621E+02
43.375  3.786469E+02
43.385  3.785916E+02
43.395  3.918995E+02
43.405  4.065693E+02
43.415  3.975256E+02
43.425  4.351049E+02
43.435  3.925699E+02
43.445  3.779649E+02
43.455  3.983344E+02
43.465  3.776871E+02
43.475  3.853078E+02
43.485  3.775134E+02
43.495  2.492040E+03
43.505  3.773478E+02
43.515  3.772052E+02
43.525  3.800465E+02
43.535  3.771277E+02
43.545  3.768736E+02
43.555  3.769465E+02
43.565  6.190878E+03
43.575  3.766619E+02
43.585  3.997594E+02
43.595  3.764812E+02
43.605  3.763311E+02
43.615  3.762528E+02
43.625  3.761506E+02
43.635  3.760087E+02
43.645  3.766625E+02
43.655  3.758205E+02
43.665  3.926413E+02
43.675  3.862227E+02
43.685  3.754989E+02
43.695  3.754606E+02
43.705  3.753350E+02
43.715  3.750664E+02
43.725  3.751395E+02
43.735  3.749981E+02
43.745  3.749600E+02
43.755  3.846753E+02
43.765  3.746221E+02
43.775  3.760040E+02
43.785  3.744985E+02
43.795  3.744606E+02
43.805  3.744068E+02
43.815  3.741708E+02
43.825  4.036554E+02
43.835  3.739921E+02
43.845  3.769559E+02
43.855  3.738137E+02
43.865  3.735622E+02
43.875  3.765716E+02
43.885  3.734869E+02
43.895  3.734493E+02
43.905  3.736015E+02
43.915  3.733504E+02
43.925  3.731310E+02
43.935  3.730935E+02
43.945  3.729454E+02
43.955  3.732160E+02
43.965  4.259143E+02
43.975  3.727304E+02
43.985  3.728115E+02
43.995  3.725452E+02
44.005  3.722948E+02
44.015  3.721471E+02
44.025  3.722203E+02
44.035  3.720727E+02
44.045  5.084013E+02
44.055  3.718881E+02
44.065  4.669886E+02
44.075  3.717114E+02
44.085  4.077099E+02
44.095  3.716767E+02
44.105  3.713799E+02
44.115  3.719883E+02
44.125  3.718568E+02
44.135  3.712140E+02
44.145  3.710119E+02
44.155  3.708649E+02
44.165  3.707181E+02
44.175  3.707049E+02
44.185  3.706446E+02
44.195  3.704979E+02
44.205  3.704612E+02
44.215  3.702046E+02
44.225  3.701602E+02
44.235  3.701236E+02
44.245  3.700870E+02
44.255  3.714471E+02
44.265  3.696845E+02
44.275  4.991017E+02
44.285  7.148375E+02
44.295  3.697398E+02
44.305  3.694212E+02
44.315  3.692752E+02
44.325  3.692310E+02
44.335  3.691948E+02
44.345  3.695422E+02
44.355  3.690126E+02
44.365  3.687494E+02
44.375  3.687133E+02
44.385  3.686772E+02
44.395  3.691416E+02
44.405  3.684876E+02
44.415  3.711176E+02
44.425  3.742387E+02
44.435  3.682623E+02
44.445  3.681091E+02
44.455  3.679638E+02
44.465  3.678108E+02
44.475  3.677749E+02
44.485  3.677313E+02
44.495  3.678516E+02
44.505  3.674334E+02
44.515  3.673977E+02
44.525  3.673541E+02
44.535  3.672093E+02
44.545  3.671658E+02
44.555  3.670211E+02
44.565  3.668686E+02
44.575  9.605120E+03
44.585  3.667897E+02
44.595  3.667464E+02
44.605  3.766676E+02
44.615  3.663407E+02
44.625  3.664142E+02
44.635  3.662621E+02
44.645  3.662267E+02
44.655  3.660747E+02
44.665  3.659539E+02
44.675  3.659964E+02
44.685  3.657435E+02
44.695  3.658248E+02
44.705  3.656575E+02
44.715  3.654049E+02
44.725  3.654707E+02
44.735  3.701550E+02
44.745  3.652919E+02
44.755  3.651327E+02
44.765  3.649813E+02
44.775  3.650549E+02
44.785  3.649113E+02
44.795  3.647678E+02
44.805  3.647407E+02
44.815  3.645896E+02
44.825  3.653294E+02
44.835  3.644037E+02
44.845  3.647018E+02
44.855  3.643341E+02
44.865  3.640826E+02
44.875  3.641563E+02
44.885  3.640132E+02
44.895  3.639786E+02
44.905  3.638356E+02
44.915  3.636851E+02
44.925  3.648485E+02
44.935  3.636236E+02
44.945  3.635041E+02
44.955  3.639022E+02
44.965  3.633115E+02
44.975  3.632771E+02
44.985  3.631423E+02
44.995  3.631079E+02
45.005  3.630889E+02
45.015  3.628231E+02
45.025  3.629045E+02
45.035  3.627622E+02
45.045  3.627280E+02
45.055  3.625935E+02
45.065  3.624514E+02
45.075  3.628486E+02
45.085  3.623907E+02
45.095  3.622488E+02
45.105  3.622147E+02
45.115  3.620805E+02
45.125  3.620464E+02
45.135  3.620124E+02
45.145  3.618707E+02
45.155  3.618443E+02
45.165  3.615874E+02
45.175  3.616688E+02
45.185  5.564310E+03
45.195  3.614934E+02
45.205  3.613519E+02
45.215  3.612106E+02
45.225  1.076390E+04
45.235  3.611507E+02
45.245  3.611169E+02
45.255  3.609757E+02
45.265  3.608346E+02
45.275  3.751891E+02
45.285  3.607673E+02
45.295  3.607336E+02
45.305  3.606923E+02
45.315  3.604594E+02
45.325  3.604259E+02
45.335  3.604000E+02
45.345  3.603129E+02
45.355  3.602334E+02
45.365  3.600928E+02
45.375  3.600670E+02
45.385  3.600489E+02
45.395  3.599007E+02
45.405  3.811660E+02
45.415  3.785665E+02
45.425  3.600146E+02
45.435  3.596832E+02
45.445  3.595429E+02
45.455  3.595173E+02
45.465  3.592702E+02
45.475  3.593592E+02
45.485  3.593336E+02
45.495  3.591936E+02
45.505  3.970704E+02
45.515  3.589213E+02
45.525  3.590026E+02
45.535  3.590001E+02
45.545  3.588450E+02
45.555  3.587052E+02
45.565  3.590838E+02
45.575  3.586545E+02
45.585  3.585149E+02
45.595  3.594415E+02
45.605  3.585480E+02
45.615  3.582106E+02
45.625  3.582919E+02
45.635  3.581677E+02
45.645  3.582414E+02
45.655  3.596841E+02
45.665  3.579628E+02
45.675  3.578237E+02
45.685  3.579125E+02
45.695  3.577734E+02
45.705  3.577483E+02
45.715  3.575106E+02
45.725  3.577665E+02
45.735  3.574377E+02
45.745  3.575266E+02
45.755  3.572739E+02
45.765  3.572490E+02
45.775  3.575350E+02
45.785  5.650811E+02
45.795  3.570528E+02
45.805  3.570204E+02
45.815  4.249203E+02
45.825  3.568570E+02
45.835  3.567185E+02
45.845  3.566937E+02
45.855  3.566689E+02
45.865  3.565155E+02
45.875  3.564907E+02
45.885  3.564660E+02
45.895  3.563278E+02
45.905  3.563410E+02
45.915  3.561499E+02
45.925  3.561253E+02
45.935  3.560931E+02
45.945  2.591781E+03
45.955  7.078262E+03
45.965  1.156589E+04
45.975  3.557607E+02
45.985  3.557286E+02
45.995  3.557041E+02
46.005  3.555589E+02
46.015  3.554212E+02
46.025  3.555100E+02
46.035  3.553649E+02
46.045  3.553405E+02
46.055  3.687594E+02
46.065  3.714760E+02
46.075  6.870512E+03
46.085  3.550019E+02
46.095  3.549776E+02
46.105  3.551190E+02
46.115  3.546957E+02
46.125  3.547769E+02
46.135  3.547526E+02
46.145  3.546080E+02
46.155  3.545839E+02
46.165  3.543265E+02
46.175  3.545205E+02
46.185  3.542708E+02
46.195  3.543520E+02
46.205  3.542152E+02
46.215  3.540709E+02
46.225  3.540394E+02
46.235  3.515295E+03
46.245  3.539839E+02
46.255  3.538398E+02
46.265  3.536958E+02
46.275  3.537844E+02
46.285  3.657941E+02
46.295  3.536091E+02
46.305  3.535852E+02
46.315  3.533289E+02
46.325  3.534101E+02
46.335  3.533788E+02
46.345  3.532351E+02
46.355  3.532113E+02
46.365  3.530677E+02
46.375  5.625493E+02
46.385  3.530128E+02
46.395  3.529816E+02
46.405  3.528382E+02
46.415  3.531288E+02
46.425  3.526638E+02
46.435  3.982784E+02
46.445  3.526091E+02
46.455  3.526603E+02
46.465  4.137224E+02
46.475  3.524189E+02
46.485  3.522833E+02
46.495  3.526482E+02
46.505  3.527441E+02
46.515  3.519740E+02
46.525  3.151105E+04
46.535  3.520391E+02
46.545  3.519038E+02
46.555  3.519923E+02
46.565  3.517377E+02
46.575  3.518337E+02
46.585  3.516911E+02
46.595  3.516678E+02
46.605  3.516444E+02
46.615  3.513977E+02
46.625  5.333548E+02
46.635  3.514704E+02
46.645  3.515290E+02
46.655  3.513122E+02
46.665  3.511774E+02
46.675  3.512733E+02
46.685  3.513096E+02
46.695  3.513757E+02
46.705  3.510997E+02
46.715  3.508536E+02
46.725  3.509494E+02
46.735  3.577842E+02
46.745  3.509181E+02
46.755  3.507837E+02
46.765  3.506493E+02
46.775  3.506708E+02
46.785  3.507294E+02
46.795  3.505951E+02
46.805  3.504609E+02
46.815  3.507420E+02
46.825  3.504224E+02
46.835  3.502883E+02
46.845  3.503840E+02
46.855  3.502499E+02
46.865  3.501826E+02
46.875  3.502116E+02
46.885  3.500851E+02
46.895  3.514987E+02
46.905  3.639498E+02
46.915  3.507198E+02
46.925  3.498902E+02
46.935  3.498675E+02
46.945  3.498447E+02
46.955  3.497111E+02
46.965  3.495775E+02
46.975  3.629492E+02
46.985  6.799377E+02
46.995  3.619597E+02
47.005  3.495016E+02
47.015  3.493682E+02
47.025  3.493603E+02
47.035  3.493303E+02
47.045  3.493078E+02
47.055  3.491745E+02
47.065  3.491519E+02
47.075  3.491368E+02
47.085  3.490036E+02
47.095  3.490991E+02
47.105  3.489808E+02
47.115  3.488256E+02
47.125  3.503579E+02
47.135  3.489502E+02
47.145  3.487657E+02
47.155  3.487948E+02
47.165  3.543604E+02
47.175  3.485881E+02
47.185  3.485731E+02
47.195  3.484330E+02
47.205  3.485284E+02
47.215  3.482780E+02
47.225  3.484028E+02
47.235  3.482335E+02
47.245  3.484464E+02
47.255  3.481963E+02
47.265  3.480566E+02
47.275  3.480343E+02
47.285  3.481296E+02
47.295  3.479973E+02
47.305  3.478577E+02
47.315  3.478355E+02
47.325  3.478134E+02
47.335  3.477913E+02
47.345  3.477691E+02
47.355  3.476370E+02
47.365  3.476150E+02
47.375  3.483845E+02
47.385  3.474536E+02
47.395  3.623923E+02
47.405  3.474095E+02
47.415  3.472704E+02
47.425  3.473655E+02
47.435  3.472264E+02
47.445  3.473216E+02
47.455  3.471825E+02
47.465  3.469265E+02
47.475  3.471387E+02
47.485  3.469998E+02
47.495  3.475189E+02
47.505  3.469560E+02
47.515  3.468172E+02
47.525  3.467954E+02
47.535  3.468028E+02
47.545  3.481613E+02
47.555  3.466058E+02
47.565  3.668425E+02
47.575  3.575543E+02
47.585  3.471243E+02
47.595  3.464021E+02
47.605  3.464971E+02
47.615  3.462347E+02
47.625  3.463297E+02
47.635  3.463080E+02
47.645  3.461697E+02
47.655  3.461481E+02
47.665  3.460026E+02
47.675  4.411983E+02
47.685  3.460760E+02
47.695  1.426095E+03
47.705  3.459090E+02
47.715  3.457710E+02
47.725  8.249386E+02
47.735  3.457207E+02
47.745  8.724482E+02
47.755  3.456777E+02
47.765  3.455327E+02
47.775  3.456275E+02
47.785  3.454825E+02
47.795  3.454611E+02
47.805  3.454397E+02
47.815  3.452948E+02
47.825  3.452734E+02
47.835  3.452375E+02
47.845  3.452380E+02
47.855  3.468928E+02
47.865  3.450067E+02
47.875  3.449636E+02
47.885  3.449278E+02
47.895  3.448848E+02
47.905  3.448491E+02
47.915  3.446901E+02
47.925  3.446472E+02
47.935  3.817805E+02
47.945  3.511665E+02
47.955  3.452426E+02
47.965  3.442512E+02
47.975  3.443314E+02
47.985  3.442958E+02
47.995  3.442530E+02
48.005  3.442175E+02
48.015  3.439361E+02
48.025  3.441320E+02
48.035  3.439736E+02
48.045  1.094953E+04
48.055  3.437726E+02
48.065  3.437372E+02
48.075  3.437452E+02
48.085  3.436520E+02
48.095  3.436167E+02
48.105  3.435741E+02
48.115  3.432934E+02
48.125  7.246425E+02
48.135  9.039017E+03
48.145  6.019975E+02
48.155  3.432534E+02
48.165  3.430957E+02
48.175  3.430533E+02
48.185  3.433352E+02
48.195  3.429758E+02
48.205  3.429334E+02
48.215  3.426534E+02
48.225  3.428488E+02
48.235  3.434760E+02
48.245  3.461686E+02
48.255  3.426141E+02
48.265  3.423344E+02
48.275  3.425297E+02
48.285  3.423724E+02
48.295  1.415136E+04
48.305  3.439487E+02
48.315  3.421311E+02
48.325  3.420890E+02
48.335  3.421691E+02
48.345  3.420050E+02
48.355  3.419630E+02
48.365  3.532073E+02
48.375  3.418216E+02
48.385  3.418442E+02
48.395  3.416875E+02
48.405  3.416456E+02
48.415  3.414890E+02
48.425  3.415690E+02
48.435  3.414053E+02
48.445  3.414854E+02
48.455  3.413289E+02
48.465  3.414018E+02
48.475  3.412525E+02
48.485  3.433164E+02
48.495  3.411763E+02
48.505  3.410129E+02
48.515  3.408710E+02
48.525  3.409367E+02
48.535  3.410239E+02
48.545  3.408678E+02
48.555  3.408333E+02
48.565  3.406344E+02
48.575  3.406358E+02
48.585  3.406014E+02
48.595  3.405671E+02
48.605  3.405256E+02
48.615  3.403698E+02
48.625  3.468197E+02
48.635  3.401727E+02
48.645  3.396888E+02
48.655  3.393192E+02
48.665  3.389141E+02
48.675  3.384593E+02
48.685  3.382186E+02
48.695  3.377284E+02
48.705  3.395840E+02
48.715  3.379034E+02
48.725  3.366225E+02
48.735  3.361402E+02
48.745  3.358931E+02
48.755  3.354040E+02
48.765  3.350362E+02
48.775  3.346685E+02
48.785  3.343009E+02
48.795  3.339335E+02
48.805  1.745988E+04
48.815  3.329645E+02
48.825  3.334510E+02
48.835  3.323446E+02
48.845  3.319780E+02
48.855  3.316115E+02
48.865  3.311315E+02
48.875  3.308790E+02
48.885  1.235464E+03
48.895  3.805768E+02
48.905  3.296607E+02
48.915  3.292951E+02
48.925  3.289297E+02
48.935  3.284439E+02
48.945  9.146250E+04
48.955  3.278344E+02
48.965  1.050127E+04
48.975  3.270979E+02
48.985  3.266200E+02
48.995  3.263761E+02
49.005  3.258844E+02
49.015  3.484242E+02
49.025  1.380890E+04
49.035  3.247078E+02
49.045  3.248469E+02
49.055  3.247806E+02
49.065  3.234618E+02
49.075  3.232119E+02
49.085  3.228419E+02
49.095  3.224791E+02
49.105  3.035893E+04
49.115  3.216337E+02
49.125  3.212713E+02
49.135  3.209021E+02
49.145  9.053916E+02
49.155  3.202911E+02
49.165  3.196963E+02
49.175  3.193276E+02
49.185  3.190791E+02
49.195  3.187178E+02
49.205  3.182367E+02
49.215  3.178686E+02
49.225  3.175078E+02
49.235  3.171400E+02
49.245  3.167795E+02
49.255  3.164120E+02
49.265  3.159319E+02
49.275  3.156846E+02
49.285  3.152048E+02
49.295  3.149578E+02
49.305  3.144784E+02
49.315  3.139992E+02
49.325  3.137595E+02
49.335  3.133862E+02
49.345  3.130271E+02
49.355  3.126612E+02
49.365  3.121828E+02
49.375  3.118172E+02
49.385  3.115713E+02
49.395  3.110934E+02
49.405  3.107282E+02
49.415  3.103702E+02
49.425  3.100053E+02
49.435  3.096406E+02
49.445  3.092760E+02
49.455  3.088062E+02
49.465  3.084419E+02
49.475  3.082111E+02
49.485  3.077138E+02
49.495  3.074692E+02
49.505  3.069932E+02
49.515  3.065175E+02
49.525  3.062663E+02
49.535  3.059100E+02
49.545  3.055469E+02
49.555  3.051839E+02
49.565  3.047090E+02
49.575  3.128987E+02
49.585  3.040959E+02
49.595  3.036215E+02
49.605  3.032663E+02
49.615  3.029182E+02
49.625  3.025423E+02
49.635  3.021805E+02
49.645  3.018189E+02
49.655  3.014574E+02
49.665  3.009842E+02
49.675  3.006230E+02
49.685  3.003738E+02
49.695  2.999011E+02
49.705  2.996522E+02
49.715  2.990681E+02
49.725  2.989311E+02
49.735  2.987313E+02
49.745  2.980989E+02
49.755  2.977389E+02
49.765  2.972674E+02
49.775  2.970193E+02
49.785  2.966597E+02
49.795  2.961887E+02
49.805  2.959898E+02
49.815  2.954703E+02
49.825  2.951183E+02
49.835  2.948570E+02
49.845  2.943869E+02
49.855  2.940283E+02
49.865  2.935585E+02
49.875  2.934231E+02
49.885  2.929535E+02
49.895  2.925886E+02
49.905  2.922030E+02
49.915  2.917618E+02
49.925  2.915156E+02
49.935  2.911512E+02
49.945  1.832045E+04
49.955  2.904369E+02
49.965  2.899687E+02
49.975  2.896119E+02
49.985  2.892483E+02
49.995  2.890029E+02
50.005  2.974447E+02
50.015  2.880681E+02
50.025  2.878162E+02
50.035  3.472133E+02
50.045  2.870975E+02
50.055  2.867418E+02
50.065  2.862753E+02
50.075  2.860240E+02
50.085  2.855579E+02
50.095  2.853345E+02
50.105  5.299368E+02
50.115  2.843822E+02
50.125  2.842354E+02
50.135  2.837701E+02
50.145  2.835265E+02
50.155  2.837123E+02
50.165  2.825967E+02
50.175  2.823466E+02
50.185  2.820966E+02
50.195  2.816323E+02
50.205  2.812788E+02
50.215  2.808147E+02
50.225  2.805653E+02
50.235  2.802122E+02
50.245  2.798523E+02
50.255  2.793959E+02
50.265  2.790363E+02
50.275  2.787874E+02
50.285  2.784282E+02
50.295  2.779724E+02
50.305  2.836602E+02
50.315  2.771510E+02
50.325  2.771719E+02
50.335  2.765511E+02
50.345  2.765376E+02
50.355  2.758482E+02
50.365  2.755453E+02
50.375  2.752424E+02
50.385  2.747881E+02
50.395  2.748713E+02
50.405  2.740797E+02
50.415  2.736258E+02
50.425  2.733787E+02
50.435  2.730216E+02
50.445  2.726715E+02
50.455  2.723215E+02
50.465  2.718685E+02
50.475  2.716220E+02
50.485  2.712724E+02
50.495  2.717207E+02
50.505  2.704775E+02
50.515  2.704102E+02
50.525  2.698824E+02
50.535  2.695404E+02
50.545  2.690886E+02
50.555  2.688431E+02
50.565  2.683985E+02
50.575  2.682699E+02
50.585  2.678119E+02
50.595  2.673609E+02
50.605  2.671228E+02
50.615  2.668024E+02
50.625  2.682039E+02
50.635  2.666216E+02
50.645  2.665621E+02
50.655  2.666603E+02
50.665  2.663267E+02
50.675  2.663700E+02
50.685  2.664066E+02
50.695  2.662444E+02
50.705  2.661782E+02
50.715  2.661257E+02
50.725  2.661554E+02
50.735  5.022898E+04
50.745  2.659205E+02
50.755  2.658613E+02
50.765  1.503263E+05
50.775  2.657292E+02
50.785  2.656700E+02
50.795  2.656040E+02
50.805  2.655381E+02
50.815  2.504591E+05
50.825  2.654131E+02
50.835  2.653472E+02
50.845  2.652814E+02
50.855  2.652224E+02
50.865  2.650542E+02
50.875  2.650908E+02
50.885  2.649227E+02
50.895  2.649594E+02
50.905  2.649005E+02
50.915  2.647325E+02
50.925  2.647692E+02
50.935  2.647036E+02
50.945  2.646380E+02
50.955  2.645792E+02
50.965  2.644115E+02
50.975  2.644482E+02
50.985  2.643827E+02
50.995  2.642151E+02
51.005  2.648100E+02
51.015  2.640843E+02
51.024  2.656097E+02
51.035  2.640624E+02
51.045  2.639971E+02
51.055  2.639318E+02
51.065  2.637645E+02
51.074  2.637044E+02
51.084  2.637412E+02
51.095  2.638067E+02
51.105  2.636056E+02
51.115  2.634385E+02
51.125  2.634753E+02
51.135  2.634102E+02
51.145  2.632433E+02
51.154  2.632852E+02
51.164  2.631184E+02
51.174  2.631552E+02
51.184  2.630902E+02
51.194  2.630252E+02
51.204  2.628586E+02
51.214  2.627869E+02
51.224  2.629322E+02
51.235  2.628622E+02
51.245  2.625873E+02
51.254  2.625276E+02
51.264  2.624900E+02
51.274  2.626013E+02
51.285  2.625314E+02
51.295  2.622569E+02
51.304  2.621973E+02
51.314  2.621327E+02
51.324  2.622778E+02
51.335  2.622419E+02
51.345  2.619339E+02
51.354  2.618677E+02
51.364  2.619113E+02
51.374  2.619482E+02
51.384  2.617756E+02
51.394  2.617111E+02
51.404  2.615386E+02
51.414  2.615756E+02
51.424  2.616192E+02
51.435  2.615430E+02
51.444  2.612745E+02
51.454  2.613115E+02
51.464  2.611460E+02
51.474  2.612842E+02
51.484  2.613144E+02
51.494  2.610478E+02
51.504  2.609836E+02
51.514  3.255090E+02
51.524  2.609497E+02
51.534  2.609934E+02
51.544  2.606127E+02
51.554  2.815432E+02
51.564  2.605857E+02
51.574  2.606227E+02
51.584  2.613665E+02
51.594  2.603130E+02
51.604  2.603164E+02
51.614  2.604543E+02
51.624  2.603904E+02
51.634  3.898039E+02
51.644  2.600475E+02
51.654  2.599838E+02
51.664  2.600208E+02
51.674  2.599503E+02
51.684  2.599874E+02
51.694  2.597356E+02
51.704  2.596450E+02
51.714  2.596821E+02
51.724  2.597192E+02
51.734  2.595482E+02
51.744  2.594846E+02
51.754  2.593137E+02
51.764  2.593508E+02
51.774  2.595556E+02
51.784  2.593177E+02
51.794  2.591469E+02
51.804  2.589763E+02
51.814  2.590134E+02
51.824  1.527287E+03
51.834  2.589804E+02
51.844  2.588099E+02
51.854  2.587466E+02
51.864  2.586767E+02
51.874  2.588209E+02
51.884  2.586506E+02
51.894  2.584736E+02
51.904  2.584104E+02
51.914  2.583406E+02
51.924  2.593608E+02
51.934  2.584149E+02
51.944  2.775174E+02
51.954  2.581751E+02
51.964  2.943036E+02
51.974  3.095933E+02
51.984  2.937027E+02
51.994  2.578028E+02
52.004  2.578400E+02
52.014  2.577704E+02
52.024  2.593028E+02
52.034  2.591595E+02
52.044  2.607911E+02
52.054  2.574990E+02
52.064  8.989158E+03
52.074  2.588671E+02
52.084  2.626176E+02
52.094  2.572346E+02
52.104  2.571653E+02
52.114  2.572025E+02
52.124  2.571332E+02
52.134  2.573503E+02
52.144  2.570013E+02
52.154  2.568255E+02
52.164  2.568628E+02
52.174  2.719148E+02
52.184  2.832945E+02
52.194  2.566619E+02
52.204  2.569387E+02
52.214  2.565237E+02
52.224  1.753227E+03
52.234  2.564920E+02
52.244  2.563232E+02
52.254  2.562543E+02
52.264  2.562916E+02
52.274  2.562293E+02
52.284  2.562666E+02
52.294  2.560915E+02
52.304  2.559163E+02
52.314  2.559604E+02
52.324  2.559977E+02
52.334  2.559488E+02
52.344  2.558070E+02
52.354  2.555857E+02
52.364  2.556231E+02
52.374  2.557666E+02
52.384  2.555918E+02
52.394  2.554171E+02
52.404  2.554545E+02
52.414  2.552865E+02
52.424  2.555359E+02
52.434  2.553613E+02
52.444  2.550809E+02
52.454  2.553897E+02
52.464  2.550101E+02
52.474  2.551998E+02
52.484  2.550320E+02
52.494  2.548578E+02
52.504  2.547894E+02
52.514  2.547276E+02
52.524  2.559220E+02
52.534  2.548091E+02
52.544  2.545293E+02
52.554  2.545668E+02
52.564  2.543995E+02
52.574  2.545426E+02
52.584  1.336162E+04
52.594  2.543468E+02
52.604  2.542522E+02
52.614  2.541907E+02
52.624  2.542348E+02
52.634  2.542788E+02
52.644  2.889784E+02
52.654  2.539448E+02
52.664  2.539955E+02
52.674  2.539407E+02
52.684  2.576692E+02
52.694  2.538180E+02
52.704  2.538621E+02
52.714  2.537019E+02
52.724  2.537526E+02
52.734  2.536979E+02
52.744  2.538473E+02
52.754  2.535820E+02
52.764  2.534220E+02
52.774  2.535780E+02
52.784  2.534115E+02
52.794  2.533569E+02
52.804  2.533024E+02
52.814  2.531361E+02
52.824  2.533971E+02
52.834  2.532374E+02
52.844  2.530712E+02
52.854  2.530628E+02
52.864  2.529558E+02
52.874  2.531115E+02
52.884  2.530636E+02
52.894  2.527860E+02
52.904  2.530730E+02
52.914  2.527758E+02
52.924  2.528265E+02
52.934  2.527721E+02
52.944  2.528752E+02
52.954  2.526570E+02
52.964  2.524978E+02
52.974  2.526468E+02
52.984  2.524812E+02
52.994  2.524270E+02
53.004  2.523662E+02
53.014  2.522073E+02
53.024  2.524675E+02
53.034  2.523021E+02
53.044  2.526145E+02
53.054  2.520826E+02
53.064  2.521267E+02
53.074  2.521773E+02
53.084  2.520121E+02
53.094  2.530764E+02
53.104  2.518976E+02
53.114  2.518371E+02
53.124  2.518877E+02
53.134  2.519383E+02
53.144  2.516622E+02
53.154  2.516083E+02
53.164  2.515480E+02
53.174  2.517031E+02
53.184  2.521258E+02
53.194  2.513734E+02
53.204  2.514241E+02
53.214  2.513638E+02
53.224  2.515188E+02
53.234  2.513542E+02
53.244  2.513135E+02
53.254  2.511294E+02
53.264  2.511800E+02
53.274  2.512241E+02
53.284  2.511704E+02
53.294  2.509995E+02
53.304  2.509459E+02
53.314  2.508858E+02
53.324  2.510406E+02
53.334  2.509805E+02
53.344  2.507057E+02
53.354  2.507563E+02
53.364  2.506963E+02
53.374  2.507469E+02
53.384  2.517016E+02
53.394  2.505229E+02
53.404  2.505605E+02
53.414  2.505071E+02
53.424  2.505577E+02
53.434  2.504978E+02
53.444  2.503340E+02
53.454  2.501638E+02
53.464  2.503183E+02
53.474  2.502585E+02
53.484  2.503091E+02
53.494  2.500351E+02
53.504  2.520847E+02
53.514  2.500260E+02
53.524  2.500701E+02
53.534  2.500105E+02
53.544  2.498470E+02
53.554  2.522967E+02
53.564  2.497278E+02
53.574  2.498821E+02
53.584  2.498225E+02
53.594  2.496528E+02
53.604  2.496581E+02
53.614  2.495338E+02
53.624  2.503161E+02
53.634  2.496285E+02
53.644  2.494590E+02
53.654  2.492960E+02
53.664  2.493401E+02
53.674  2.493907E+02
53.684  2.494348E+02
53.694  2.492331E+02
53.704  2.394621E+04
53.714  2.491468E+02
53.724  2.491974E+02
53.734  2.491381E+02
53.744  2.489690E+02
53.754  2.489033E+02
53.764  2.488440E+02
53.774  6.026900E+03
53.784  2.488354E+02
53.794  2.487698E+02
53.804  3.406646E+03
53.814  9.726028E+03
53.824  1.482858E+03
53.834  2.662134E+04
53.844  2.484679E+02
53.854  2.484088E+02
53.864  2.967640E+02
53.874  2.485035E+02
53.884  2.484445E+02
53.894  2.483791E+02
53.904  2.482106E+02
53.914  2.481581E+02
53.924  2.483890E+02
53.934  2.482464E+02
53.944  2.482583E+02
53.954  2.480321E+02
53.964  2.479540E+02
53.974  2.482683E+02
53.984  2.480486E+02
53.994  2.477712E+02
54.004  2.478153E+02
54.014  2.477566E+02
54.024  2.478007E+02
54.034  2.478512E+02
54.044  2.475676E+02
54.054  2.476182E+02
54.064  2.474439E+02
54.074  2.477128E+02
54.084  2.475386E+02
54.094  2.474030E+02
54.104  2.473509E+02
54.114  3.468753E+04
54.124  2.474006E+02
54.134  2.473421E+02
54.144  2.471681E+02
54.154  2.472058E+02
54.164  2.470448E+02
54.174  2.472043E+02
54.184  2.474727E+02
54.194  2.469657E+02
54.204  6.918044E+04
54.214  2.468426E+02
54.224  2.471365E+02
54.234  2.469372E+02
54.244  2.466548E+02
54.254  2.467054E+02
54.264  2.466407E+02
54.274  2.466913E+02
54.284  2.467354E+02
54.294  2.464533E+02
54.304  2.465038E+02
54.314  2.464393E+02
54.324  2.464834E+02
54.334  2.465467E+02
54.344  2.462521E+02
54.354  2.461876E+02
54.364  2.463659E+02
54.374  2.462823E+02
54.384  1.036092E+05
54.394  2.461598E+02
54.404  2.459869E+02
54.414  2.461395E+02
54.424  2.458582E+02
54.434  2.461256E+02
54.444  2.458444E+02
54.454  2.457802E+02
54.464  2.459390E+02
54.474  2.456580E+02
54.484  2.458105E+02
54.494  2.456380E+02
54.504  2.455802E+02
54.514  2.457326E+02
54.524  2.890449E+02
54.534  2.456106E+02
54.544  2.454383E+02
54.554  2.453742E+02
54.564  2.454247E+02
54.574  3.479728E+02
54.584  2.454111E+02
54.594  2.452071E+02
54.604  2.452131E+02
54.614  2.453335E+02
54.624  2.450534E+02
54.634  2.452119E+02
54.644  2.449256E+02
54.654  2.449761E+02
54.664  2.450202E+02
54.674  2.449627E+02
54.684  2.448988E+02
54.694  2.449366E+02
54.704  2.446887E+02
54.714  2.449295E+02
54.724  2.446500E+02
54.734  2.446941E+02
54.744  2.446304E+02
54.754  2.445730E+02
54.764  2.446171E+02
54.774  2.444457E+02
54.784  2.444961E+02
54.794  2.444389E+02
54.804  2.442992E+02
54.814  2.445397E+02
54.824  2.442544E+02
54.834  2.443049E+02
54.844  2.442477E+02
54.854  2.447602E+02
54.864  2.442472E+02
54.874  2.440635E+02
54.884  2.442215E+02
54.894  2.439430E+02
54.904  2.439934E+02
54.914  2.440501E+02
54.924  2.438856E+02
54.934  2.439550E+02
54.944  2.438853E+02
54.954  2.437145E+02
54.964  2.438787E+02
54.974  2.437143E+02
54.984  2.438847E+02
54.994  2.436130E+02
55.004  1.136343E+03
55.014  2.437328E+02
55.024  2.435686E+02
55.034  2.437451E+02
55.044  2.434737E+02
55.054  2.435367E+02
55.064  2.435997E+02
55.074  2.434420E+02
55.084  2.435050E+02
55.094  2.434608E+02
55.104  2.433032E+02
55.114  2.434732E+02
55.124  2.434480E+02
55.134  2.434920E+02
55.144  2.432211E+02
55.154  2.432841E+02
55.164  2.433533E+02
55.174  2.431896E+02
55.184  2.432588E+02
55.194  2.432084E+02
55.204  2.430511E+02
55.214  2.433341E+02
55.224  2.430637E+02
55.234  2.464460E+02
55.244  2.430826E+02
55.254  2.429192E+02
55.264  2.432082E+02
55.274  2.429381E+02
55.284  2.430009E+02
55.294  2.551211E+02
55.304  2.427937E+02
55.314  2.430826E+02
55.324  2.428064E+02
55.334  8.679458E+04
55.344  2.427124E+02
55.354  2.427752E+02
55.364  2.428379E+02
55.374  2.427878E+02
55.384  2.427440E+02
55.394  2.426939E+02
55.404  6.500585E+05
55.414  4.230947E+02
55.424  1.086507E+03
55.434  3.684323E+02
55.444  2.424500E+02
55.454  4.342173E+05
55.464  2.426881E+02
55.474  1.432994E+03
55.484  2.425944E+02
55.494  2.425444E+02
55.504  8.300653E+03
55.514  2.425571E+02
55.524  3.429572E+05
55.534  2.424572E+02
55.544  2.422948E+02
55.554  2.423574E+02
55.564  2.423138E+02
55.574  2.422640E+02
55.584  2.423266E+02
55.594  2.421643E+02
55.604  2.421145E+02
55.614  2.422895E+02
55.624  2.421274E+02
55.634  2.438003E+02
55.644  2.421402E+02
55.654  2.419844E+02
55.664  2.421530E+02
55.674  2.419910E+02
55.684  2.420535E+02
55.694  2.420038E+02
55.704  2.419043E+02
55.714  2.421289E+02
55.724  2.418549E+02
55.734  2.419174E+02
55.744  2.419238E+02
55.754  2.417060E+02
55.764  2.420176E+02
55.774  2.816205E+02
55.784  2.418935E+02
55.794  2.416199E+02
55.804  2.416824E+02
55.814  2.418568E+02
55.824  2.416144E+02
55.834  2.417577E+02
55.844  2.415901E+02
55.854  1.808384E+04
55.864  2.550292E+02
55.874  2.414417E+02
55.884  2.416160E+02
55.894  2.414485E+02
55.904  2.415109E+02
55.914  2.415733E+02
55.924  2.413004E+02
55.934  2.415863E+02
55.944  2.413072E+02
55.954  3.277113E+02
55.964  2.414381E+02
55.974  2.412709E+02
55.984  2.414449E+02
55.994  3.058157E+02
56.004  2.412285E+02
56.014  2.412908E+02
56.024  2.411300E+02
56.034  2.609854E+02
56.044  2.452943E+02
56.054  2.410877E+02
56.064  2.411500E+02
56.074  2.410264E+02
56.084  2.411630E+02
56.094  4.170558E+02
56.104  2.409409E+02
56.114  2.412507E+02
56.124  2.409540E+02
56.134  2.888706E+02
56.144  2.408496E+02
56.154  2.408006E+02
56.164  2.409741E+02
56.174  2.797141E+02
56.184  2.408698E+02
56.194  2.408207E+02
56.204  2.406543E+02
56.214  2.409451E+02
56.224  2.428785E+02
56.234  2.407606E+02
56.244  2.406745E+02
56.254  2.406194E+02
56.264  2.406816E+02
56.274  3.531093E+03
56.284  3.137472E+03
56.294  2.507434E+02
56.304  2.404736E+02
56.314  2.406467E+02
56.324  2.404807E+02
56.334  2.409249E+02
56.344  2.403768E+02
56.354  2.404389E+02
56.364  2.405010E+02
56.374  2.402181E+02
56.384  2.405080E+02
56.394  2.527741E+02
56.404  2.402873E+02
56.414  2.403494E+02
56.424  2.401837E+02
56.434  2.403565E+02
56.444  2.401909E+02
56.454  3.177538E+02
56.464  2.401980E+02
56.474  2.401432E+02
56.484  2.402052E+02
56.494  2.400397E+02
56.504  2.399850E+02
56.514  2.401637E+02
56.524  2.400229E+02
56.534  2.409141E+02
56.544  2.399994E+02
56.554  2.560254E+02
56.564  2.401233E+02
56.574  2.398415E+02
56.584  2.399034E+02
56.594  2.398488E+02
56.604  2.397941E+02
56.614  2.398560E+02
56.624  2.398014E+02
56.634  2.404580E+02
56.644  2.396922E+02
56.654  2.405938E+02
56.664  1.888365E+03
56.674  2.396450E+02
56.684  2.397068E+02
56.694  2.396523E+02
56.704  2.394815E+02
56.714  2.396596E+02
56.724  2.396052E+02
56.734  2.395507E+02
56.744  2.394962E+02
56.754  2.394418E+02
56.764  2.395036E+02
56.774  2.394492E+02
56.784  2.395110E+02
56.794  2.393404E+02
56.804  2.392860E+02
56.814  6.746918E+02
56.824  2.397212E+02
56.834  2.394713E+02
56.844  1.666139E+04
56.854  2.392405E+02
56.864  2.393022E+02
56.874  2.391320E+02
56.884  2.393097E+02
56.894  2.391394E+02
56.904  2.392500E+02
56.914  2.392628E+02
56.924  2.389707E+02
56.934  2.392642E+02
56.944  2.389783E+02
56.954  2.389241E+02
56.964  2.391016E+02
56.974  1.160680E+04
56.984  7.348343E+03
56.994  2.389331E+02
57.004  2.387633E+02
57.014  2.390564E+02
57.024  2.387648E+02
57.034  2.389421E+02
57.044  2.387724E+02
57.054  2.398504E+02
57.064  2.388956E+02
57.074  2.601844E+02
57.084  2.389031E+02
57.094  2.386180E+02
57.104  2.497832E+02
57.114  2.387412E+02
57.124  2.386811E+02
57.134  2.386272E+02
57.144  2.385733E+02
57.154  2.385194E+02
57.164  2.386963E+02
57.174  2.385271E+02
57.184  2.385886E+02
57.194  2.384133E+02
57.204  8.844923E+02
57.214  2.258396E+03
57.224  2.383672E+02
57.234  3.403732E+03
57.244  2.383688E+02
57.254  2.383151E+02
57.264  2.383765E+02
57.274  2.383228E+02
57.284  2.383842E+02
57.294  2.382093E+02
57.304  2.382768E+02
57.314  2.383382E+02
57.324  2.381694E+02
57.334  2.383520E+02
57.344  2.380621E+02
57.354  2.381236E+02
57.364  2.383363E+02
57.374  2.381374E+02
57.384  2.382048E+02
57.394  2.380302E+02
57.404  1.327409E+03
57.414  3.621555E+02
57.424  1.508295E+04
57.434  2.381728E+02
57.444  2.379983E+02
57.454  2.378360E+02
57.464  2.381391E+02
57.474  5.136478E+02
57.484  1.393459E+03
57.494  4.748519E+02
57.504  2.378285E+02
57.514  2.452736E+02
57.524  2.378545E+02
57.534  1.542348E+03
57.544  2.377658E+02
57.554  2.378451E+02
57.564  2.380451E+02
57.574  2.377625E+02
57.584  2.379624E+02
57.594  2.379271E+02
57.604  2.377773E+02
57.614  2.379771E+02
57.624  2.378274E+02
57.634  2.380271E+02
57.644  2.377870E+02
57.654  2.378421E+02
57.664  2.380478E+02
57.674  2.377717E+02
57.684  2.380977E+02
57.694  2.378217E+02
57.704  2.377865E+02
57.714  2.379920E+02
57.724  2.378424E+02
57.734  2.380418E+02
57.744  2.378924E+02
57.754  2.378572E+02
57.764  2.379422E+02
57.774  2.379071E+02
57.784  2.379921E+02
57.794  2.379569E+02
57.804  2.378016E+02
57.814  2.380067E+02
57.824  2.379716E+02
57.834  2.379364E+02
57.844  2.379013E+02
57.854  2.378662E+02
57.864  2.380711E+02
57.874  2.379160E+02
57.884  2.380009E+02
57.894  2.379598E+02
57.904  2.378047E+02
57.914  2.381294E+02
57.924  2.378545E+02
57.934  2.380592E+02
57.944  2.379042E+02
57.954  2.378692E+02
57.964  2.380738E+02
57.974  2.379189E+02
57.984  2.667308E+02
57.994  2.379686E+02
58.004  2.379335E+02
58.014  2.380182E+02
58.024  2.379832E+02
58.034  2.380678E+02
58.044  1.816309E+03
58.054  2.379918E+02
58.064  2.380824E+02
58.074  2.379218E+02
58.084  2.380064E+02
58.094  3.324773E+03
58.104  2.379364E+02
58.114  2.381404E+02
58.124  2.379859E+02
58.134  2.380704E+02
58.144  2.379101E+02
58.154  2.379945E+02
58.164  2.380790E+02
58.174  2.380440E+02
58.184  2.380091E+02
58.194  2.379742E+02
58.204  2.380586E+02
58.214  2.381429E+02
58.224  2.379828E+02
58.234  2.380671E+02
58.244  2.380322E+02
58.254  2.379973E+02
58.264  2.380816E+02
58.274  2.380407E+02
58.284  2.381250E+02
58.294  2.379710E+02
58.304  2.380552E+02
58.314  2.381395E+02
58.324  2.379796E+02
58.334  2.381828E+02
58.344  2.380289E+02
58.354  2.379881E+02
58.364  2.381972E+02
58.374  2.380375E+02
58.384  2.381216E+02
58.394  2.380808E+02
58.404  2.380460E+02
58.414  2.381301E+02
58.424  2.380893E+02
58.434  2.127753E+05
58.444  2.380138E+02
58.454  2.379790E+02
58.464  2.383065E+02
58.474  2.380223E+02
58.484  2.382310E+02
58.494  2.379469E+02
58.504  2.381555E+02
58.514  2.420908E+02
58.524  2.380800E+02
58.534  2.382826E+02
58.544  2.379987E+02
58.554  2.380826E+02
58.564  2.382910E+02
58.574  5.400691E+03
58.584  2.382155E+02
58.594  2.381749E+02
58.604  2.380157E+02
58.614  2.387393E+02
58.624  2.381833E+02
58.634  2.381901E+02
58.644  2.381021E+02
58.654  2.381858E+02
58.664  2.382695E+02
58.674  2.381105E+02
58.684  2.381942E+02
58.694  2.381536E+02
58.704  2.381131E+02
58.714  2.381967E+02
58.724  2.381621E+02
58.734  2.382457E+02
58.744  2.382051E+02
58.754  2.380404E+02
58.764  2.382481E+02
58.774  2.382076E+02
58.784  2.382911E+02
58.794  2.381325E+02
58.804  2.380861E+02
58.814  2.382935E+02
58.824  2.381291E+02
58.834  2.383424E+02
58.844  2.381780E+02
58.854  2.381375E+02
58.864  2.383448E+02
58.874  2.381805E+02
58.884  2.382638E+02
58.894  2.382234E+02
58.904  2.496134E+02
58.914  2.382663E+02
58.924  2.382259E+02
58.934  2.383092E+02
58.944  2.381450E+02
58.954  2.382283E+02
58.964  2.383116E+02
58.974  2.381593E+02
58.984  2.383544E+02
58.994  2.381845E+02
59.004  2.615902E+02
59.014  2.383568E+02
59.024  2.381870E+02
59.034  2.382702E+02
59.044  2.382827E+02
59.054  2.381895E+02
59.064  2.383961E+02
59.074  2.382323E+02
59.084  2.383154E+02
59.094  2.382750E+02
59.104  2.382289E+02
59.114  2.454431E+02
59.124  2.381483E+02
59.134  2.383546E+02
59.144  2.386490E+02
59.154  2.381508E+02
59.164  2.384861E+02
59.174  2.381935E+02
59.184  2.383997E+02
59.194  2.382362E+02
59.204  2.383191E+02
59.214  2.384020E+02
59.224  2.430113E+02
59.234  2.384447E+02
59.244  2.392367E+02
59.254  2.382411E+02
59.264  2.384646E+02
59.274  2.382837E+02
59.284  2.384896E+02
59.294  2.381975E+02
59.304  2.384091E+02
59.314  2.383631E+02
59.324  2.383229E+02
59.334  2.384056E+02
59.344  2.383655E+02
59.354  2.383253E+02
59.364  2.384080E+02
59.374  2.383678E+02
59.384  2.384505E+02
59.394  2.384103E+02
59.404  2.383644E+02
59.414  2.384470E+02
59.424  2.382783E+02
59.434  2.384894E+02
59.444  2.384493E+02
59.454  2.382807E+02
59.464  2.384917E+02
59.474  2.384458E+02
59.484  2.384057E+02
59.494  2.384882E+02
59.504  2.383197E+02
59.514  2.385306E+02
59.524  2.383563E+02
59.534  2.385671E+02
59.544  2.383987E+02
59.554  2.383587E+02
59.564  2.385694E+02
59.574  2.383953E+02
59.584  2.384776E+02
59.594  2.384376E+02
59.604  2.383918E+02
59.614  2.386023E+02
59.624  2.384341E+02
59.634  2.385455E+02
59.644  2.384706E+02
59.654  2.384306E+02
59.664  2.385129E+02
59.674  2.384671E+02
59.684  2.385552E+02
59.694  2.385094E+02
59.704  2.384636E+02
59.714  2.385458E+02
59.724  2.385058E+02
59.734  2.385880E+02
59.744  2.384144E+02
59.754  2.384965E+02
59.764  2.385844E+02
59.774  2.386665E+02
59.784  1.986193E+03
59.794  2.384473E+02
59.804  2.384074E+02
59.814  2.387449E+02
59.824  2.384438E+02
59.834  2.386593E+02
59.844  2.384860E+02
59.854  2.385738E+02
59.864  2.386557E+02
59.874  2.384825E+02
59.884  2.386978E+02
59.894  2.385246E+02
59.904  2.384790E+02
59.914  2.386942E+02
59.924  2.385211E+02
59.934  2.387304E+02
59.944  2.385573E+02
59.954  2.385176E+02
59.964  5.088572E+04
59.974  2.393470E+02
59.984  2.388382E+02
59.994  2.385958E+02
60.004  2.385503E+02
60.014  2.388519E+02
60.024  2.385923E+02
60.034  2.388707E+02
60.044  2.388656E+02
60.054  2.385830E+02
60.064  2.387976E+02
60.074  2.391625E+02
60.084  2.387181E+02
60.094  2.387073E+02
60.104  2.386271E+02
60.114  2.388647E+02
60.124  2.385478E+02
60.134  2.388892E+02
60.144  2.387167E+02
60.154  2.386770E+02
60.164  2.387643E+02
60.174  2.387189E+02
60.184  2.388061E+02
60.194  2.387665E+02
60.204  2.387210E+02
60.214  2.388082E+02
60.224  2.387628E+02
60.234  2.388558E+02
60.244  2.388161E+02
60.254  2.387823E+02
60.264  2.388752E+02
60.274  2.388413E+02
60.284  2.389342E+02
60.294  2.389003E+02
60.304  2.393616E+02
60.314  2.389535E+02
60.324  2.395471E+02
60.334  2.390182E+02
60.344  2.388635E+02
60.354  2.389907E+02
60.364  2.392100E+02
60.374  2.389231E+02
60.384  2.392918E+02
60.394  2.390107E+02
60.404  2.395632E+02
60.414  2.570655E+02
60.424  2.392253E+02
60.434  2.393409E+02
60.444  2.391979E+02
60.454  2.393134E+02
60.464  2.395610E+02
60.474  2.392859E+02
60.484  2.395334E+02
60.494  2.395225E+02
60.504  2.395059E+02
60.514  2.396270E+02
60.524  2.396103E+02
60.534  2.397256E+02
60.544  2.395828E+02
60.554  2.396981E+02
60.564  2.407765E+02
60.574  2.398024E+02
60.584  2.399175E+02
60.594  2.397691E+02
60.604  2.398842E+02
60.614  2.401368E+02
60.624  2.398566E+02
60.634  2.401034E+02
60.644  2.400924E+02
60.654  2.420852E+02
60.664  2.401907E+02
60.674  2.401740E+02
60.684  2.402947E+02
60.694  2.401464E+02
60.704  2.402613E+02
60.714  2.405134E+02
60.724  2.402279E+02
60.734  2.404799E+02
60.744  2.404632E+02
60.754  2.404465E+02
60.764  2.405612E+02
60.774  2.405445E+02
60.784  2.406648E+02
60.794  2.406481E+02
60.804  2.406314E+02
60.814  2.407460E+02
60.824  2.407292E+02
60.834  2.454216E+02
60.844  1.306120E+05
60.854  2.408160E+02
60.864  2.409304E+02
60.874  2.409137E+02
60.884  2.410281E+02
60.894  2.410113E+02
60.904  2.409946E+02
60.914  2.415022E+02
60.924  2.410921E+02
60.934  2.412121E+02
60.944  2.411953E+02
60.954  2.411729E+02
60.964  2.414238E+02
60.974  4.317193E+02
60.984  2.523340E+05
60.994  2.413734E+02
61.004  4.141631E+02
61.014  2.416073E+02
61.024  2.414539E+02
61.034  2.415679E+02
61.044  2.415511E+02
61.054  2.415343E+02
61.064  2.417847E+02
61.074  5.924942E+03
61.084  1.346977E+03
61.094  2.415921E+02
61.104  2.418424E+02
61.114  2.418256E+02
61.124  2.419394E+02
61.134  2.419225E+02
61.144  2.419000E+02
61.154  2.420194E+02
61.164  2.424170E+02
61.174  2.419800E+02
61.184  2.420937E+02
61.194  2.422244E+02
61.204  2.429451E+02
61.214  2.423098E+02
61.224  2.421511E+02
61.234  2.444025E+02
61.244  2.422478E+02
61.254  2.423669E+02
61.264  2.424804E+02
61.274  2.423218E+02
61.284  2.425769E+02
61.294  2.425544E+02
61.304  2.424015E+02
61.314  2.426508E+02
61.324  2.426339E+02
61.334  2.427472E+02
61.344  2.425887E+02
61.354  2.427077E+02
61.364  2.429567E+02
61.374  2.426625E+02
61.384  2.429171E+02
61.394  2.428945E+02
61.404  2.428720E+02
61.414  2.429907E+02
61.424  2.429681E+02
61.434  2.430868E+02
61.444  2.431151E+02
61.454  2.430416E+02
61.464  2.432959E+02
61.474  2.429964E+02
61.484  2.433918E+02
61.494  2.432280E+02
61.504  2.432054E+02
61.514  2.433239E+02
61.524  2.434367E+02
61.534  2.434141E+02
61.544  2.433915E+02
61.554  2.433689E+02
61.564  2.436283E+02
61.574  2.434646E+02
61.584  2.437183E+02
61.594  2.435547E+02
61.604  2.436730E+02
61.614  2.437913E+02
61.624  2.436277E+02
61.634  2.438812E+02
61.644  2.437177E+02
61.654  2.438358E+02
61.664  2.439540E+02
61.674  2.438187E+02
61.684  2.440438E+02
61.694  4.799034E+03
61.704  2.583317E+03
61.714  2.442515E+02
61.724  2.440938E+02
61.734  2.443636E+02
61.744  2.440428E+02
61.754  2.441551E+02
61.764  2.444248E+02
61.774  2.441098E+02
61.784  2.445030E+02
61.794  2.443398E+02
61.804  2.443172E+02
61.814  2.444349E+02
61.824  2.444122E+02
61.834  2.446647E+02
61.844  2.445016E+02
61.854  2.444733E+02
61.864  2.447313E+02
61.874  2.445627E+02
61.884  2.448206E+02
61.894  2.446576E+02
61.904  2.448088E+02
61.914  2.448870E+02
61.924  2.447297E+02
61.934  2.449761E+02
61.944  2.448133E+02
61.954  2.449251E+02
61.964  2.450424E+02
61.974  2.450141E+02
61.984  2.451314E+02
61.994  2.449631E+02
62.004  2.450804E+02
62.014  2.453376E+02
62.024  2.451917E+02
62.034  2.452865E+02
62.044  2.452582E+02
62.054  2.452298E+02
62.064  2.453470E+02
62.074  2.453186E+02
62.084  2.455812E+02
62.094  2.454130E+02
62.104  2.463240E+02
62.114  2.456414E+02
62.124  2.454733E+02
62.134  2.457300E+02
62.144  2.455620E+02
62.154  2.456733E+02
62.164  2.457902E+02
62.174  2.456222E+02
62.184  2.458787E+02
62.194  2.458503E+02
62.204  2.458219E+02
62.214  2.459387E+02
62.224  2.459103E+02
62.234  2.460271E+02
62.244  2.458536E+02
62.254  2.461153E+02
62.264  2.460870E+02
62.274  2.460586E+02
62.284  2.463146E+02
62.294  2.460019E+02
62.304  2.462578E+02
62.314  2.462294E+02
62.324  2.463459E+02
62.334  2.464568E+02
62.344  2.464340E+02
62.354  2.473802E+02
62.364  2.465164E+02
62.374  2.464880E+02
62.384  2.466044E+02
62.394  2.464313E+02
62.404  2.465699E+02
62.414  2.466639E+02
62.424  2.466299E+02
62.434  2.467462E+02
62.444  2.467178E+02
62.454  2.466894E+02
62.464  4.435962E+02
62.474  2.487058E+02
62.484  2.470322E+02
62.494  3.440628E+03
62.504  2.468254E+02
62.514  6.422243E+02
62.524  2.469130E+02
62.534  2.471734E+02
62.544  2.469951E+02
62.554  2.471110E+02
62.564  2.472269E+02
62.574  2.470598E+02
62.584  8.384187E+02
62.594  2.472804E+02
62.604  2.472520E+02
62.614  2.473623E+02
62.624  2.473339E+02
62.634  2.474496E+02
62.644  2.474156E+02
62.654  2.473872E+02
62.664  2.476470E+02
62.674  2.474690E+02
62.684  2.477286E+02
62.694  2.475506E+02
62.704  2.475222E+02
62.714  2.477818E+02
62.724  2.477478E+02
62.734  2.478633E+02
62.744  2.476854E+02
62.754  2.478009E+02
62.764  2.479163E+02
62.774  2.478824E+02
62.784  2.480143E+02
62.794  2.479638E+02
62.804  2.479298E+02
62.814  2.480451E+02
62.824  2.480167E+02
62.834  2.482757E+02
62.844  2.480980E+02
62.854  2.480641E+02
62.864  2.483284E+02
62.874  2.483000E+02
62.884  2.484151E+02
62.894  2.482320E+02
62.904  2.483471E+02
62.914  2.484622E+02
62.924  2.485055E+02
62.934  2.485488E+02
62.944  2.483659E+02
62.954  2.484808E+02
62.964  2.487447E+02
62.974  1.737970E+06
62.984  2.488311E+02
62.994  2.486483E+02
63.004  2.486143E+02
63.014  2.488780E+02
63.024  2.487007E+02
63.034  2.497961E+02
63.044  2.487816E+02
63.054  2.489404E+02
63.064  2.490220E+02
63.074  2.489770E+02
63.084  2.490917E+02
63.094  2.490577E+02
63.104  2.490237E+02
63.114  2.492924E+02
63.124  2.491319E+02
63.134  2.492244E+02
63.144  2.491905E+02
63.154  2.493104E+02
63.164  2.536469E+02
63.174  2.493799E+02
63.184  2.495163E+02
63.194  2.518121E+02
63.204  2.494538E+02
63.214  2.497220E+02
63.224  2.515554E+02
63.234  2.504228E+02
63.244  2.494773E+02
63.254  2.548396E+02
63.264  2.516378E+02
63.274  2.548414E+02
63.284  2.499561E+02
63.294  2.500921E+02
63.304  2.543641E+02
63.314  2.500735E+02
63.324  2.537683E+02
63.334  2.506414E+02
63.344  2.500921E+02
63.354  2.604335E+02
63.364  2.501995E+02
63.374  2.501764E+02
63.384  2.503013E+02
63.394  2.502837E+02
63.404  2.504085E+02
63.414  2.505333E+02
63.424  2.544358E+02
63.434  2.506678E+02
63.444  2.505134E+02
63.454  2.506545E+02
63.464  2.508010E+02
63.474  2.506412E+02
63.484  2.510940E+02
63.494  2.507974E+02
63.504  2.509602E+02
63.514  2.512706E+02
63.524  2.511272E+02
63.534  2.514429E+02
63.544  2.513050E+02
63.554  2.513146E+02
63.564  2.516301E+02
63.574  2.516397E+02
63.584  2.518022E+02
63.594  2.516589E+02
63.604  2.518213E+02
63.614  2.521420E+02
63.624  2.519986E+02
63.634  2.521609E+02
63.644  2.521704E+02
63.654  2.521799E+02
63.664  2.525003E+02
63.674  2.523516E+02
63.684  2.526718E+02
63.694  2.526812E+02
63.704  2.549309E+02
63.714  2.530052E+02
63.724  2.527094E+02
63.734  2.531819E+02
63.744  2.575763E+02
63.754  2.532005E+02
63.764  2.532043E+02
63.774  2.552827E+02
63.784  2.535332E+02
63.794  2.604988E+02
63.804  2.538347E+02
63.814  2.537133E+02
63.824  2.789452E+02
63.834  2.538895E+02
63.844  2.537355E+02
63.854  2.540547E+02
63.864  2.540693E+02
63.874  2.540676E+02
63.884  2.543920E+02
63.894  2.567380E+02
63.904  2.542471E+02
63.914  2.545659E+02
63.924  2.545750E+02
63.934  2.547361E+02
63.944  2.545877E+02
63.954  2.547488E+02
63.964  2.550673E+02
63.974  2.549188E+02
63.984  2.550798E+02
63.994  2.550888E+02
64.004  2.552496E+02
64.014  2.554159E+02
64.024  2.552621E+02
64.034  2.555856E+02
64.044  2.554318E+02
64.054  2.555925E+02
64.064  2.559158E+02
64.074  2.557620E+02
64.084  2.559226E+02
64.094  2.559314E+02
64.104  2.559348E+02
64.114  2.562578E+02
64.124  2.999343E+02
64.134  2.566597E+02
64.144  2.564303E+02
64.154  2.680328E+02
64.164  2.565939E+02
64.174  2.565972E+02
64.184  2.567628E+02
64.194  2.567660E+02
64.204  2.567693E+02
64.214  2.570916E+02
64.224  2.572517E+02
64.234  2.572548E+02
64.244  2.577391E+02
64.254  2.571045E+02
64.264  2.575886E+02
64.274  2.574351E+02
64.284  2.576003E+02
64.294  2.576359E+02
64.304  2.576066E+02
64.314  2.579337E+02
64.324  2.577802E+02
64.334  2.581018E+02
64.344  2.579484E+02
64.354  2.581133E+02
64.364  2.584401E+02
64.374  2.581194E+02
64.384  2.586079E+02
64.394  2.584545E+02
64.404  2.584898E+02
64.414  2.633499E+02
64.424  2.586252E+02
64.434  2.637801E+02
64.444  1.529027E+03
64.454  2.589573E+02
64.464  3.077843E+03
64.474  2.591248E+02
64.484  8.710644E+03
64.494  2.591305E+02
64.504  2.594564E+02
64.514  1.433283E+04
64.524  2.594621E+02
64.534  2.597878E+02
64.544  2.596292E+02
64.554  2.597934E+02
64.564  2.599575E+02
64.574  2.599764E+02
64.584  2.602910E+02
64.594  2.601808E+02
64.604  2.601997E+02
64.614  2.604550E+02
64.624  2.603717E+02
64.634  2.606967E+02
64.644  2.606242E+02
64.654  2.606268E+02
64.664  2.607906E+02
64.674  2.607878E+02
64.684  2.611179E+02
64.694  2.609541E+02
64.704  2.609567E+02
64.714  2.612866E+02
64.724  2.612838E+02
64.734  2.614473E+02
64.744  2.612836E+02
64.754  2.614470E+02
64.764  2.617766E+02
64.774  2.616129E+02
64.784  2.617762E+02
64.794  2.617733E+02
64.804  2.619419E+02
64.814  2.621050E+02
64.824  2.621021E+02
64.834  2.622652E+02
64.844  2.630441E+02
64.854  2.622646E+02
64.864  2.710840E+02
64.874  2.680448E+02
64.884  2.627588E+02
64.894  2.625899E+02
64.904  2.628223E+02
64.914  2.629155E+02
64.924  2.635810E+02
64.934  2.630859E+02
64.944  2.630775E+02
64.954  2.630744E+02
64.964  2.634080E+02
64.974  2.632339E+02
64.984  2.635674E+02
64.994  2.947013E+02
65.004  2.635611E+02
65.014  2.637235E+02
65.024  2.637204E+02
65.034  2.640536E+02
65.044  2.684600E+02
65.054  2.638763E+02
65.064  2.642627E+02
65.074  2.640407E+02
65.084  2.643682E+02
65.094  2.643650E+02
65.104  2.643617E+02
65.114  2.645237E+02
65.124  2.645204E+02
65.134  2.648530E+02
65.144  2.646791E+02
65.154  2.648463E+02
65.164  2.650082E+02
65.174  2.656708E+02
65.184  2.651666E+02
65.194  2.651632E+02
65.204  2.651545E+02
65.214  2.671585E+02
65.224  2.653127E+02
65.234  2.656500E+02
65.244  2.654709E+02
65.254  2.656378E+02
65.264  2.657992E+02
65.274  2.657958E+02
65.284  2.661274E+02
65.294  2.659537E+02
65.304  2.659448E+02
65.314  2.662816E+02
65.324  2.661026E+02
65.334  2.664393E+02
65.344  2.664304E+02
65.354  2.708846E+02
65.364  2.665879E+02
65.374  2.665790E+02
65.384  2.669153E+02
65.394  2.667364E+02
65.404  2.669027E+02
65.414  2.670636E+02
65.424  2.670546E+02
65.434  2.672208E+02
65.444  2.670420E+02
65.454  2.673779E+02
65.464  2.673688E+02
65.474  2.675295E+02
65.484  2.676955E+02
65.494  2.675115E+02
65.504  2.676774E+02
65.514  2.678432E+02
65.524  2.678341E+02
65.534  2.681695E+02
65.544  2.679855E+02
65.554  2.679764E+02
65.564  2.683116E+02
65.574  2.683024E+02
65.584  2.684680E+02
65.594  2.684588E+02
65.604  2.684497E+02
65.614  2.689221E+02
65.624  2.687753E+02
65.634  2.687661E+02
65.644  2.689262E+02
65.654  2.687424E+02
65.664  2.692567E+02
65.674  2.690677E+02
65.684  2.692329E+02
65.694  2.832202E+02
65.704  2.692091E+02
65.714  2.695644E+02
65.724  2.695392E+02
65.734  6.389734E+04
65.744  2.696896E+02
65.754  2.696803E+02
65.764  2.698400E+02
65.774  2.698306E+02
65.784  2.701696E+02
65.794  2.699808E+02
65.804  2.702353E+02
65.814  2.703050E+02
65.824  7.404405E+02
65.834  2.706343E+02
65.844  2.704455E+02
65.854  2.079049E+03
65.864  2.785404E+02
65.874  2.707599E+02
65.884  2.709191E+02
65.894  2.707304E+02
65.904  2.708948E+02
65.914  2.712330E+02
65.924  2.710444E+02
65.934  2.713825E+02
65.944  2.711939E+02
65.954  2.749751E+03
65.964  2.715170E+02
65.974  2.715022E+02
65.984  1.266474E+03
65.994  2.716514E+02
66.004  2.718154E+02
66.014  1.110725E+03
66.024  2.698976E+03
66.034  2.721284E+02
66.044  2.721135E+02
66.054  2.720986E+02
66.064  2.724358E+02
66.074  2.722422E+02
66.084  2.725846E+02
66.094  2.723910E+02
66.104  2.725546E+02
66.114  2.729020E+02
66.124  2.725194E+02
66.134  2.730400E+02
66.144  1.774266E+04
66.154  2.730100E+02
66.164  2.731734E+02
66.174  2.729747E+02
66.184  2.733165E+02
66.194  2.733014E+02
66.204  2.732863E+02
66.214  2.736279E+02
66.224  2.734345E+02
66.234  2.737759E+02
66.244  2.737608E+02
66.254  2.737457E+02
66.264  2.741655E+02
66.274  2.738884E+02
66.284  2.742347E+02
66.294  2.740362E+02
66.304  2.741992E+02
66.314  1.707458E+03
66.324  2.743468E+02
66.334  2.745096E+02
66.344  2.744944E+02
66.354  2.744740E+02
66.364  2.748198E+02
66.374  2.748046E+02
66.384  2.749672E+02
66.394  2.747689E+02
66.404  2.749314E+02
66.414  2.752769E+02
66.424  2.750734E+02
66.434  2.754188E+02
66.444  2.752206E+02
66.454  2.753830E+02
66.464  2.757281E+02
66.474  2.755299E+02
66.484  2.756922E+02
66.494  2.756716E+02
66.504  2.758338E+02
66.514  2.759959E+02
66.524  2.757926E+02
66.534  2.763253E+02
66.544  2.759446E+02
66.554  2.762944E+02
66.564  2.764616E+02
66.574  2.762636E+02
66.584  2.766132E+02
66.594  2.765977E+02
66.604  2.960965E+02
66.614  2.767441E+02
66.624  2.767286E+02
66.634  2.770831E+02
66.644  2.768800E+02
66.654  2.770468E+02
66.664  2.773959E+02
66.674  2.770106E+02
66.684  2.775471E+02
66.694  2.773441E+02
66.704  2.775107E+02
66.714  2.776773E+02
66.724  2.774796E+02
66.734  2.780312E+02
66.744  2.776513E+02
66.754  2.780155E+02
66.764  2.781923E+02
66.774  2.780050E+02
66.784  2.783586E+02
66.794  2.783533E+02
66.804  2.783428E+02
66.814  2.785194E+02
66.824  2.789974E+02
66.834  2.786958E+02
66.844  2.788931E+02
66.854  2.787164E+02
66.864  2.792927E+02
66.874  2.791211E+02
66.884  2.793182E+02
66.894  2.793335E+02
66.904  2.795357E+02
66.914  2.797586E+02
66.924  2.797998E+02
66.934  2.800226E+02
66.944  2.800637E+02
66.954  2.802968E+02
66.964  2.850515E+02
66.974  2.803945E+02
66.984  2.817368E+02
66.994  2.808758E+02
67.004  2.811967E+02
67.014  2.813516E+02
67.024  2.812112E+02
67.034  3.084164E+02
67.044  2.816918E+02
67.054  3.043059E+02
67.064  2.819806E+02
67.074  2.820266E+02
67.084  3.056347E+02
67.094  2.823152E+02
67.104  1.416359E+03
67.114  3.011054E+02
67.124  2.828408E+02
67.134  3.679357E+03
67.144  2.145950E+03
67.154  2.831746E+02
67.164  1.671476E+03
67.174  2.573370E+03
67.184  2.838907E+02
67.194  2.844995E+02
67.204  2.654531E+03
67.214  2.844149E+02
67.224  2.842693E+02
67.234  2.846970E+02
67.244  2.847476E+02
67.254  2.849892E+02
67.264  2.852205E+02
67.274  2.850748E+02
67.284  2.855073E+02
67.294  2.853565E+02
67.304  2.932491E+02
67.314  2.873764E+02
67.324  2.858792E+02
67.334  2.863112E+02
67.344  2.861965E+02
67.354  2.864014E+02
67.364  2.866373E+02
67.374  2.866875E+02
67.384  2.871191E+02
67.394  2.869631E+02
67.404  2.872039E+02
67.414  2.874394E+02
67.424  2.874843E+02
67.434  2.877249E+02
67.444  2.877646E+02
67.454  2.880051E+02
67.464  2.882815E+02
67.474  2.880844E+02
67.484  2.885203E+02
67.494  2.885650E+02
67.504  2.886045E+02
67.514  2.890401E+02
67.524  2.890796E+02
67.534  2.893196E+02
67.544  2.891636E+02
67.554  2.895989E+02
67.564  2.896382E+02
67.574  2.898780E+02
67.584  2.899173E+02
67.594  2.901570E+02
67.604  2.940896E+02
67.614  2.904306E+02
67.624  2.907317E+02
67.634  2.907093E+02
67.644  2.909486E+02
67.654  2.909877E+02
67.664  2.912270E+02
67.674  2.912609E+02
67.684  2.915001E+02
67.694  2.917391E+02
67.704  2.915781E+02
67.714  2.922170E+02
67.724  2.918509E+02
67.734  2.924947E+02
67.744  2.923286E+02
67.754  2.923623E+02
67.764  2.938718E+02
67.774  2.926398E+02
67.784  2.932933E+02
67.794  2.929274E+02
67.804  2.933553E+02
67.814  2.935937E+02
67.824  2.934224E+02
67.834  2.940702E+02
67.844  2.936993E+02
67.854  2.941422E+02
67.864  2.941705E+02
67.874  2.944085E+02
67.884  2.951426E+02
67.894  2.947974E+02
67.904  2.947284E+02
67.914  2.950174E+02
67.924  2.951938E+02
67.934  2.954314E+02
67.944  2.952602E+02
67.954  2.954978E+02
67.964  2.959397E+02
67.974  2.957684E+02
67.984  2.962919E+02
67.994  2.960389E+02
68.004  2.962762E+02
68.014  2.965135E+02
68.024  2.967506E+02
68.034  2.967836E+02
68.044  3.014655E+02
68.054  2.970535E+02
68.064  2.987955E+02
68.074  2.973233E+02
68.084  2.975602E+02
68.094  2.981386E+02
68.104  2.978297E+02
68.114  2.980663E+02
68.124  2.980939E+02
68.134  2.985395E+02
68.144  2.983632E+02
68.154  2.983958E+02
68.164  2.988564E+02
68.174  2.988940E+02
68.184  2.991456E+02
68.194  2.991883E+02
68.204  2.994397E+02
68.214  2.996859E+02
68.224  2.997285E+02
68.234  2.999798E+02
68.244  3.000172E+02
68.254  3.000598E+02
68.264  3.005194E+02
68.274  3.005567E+02
68.284  3.008077E+02
68.294  3.006365E+02
68.304  3.010958E+02
68.314  3.013465E+02
68.324  3.011754E+02
68.334  3.016394E+02
68.344  3.016766E+02
68.354  3.020135E+02
68.364  3.021775E+02
68.374  3.020013E+02
68.384  3.024649E+02
68.394  3.025019E+02
68.404  3.025389E+02
68.414  3.030023E+02
68.424  3.028260E+02
68.434  3.032892E+02
68.444  3.031079E+02
68.454  3.033578E+02
68.464  3.038258E+02
68.474  3.036445E+02
68.484  3.041072E+02
68.494  3.041439E+02
68.504  2.142175E+04
68.514  3.044302E+02
68.524  3.044668E+02
68.534  3.049291E+02
68.544  3.047478E+02
68.554  1.513386E+05
68.564  3.054642E+02
68.574  3.052829E+02
68.584  1.057712E+05
68.594  3.057811E+02
68.604  3.058125E+02
68.614  3.060665E+02
68.624  3.061332E+02
68.634  7.694207E+04
68.644  3.063779E+02
68.654  3.066266E+02
68.664  3.075023E+02
68.674  3.072705E+02
68.684  3.073774E+02
68.694  3.071911E+02
68.704  3.078793E+02
68.714  3.076930E+02
68.724  3.077240E+02
68.734  3.079722E+02
68.744  3.080032E+02
68.754  3.082513E+02
68.764  3.088478E+02
68.774  3.085303E+02
68.784  3.090003E+02
68.794  3.088090E+02
68.804  3.090569E+02
68.814  3.104652E+02
68.824  3.093404E+02
68.834  3.095881E+02
68.844  3.096137E+02
68.854  3.098663E+02
68.864  3.101137E+02
68.874  3.101443E+02
68.884  3.103917E+02
68.894  3.105079E+02
68.904  3.106695E+02
68.914  3.109167E+02
68.924  3.109572E+02
68.934  3.111942E+02
68.944  3.112195E+02
68.954  3.113154E+02
68.964  3.117184E+02
68.974  3.117487E+02
68.984  3.119955E+02
68.994  3.120207E+02
69.004  3.122724E+02
69.014  3.126951E+02
69.024  3.125441E+02
69.034  3.127956E+02
69.044  3.128207E+02
69.054  2.756899E+04
69.064  3.133184E+02
69.074  3.134540E+02
69.084  3.135896E+02
69.094  3.136146E+02
69.104  3.138656E+02
69.114  2.483401E+03
69.124  5.571510E+02
69.134  3.143874E+02
69.144  3.360973E+03
69.154  3.144321E+02
69.164  3.149088E+02
69.174  3.149486E+02
69.184  3.151791E+02
69.194  3.152038E+02
69.204  3.152235E+02
69.214  3.156997E+02
69.224  3.157243E+02
69.234  3.159696E+02
69.244  3.160293E+02
69.254  3.162394E+02
69.264  3.162639E+02
69.274  3.166092E+02
69.284  3.167590E+02
69.294  3.167834E+02
69.304  3.170283E+02
69.314  3.172782E+02
69.324  3.179837E+02
69.334  3.175472E+02
69.344  3.175665E+02
69.354  3.178162E+02
69.364  3.180657E+02
69.374  3.180799E+02
69.384  3.183293E+02
69.394  3.183885E+02
69.404  3.210694E+02
69.414  3.189521E+02
69.424  3.188662E+02
69.434  3.191153E+02
69.444  3.191294E+02
69.454  3.191484E+02
69.464  3.213719E+02
69.474  3.196463E+02
69.484  3.198952E+02
69.494  3.199091E+02
69.504  3.201578E+02
69.514  3.204065E+02
69.524  3.201906E+02
69.534  3.209036E+02
69.544  3.206877E+02
69.554  3.207015E+02
69.564  3.211845E+02
69.574  3.211982E+02
69.584  3.608245E+02
69.594  3.214602E+02
69.604  3.217083E+02
69.614  3.219564E+02
69.624  3.420941E+02
69.634  3.224574E+02
69.644  3.222366E+02
69.654  3.222501E+02
69.664  4.732645E+03
69.674  3.228055E+02
69.684  3.229934E+02
69.694  3.230068E+02
69.704  3.232544E+02
69.714  3.235019E+02
69.724  3.235153E+02
69.734  3.237627E+02
69.744  3.237710E+02
69.754  3.240233E+02
69.764  3.242705E+02
69.774  3.242788E+02
69.784  3.245309E+02
69.794  3.245391E+02
69.804  3.247861E+02
69.814  3.251076E+02
69.824  3.250462E+02
69.834  3.257654E+02
69.844  3.253061E+02
69.854  3.255528E+02
69.864  3.257994E+02
69.874  3.258721E+02
69.884  3.260590E+02
69.894  3.260670E+02
69.904  3.263134E+02
69.914  3.265598E+02
69.924  3.268110E+02
69.934  3.268189E+02
69.944  3.268268E+02
69.954  3.270730E+02
69.964  3.274729E+02
69.974  3.275700E+02
69.984  3.275778E+02
69.994  3.275855E+02
70.004  3.278364E+02
70.014  3.283500E+02
70.024  9.689168E+02
70.034  3.283405E+02
70.044  3.285861E+02
70.054  3.285937E+02
70.064  3.288442E+02
70.074  3.288468E+02
70.084  3.293400E+02
70.094  3.293475E+02
70.104  3.293500E+02
70.114  3.314227E+02
70.124  3.296077E+02
70.134  3.304172E+02
70.144  3.301028E+02
70.154  3.301052E+02
70.164  3.303551E+02
70.174  3.306049E+02
70.184  3.306073E+02
70.194  3.308570E+02
70.204  3.308593E+02
70.214  3.313513E+02
70.224  3.311113E+02
70.234  3.627704E+05
70.244  3.316102E+02
70.254  3.316124E+02
70.264  3.321039E+02
70.274  3.318590E+02
70.284  3.018523E+05
70.294  1.117540E+04
70.304  3.323595E+02
70.314  3.328554E+02
70.324  3.328624E+02
70.334  3.331162E+02
70.344  3.331182E+02
70.354  3.331252E+02
70.364  3.336355E+02
70.374  3.336522E+02
70.384  4.849949E+05
70.394  3.338879E+02
70.404  3.338849E+02
70.414  3.343898E+02
70.424  3.343916E+02
70.434  3.346449E+02
70.444  3.346467E+02
70.454  3.348998E+02
70.464  3.351529E+02
70.474  3.351546E+02
70.484  3.354026E+02
70.494  3.354043E+02
70.504  3.356572E+02
70.514  3.359100E+02
70.524  3.359214E+02
70.534  3.364399E+02
70.544  3.362003E+02
70.554  3.364676E+02
70.564  3.367299E+02
70.574  3.757096E+02
70.584  3.370084E+02
70.594  3.372706E+02
70.604  3.456722E+02
70.614  3.375488E+02
70.624  3.608654E+02
70.634  3.495811E+02
70.644  7.028481E+02
70.654  3.381391E+02
70.664  3.386908E+02
70.674  3.384807E+02
70.684  3.390272E+02
70.694  3.390677E+02
70.704  3.391081E+02
70.714  3.394186E+02
70.724  3.397192E+02
70.734  1.674203E+03
70.744  3.398834E+02
70.754  3.404782E+02
70.764  3.405577E+02
70.774  3.409021E+02
70.784  3.412513E+02
70.794  3.413453E+02
70.804  3.414344E+02
70.814  3.420433E+02
70.824  3.418773E+02
70.834  3.427409E+02
70.844  3.425749E+02
70.854  3.426637E+02
70.864  3.432720E+02
70.874  3.433656E+02
70.884  3.437140E+02
70.894  3.438027E+02
70.904  3.441508E+02
70.914  3.445038E+02
70.924  3.445924E+02
70.934  3.449403E+02
70.944  3.450972E+02
70.954  3.453765E+02
70.964  3.457291E+02
70.974  3.458173E+02
70.984  3.464290E+02
70.994  3.462531E+02
71.004  3.466004E+02
71.014  3.472117E+02
71.024  3.470357E+02
71.034  3.473877E+02
71.044  3.477347E+02
71.054  3.478177E+02
71.064  3.484333E+02
71.074  3.482524E+02
71.084  3.488678E+02
71.094  3.486868E+02
71.104  3.490382E+02
71.114  3.496483E+02
71.124  3.497359E+02
71.134  3.500821E+02
71.144  3.499011E+02
71.154  3.505156E+02
71.164  3.508665E+02
71.174  3.506806E+02
71.184  3.512948E+02
71.194  3.513771E+02
71.204  3.517276E+02
71.214  3.520781E+02
71.224  3.521554E+02
71.234  3.525057E+02
71.244  3.525878E+02
71.254  3.529623E+02
71.264  1.001417E+03
71.274  3.533651E+02
71.284  4.243235E+02
71.294  3.537920E+02
71.304  3.543754E+02
71.314  3.544864E+02
71.324  3.552838E+02
71.334  3.549128E+02
71.344  3.552621E+02
71.354  3.553389E+02
71.364  3.556881E+02
71.374  3.557647E+02
71.384  6.757152E+02
71.394  3.564627E+02
71.404  3.565392E+02
71.414  3.568880E+02
71.424  3.572367E+02
71.434  3.575853E+02
71.444  3.576616E+02
71.454  3.577330E+02
71.464  3.583584E+02
71.474  3.591342E+02
71.484  3.587779E+02
71.494  3.588540E+02
71.504  3.592020E+02
71.514  3.595499E+02
71.524  3.596210E+02
71.534  3.599688E+02
71.544  3.600398E+02
71.554  3.603923E+02
71.564  3.607398E+02
71.574  3.608107E+02
71.584  3.611581E+02
71.594  3.615053E+02
71.604  3.615761E+02
71.614  3.619232E+02
71.624  3.619939E+02
71.634  3.626220E+02
71.644  3.624114E+02
71.654  3.627582E+02
71.664  3.633908E+02
71.674  3.631754E+02
71.684  3.638126E+02
71.694  3.638732E+02
71.704  3.639387E+02
71.714  3.645707E+02
71.724  3.643552E+02
71.734  3.649821E+02
71.744  3.650523E+02
71.754  3.653982E+02
71.764  3.657489E+02
71.774  3.655286E+02
71.784  3.664452E+02
71.794  3.665005E+02
71.804  3.662899E+02
71.814  3.672398E+02
71.824  3.669953E+02
71.834  3.673309E+02
71.844  1.266219E+03
71.854  5.589376E+02
71.864  1.776987E+03
71.874  3.684406E+02
71.884  3.685053E+02
71.894  3.688549E+02
71.904  3.689147E+02
71.914  3.692641E+02
71.924  3.696135E+02
71.934  3.699628E+02
71.944  3.697376E+02
71.954  3.703763E+02
71.964  3.704358E+02
71.974  3.707896E+02
71.984  3.711385E+02
71.994  3.711979E+02
72.004  3.712572E+02
72.014  3.718952E+02
72.024  3.719689E+02
72.034  3.723174E+02
72.044  3.726561E+02
72.054  3.724261E+02
72.064  3.730635E+02
72.074  3.734116E+02
72.084  3.734706E+02
72.094  3.735296E+02
72.104  3.738775E+02
72.114  3.745190E+02
72.124  3.742841E+02
72.134  3.749254E+02
72.144  3.746906E+02
72.154  3.750381E+02
72.164  3.756838E+02
72.174  3.757376E+02
72.184  3.760848E+02
72.194  3.758451E+02
72.204  3.764904E+02
72.214  3.768422E+02
72.224  3.765977E+02
72.234  3.775407E+02
72.244  3.773106E+02
72.254  3.773496E+02
72.264  3.779942E+02
72.274  3.780476E+02
72.284  3.786918E+02
72.294  3.784473E+02
72.304  3.787984E+02
72.314  3.794567E+02
72.324  3.791978E+02
72.334  3.798462E+02
72.344  3.798945E+02
72.354  3.799476E+02
72.364  3.802934E+02
72.374  3.806438E+02
72.384  3.812581E+02
72.394  3.807401E+02
72.404  3.813925E+02
72.414  3.817379E+02
72.424  3.814886E+02
72.434  3.821358E+02
72.444  3.821837E+02
72.454  3.825336E+02
72.464  3.828833E+02
72.474  3.829311E+02
72.484  3.832759E+02
72.494  3.836254E+02
72.504  3.836730E+02
72.514  3.842570E+02
72.524  3.840652E+02
72.534  3.847207E+02
72.544  3.844619E+02
72.554  3.848109E+02
72.564  3.854613E+02
72.574  3.852025E+02
72.584  3.863358E+02
72.594  3.858999E+02
72.604  3.859424E+02
72.614  3.865970E+02
72.624  3.866394E+02
72.634  3.871360E+02
72.644  3.870301E+02
72.654  3.873783E+02
72.664  3.877264E+02
72.674  3.877686E+02
72.684  3.881166E+02
72.694  3.884644E+02
72.704  3.882391E+02
72.714  3.891598E+02
72.724  3.888915E+02
72.734  3.895493E+02
72.744  3.892810E+02
72.754  3.899386E+02
72.764  3.899757E+02
72.774  3.903229E+02
72.784  3.906701E+02
72.794  3.903970E+02
72.804  3.910588E+02
72.814  3.914056E+02
72.824  3.914902E+02
72.834  3.917940E+02
72.844  3.918546E+02
72.854  3.921774E+02
72.864  3.925239E+02
72.874  3.925605E+02
72.884  3.932213E+02
72.894  3.929435E+02
72.904  3.932897E+02
72.914  3.936739E+02
72.924  3.939865E+02
72.934  3.943324E+02
72.944  3.940546E+02
72.954  3.947146E+02
72.964  3.947461E+02
72.974  3.950965E+02
72.984  3.954468E+02
72.994  3.954782E+02
73.004  3.958236E+02
73.014  3.961736E+02
73.024  3.962145E+02
73.034  3.965691E+02
73.044  3.966052E+02
73.054  3.969549E+02
73.064  3.973093E+02
73.074  3.976636E+02
73.084  3.976994E+02
73.094  3.980536E+02
73.104  3.980894E+02
73.114  3.987616E+02
73.124  3.984791E+02
73.134  3.991511E+02
73.144  3.991867E+02
73.154  3.992176E+02
73.164  3.998939E+02
73.174  3.999247E+02
73.184  4.002781E+02
73.194  4.006314E+02
73.204  4.003442E+02
73.214  4.013472E+02
73.224  4.010505E+02
73.234  4.014035E+02
73.244  4.017565E+02
73.254  4.017869E+02
73.264  4.021397E+02
73.274  4.024971E+02
73.284  4.028497E+02
73.294  4.025531E+02
73.304  4.032324E+02
73.314  4.035847E+02
73.324  4.032882E+02
73.334  4.042938E+02
73.344  4.039973E+02
73.354  4.040227E+02
73.364  4.047012E+02
73.374  4.050578E+02
73.384  4.050830E+02
73.394  4.051083E+02
73.404  4.054599E+02
73.414  4.061425E+02
73.424  4.058413E+02
73.434  4.065237E+02
73.444  4.065771E+02
73.454  4.065690E+02
73.464  4.072558E+02
73.474  4.072760E+02
73.484  4.076316E+02
73.494  4.076565E+02
73.504  4.076766E+02
73.514  4.086934E+02
73.524  4.083828E+02
73.534  4.087381E+02
73.544  4.088100E+02
73.554  4.091132E+02
73.564  4.098175E+02
73.574  4.094834E+02
73.584  4.101733E+02
73.594  4.101931E+02
73.604  4.102128E+02
73.614  4.108977E+02
73.624  4.105825E+02
73.634  4.112718E+02
73.644  4.112914E+02
73.654  4.116410E+02
73.664  4.119952E+02
73.674  4.120147E+02
73.684  4.127034E+02
73.694  4.123835E+02
73.704  4.127375E+02
73.714  4.130913E+02
73.724  4.134403E+02
73.734  4.137940E+02
73.744  4.134977E+02
73.754  4.141620E+02
73.764  4.141764E+02
73.774  4.145298E+02
73.784  4.148831E+02
73.794  4.148974E+02
73.804  4.152505E+02
73.814  4.156035E+02
73.824  4.156178E+02
73.834  4.159707E+02
73.844  4.163234E+02
73.854  4.163329E+02
73.864  4.166855E+02
73.874  4.170381E+02
73.884  4.170521E+02
73.894  4.174045E+02
73.904  4.177568E+02
73.914  4.177660E+02
73.924  4.181182E+02
73.934  4.184702E+02
73.944  4.184794E+02
73.954  4.188313E+02
73.964  4.233990E+02
73.974  4.191922E+02
73.984  4.198912E+02
73.994  4.195528E+02
74.004  4.199044E+02
74.014  4.206030E+02
74.024  4.202647E+02
74.034  4.209631E+02
74.044  4.209719E+02
74.054  4.209760E+02
74.064  4.216740E+02
74.074  4.216827E+02
74.084  4.220335E+02
74.094  4.313074E+02
74.104  4.223882E+02
74.114  4.230902E+02
74.124  4.227474E+02
74.134  4.230979E+02
74.144  4.234530E+02
74.154  4.234567E+02
74.164  4.241581E+02
74.174  4.238107E+02
74.184  4.245165E+02
74.194  4.245155E+02
74.204  4.252257E+02
74.214  4.252246E+02
74.224  4.248725E+02
74.234  4.259286E+02
74.244  4.256093E+02
74.254  4.259355E+02
74.264  4.262849E+02
74.274  4.266389E+02
74.284  4.266376E+02
74.294  4.269914E+02
74.304  4.269901E+02
74.314  4.276942E+02
74.324  4.276928E+02
74.334  4.280463E+02
74.344  4.282690E+02
74.354  4.280432E+02
74.364  4.287515E+02
74.374  4.287452E+02
74.384  4.315725E+02
74.394  4.290967E+02
74.404  4.294497E+02
74.414  4.301573E+02
74.424  4.297962E+02
74.434  4.308254E+02
74.444  4.305157E+02
74.454  4.304952E+02
74.464  4.312068E+02
74.474  4.312002E+02
74.484  4.315525E+02
74.494  1.134474E+04
74.504  4.318981E+02
74.514  4.326137E+02
74.524  4.322435E+02
74.534  4.325955E+02
74.544  4.329520E+02
74.554  4.329452E+02
74.564  4.336648E+02
74.574  4.342073E+02
74.584  9.056742E+02
74.594  4.340071E+02
74.604  4.343678E+02
74.614  4.347238E+02
74.624  4.347214E+02
74.634  4.379944E+02
74.644  4.354283E+02
74.654  4.354212E+02
74.664  4.357768E+02
74.674  4.361323E+02
74.684  4.361250E+02
74.694  5.563277E+03
74.704  4.368356E+02
74.714  4.371954E+02
74.724  4.368163E+02
74.734  4.379055E+02
74.744  4.375310E+02
74.754  4.378859E+02
74.764  4.383661E+02
74.774  4.382378E+02
74.784  4.389778E+02
74.794  4.386081E+02
74.804  4.389812E+02
74.814  4.397208E+02
74.824  4.399869E+02
74.834  4.327173E+04
74.844  4.400920E+02
74.854  4.400935E+02
74.864  4.408372E+02
74.874  4.408339E+02
74.884  4.415773E+02
74.894  4.412030E+02
74.904  4.415753E+02
74.914  4.423367E+02
74.924  4.420831E+02
74.934  4.428906E+02
74.944  4.428269E+02
74.954  4.461312E+02
74.964  4.436491E+02
74.974  4.436871E+02
74.984  4.441003E+02
74.994  4.977057E+02
75.004  4.445884E+02
75.014  4.621101E+02
75.024  5.355521E+04
75.034  4.460257E+02
75.044  4.461282E+02
75.054  4.462307E+02
75.064  4.471057E+02
75.074  4.468473E+02
75.084  4.477220E+02
75.094  4.482218E+02
75.104  4.479634E+02
75.114  4.492259E+02
75.124  4.489627E+02
75.134  4.494668E+02
75.144  4.499661E+02
75.154  4.500818E+02
75.164  4.509643E+02
75.174  4.507011E+02
75.184  4.515834E+02
75.194  4.516988E+02
75.204  4.522020E+02
75.214  4.527005E+02
75.224  4.528158E+02
75.234  4.533140E+02
75.244  4.534292E+02
75.254  4.543148E+02
75.264  4.544298E+02
75.274  4.640245E+02
75.284  4.554299E+02
75.294  4.555446E+02
75.304  4.560421E+02
75.314  4.565394E+02
75.324  4.562622E+02
75.334  4.575429E+02
75.344  4.572610E+02
75.354  4.577625E+02
75.364  4.582592E+02
75.374  2.218042E+04
75.384  4.588701E+02
75.394  4.593665E+02
75.404  4.596371E+02
75.414  4.603682E+02
75.424  4.604775E+02
75.434  4.609688E+02
75.444  4.610918E+02
75.454  4.615829E+02
75.464  4.624881E+02
75.474  4.621968E+02
75.484  4.626875E+02
75.494  4.631782E+02
75.504  4.633008E+02
75.514  4.641591E+02
75.524  4.642816E+02
75.534  4.647718E+02
75.544  4.648941E+02
75.554  4.653841E+02
75.564  4.658740E+02
75.574  4.659961E+02
75.584  4.664857E+02
75.594  4.670212E+02
75.604  4.670972E+02
75.614  4.679998E+02
75.624  4.677083E+02
75.634  4.687484E+02
75.644  4.686864E+02
75.654  4.691752E+02
75.664  4.696639E+02
75.674  4.697854E+02
75.684  4.707327E+02
75.694  4.703494E+02
75.704  4.708835E+02
75.714  4.718762E+02
75.724  4.714470E+02
75.734  4.723476E+02
75.744  4.724686E+02
75.754  4.729563E+02
75.764  4.734439E+02
75.774  4.735189E+02
75.784  4.740521E+02
75.794  4.745393E+02
75.804  4.746141E+02
75.814  4.751927E+02
75.824  4.756338E+02
75.834  4.757085E+02
75.844  4.761951E+02
75.854  4.767275E+02
75.864  1.124377E+03
75.874  4.772883E+02
75.884  4.777745E+02
75.894  4.778946E+02
75.904  4.783806E+02
75.914  4.792781E+02
75.924  4.789406E+02
75.934  4.798836E+02
75.944  5.131527E+03
75.954  4.800315E+02
75.964  4.809740E+02
75.974  4.810478E+02
75.984  4.819441E+02
75.994  4.816066E+02
76.004  4.821371E+02
76.014  4.826219E+02
76.024  3.956979E+03
76.034  4.831800E+02
76.044  2.406312E+03
76.054  4.841943E+02
76.064  4.846785E+02
76.074  4.843409E+02
76.084  4.856921E+02
76.094  4.855370E+02
76.104  4.858382E+02
76.114  1.081633E+03
76.124  4.868509E+02
76.134  4.869238E+02
76.144  4.874071E+02
76.154  4.878903E+02
76.164  4.884189E+02
76.174  4.880357E+02
76.184  4.893846E+02
76.194  4.890469E+02
76.204  6.222215E+03
76.214  4.900576E+02
76.224  4.905400E+02
76.234  4.906123E+02
76.244  4.910944E+02
76.254  4.916220E+02
76.264  4.921495E+02
76.274  4.921760E+02
76.284  4.931129E+02
76.294  4.927752E+02
76.304  4.932567E+02
76.314  4.937381E+02
76.324  4.938099E+02
76.334  3.523723E+04
76.344  4.948176E+02
76.354  4.948892E+02
76.364  4.957793E+02
76.374  4.958508E+02
76.384  4.963769E+02
76.394  4.968574E+02
76.404  4.969287E+02
76.414  4.974089E+02
76.424  4.974802E+02
76.434  6.774549E+04
76.444  4.984856E+02
76.454  4.985567E+02
76.464  4.994905E+02
76.474  4.995160E+02
76.484  5.000409E+02
76.494  5.005203E+02
76.504  5.005910E+02
76.514  6.589112E+05
76.524  5.011409E+02
76.534  5.020735E+02
76.544  5.021440E+02
76.554  5.022145E+02
76.564  5.031467E+02
76.574  5.031717E+02
76.584  5.041488E+02
76.594  5.037203E+02
76.604  5.042439E+02
76.614  5.047219E+02
76.624  5.052452E+02
76.634  5.057230E+02
76.644  5.053399E+02
76.654  5.062705E+02
76.664  5.067933E+02
76.674  5.068178E+02
76.684  5.073404E+02
76.694  5.078175E+02
76.704  5.078871E+02
76.714  5.083641E+02
76.724  5.088862E+02
76.734  5.089104E+02
76.744  5.094323E+02
76.754  5.102255E+02
76.764  5.103852E+02
76.774  5.104544E+02
76.784  5.109306E+02
76.794  5.114519E+02
76.804  5.114757E+02
76.814  5.119968E+02
76.824  5.124726E+02
76.834  5.129934E+02
76.844  5.130170E+02
76.854  5.130858E+02
76.864  5.140581E+02
76.874  5.140816E+02
76.884  5.150083E+02
76.894  5.145801E+02
76.904  5.155517E+02
76.914  5.155749E+02
76.924  5.160947E+02
76.934  5.183747E+02
76.944  5.166375E+02
76.954  5.171119E+02
76.964  5.176312E+02
76.974  5.176542E+02
76.984  5.181282E+02
76.994  5.186472E+02
77.004  5.186700E+02
77.014  5.196397E+02
77.024  5.196624E+02
77.034  5.201810E+02
77.044  9.015450E+03
77.054  5.207219E+02
77.064  5.211950E+02
77.074  5.212175E+02
77.084  5.221860E+02
77.094  5.217579E+02
77.104  5.227261E+02
77.114  5.227483E+02
77.124  5.232659E+02
77.134  5.237382E+02
77.144  5.237604E+02
77.154  6.061889E+02
77.164  5.252446E+02
77.174  5.248166E+02
77.184  5.274929E+02
77.194  6.884634E+02
77.204  5.262768E+02
77.214  5.267933E+02
77.224  5.305472E+02
77.234  7.724061E+02
77.244  5.273080E+02
77.254  5.278240E+02
77.264  5.289242E+02
77.274  5.283165E+02
77.284  1.933181E+03
77.294  1.217280E+03
77.304  5.293692E+02
77.314  5.303338E+02
77.324  5.303550E+02
77.334  5.313192E+02
77.344  5.308464E+02
77.354  5.313613E+02
77.364  5.323250E+02
77.374  5.318523E+02
77.384  5.328605E+02
77.394  5.328365E+02
77.404  5.333509E+02
77.414  5.338651E+02
77.424  5.338858E+02
77.434  5.348483E+02
77.444  5.343757E+02
77.454  1.029475E+03
77.464  5.353584E+02
77.474  5.358719E+02
77.484  5.363406E+02
77.494  5.363610E+02
77.504  5.368742E+02
77.514  5.373425E+02
77.524  5.373628E+02
77.534  5.383683E+02
77.544  5.383437E+02
77.554  5.383638E+02
77.564  5.393688E+02
77.574  5.418955E+02
77.584  5.398564E+02
77.594  7.982687E+03
77.604  5.403437E+02
77.614  5.416610E+02
77.624  5.408755E+02
77.634  5.439815E+02
77.644  5.418542E+02
77.654  5.423210E+02
77.664  5.428324E+02
77.674  5.428520E+02
77.684  5.438549E+02
77.694  5.433379E+02
77.704  5.438489E+02
77.714  5.448513E+02
77.724  5.443345E+02
77.734  5.453365E+02
77.744  5.453110E+02
77.754  5.458215E+02
77.764  5.463318E+02
77.774  5.463062E+02
77.784  5.473074E+02
77.794  5.467906E+02
77.804  5.477915E+02
77.814  5.478103E+02
77.824  5.485431E+02
77.834  5.487849E+02
77.844  5.488036E+02
77.854  5.492683E+02
77.864  5.502681E+02
77.874  5.497515E+02
77.884  5.507510E+02
77.894  5.502791E+02
77.904  5.512782E+02
77.914  5.517422E+02
77.924  5.517606E+02
77.934  5.522244E+02
77.944  5.522427E+02
77.954  5.527955E+02
77.964  5.537044E+02
77.974  1.599667E+03
77.984  9.512795E+03
77.994  7.118099E+03
78.004  1.032900E+03
78.014  5.551744E+02
78.024  5.551923E+02
78.034  4.760025E+03
78.044  5.556729E+02
78.054  5.566694E+02
78.064  5.566426E+02
78.074  5.571495E+02
78.084  5.576562E+02
78.094  5.576293E+02
78.104  5.581359E+02
78.114  5.585979E+02
78.124  5.591042E+02
78.134  5.592104E+02
78.144  5.595832E+02
78.154  5.600892E+02
78.164  5.600619E+02
78.174  5.605677E+02
78.184  5.615620E+02
78.194  5.610461E+02
78.204  5.615072E+02
78.214  5.625453E+02
78.224  5.619851E+02
78.234  5.674613E+02
78.244  5.629953E+02
78.254  5.634558E+02
78.264  5.639606E+02
78.274  5.639329E+02
78.284  5.649698E+02
78.294  5.691553E+02
78.304  5.649142E+02
78.314  5.659062E+02
78.324  5.658783E+02
78.334  5.663823E+02
78.344  5.663543E+02
78.354  5.668582E+02
78.364  5.673619E+02
78.374  5.678212E+02
78.384  5.683246E+02
78.394  5.677649E+02
78.404  5.687997E+02
78.414  5.693028E+02
78.424  5.692745E+02
78.434  5.697332E+02
78.444  5.702360E+02
78.454  5.702076E+02
78.464  5.707102E+02
78.474  5.712128E+02
78.484  5.717151E+02
78.494  5.716423E+02
78.504  5.721445E+02
78.514  5.726466E+02
78.524  5.727063E+02
78.534  5.736503E+02
78.544  5.736215E+02
78.554  5.735485E+02
78.564  5.749782E+02
78.574  5.745515E+02
78.584  5.750528E+02
78.594  5.749797E+02
78.604  5.754808E+02
78.614  5.765119E+02
78.624  5.759527E+02
78.634  5.769835E+02
78.644  1.321648E+05
78.654  5.774107E+02
78.664  5.779111E+02
78.674  5.778818E+02
78.684  5.789558E+02
78.694  5.783086E+02
78.704  5.788086E+02
78.714  5.798380E+02
78.724  5.798084E+02
78.734  5.803081E+02
78.744  5.802344E+02
78.754  5.819685E+02
78.764  5.817624E+02
78.774  9.610468E+05
78.784  5.822317E+02
78.794  5.821578E+02
78.804  5.822602E+02
78.814  5.831556E+02
78.824  5.831257E+02
78.834  5.841529E+02
78.844  5.835503E+02
78.854  5.840488E+02
78.864  5.850755E+02
78.874  5.850453E+02
78.884  5.854994E+02
78.894  5.854692E+02
78.904  5.859671E+02
78.914  5.864649E+02
78.924  5.863906E+02
78.934  5.888678E+02
78.944  5.873856E+02
78.954  5.873113E+02
78.964  5.883802E+02
78.974  5.883057E+02
78.984  5.888028E+02
78.994  5.892997E+02
79.004  5.892251E+02
79.014  1.866024E+05
79.024  2.467519E+05
79.034  5.907149E+02
79.044  5.906402E+02
79.054  5.911365E+02
79.064  5.916327E+02
79.074  5.921287E+02
79.084  5.920538E+02
79.094  5.925497E+02
79.104  5.930455E+02
79.114  5.929705E+02
79.124  5.934661E+02
79.134  5.945320E+02
79.144  5.939303E+02
79.154  5.943817E+02
79.164  5.954471E+02
79.174  5.948456E+02
79.184  5.958668E+02
79.194  5.958793E+02
79.204  5.962863E+02
79.214  5.967809E+02
79.224  5.972753E+02
79.234  5.971999E+02
79.244  5.976942E+02
79.254  5.976188E+02
79.264  5.986824E+02
79.274  5.986507E+02
79.284  5.991008E+02
79.294  5.995945E+02
79.304  5.995189E+02
79.314  6.000125E+02
79.324  6.005059E+02
79.334  6.009992E+02
79.344  6.009235E+02
79.354  6.011540E+02
79.364  6.022159E+02
79.374  6.018775E+02
79.384  6.029390E+02
79.394  6.025569E+02
79.404  6.030495E+02
79.414  6.038481E+02
79.424  6.034660E+02
79.434  6.045266E+02
79.444  6.044505E+02
79.454  6.046804E+02
79.464  6.054782E+02
79.474  6.053584E+02
79.484  6.061559E+02
79.494  6.060797E+02
79.504  6.065712E+02
79.514  6.070627E+02
79.524  6.072920E+02
79.534  6.077832E+02
79.544  6.079687E+02
79.554  6.081978E+02
79.564  6.086888E+02
79.574  6.088741E+02
79.584  6.096702E+02
79.594  6.096372E+02
79.604  6.098224E+02
79.614  6.106181E+02
79.624  6.105850E+02
79.634  6.113804E+02
79.644  6.113037E+02
79.654  6.117937E+02
79.664  7.382534E+02
79.674  8.152586E+02
79.684  6.133500E+02
79.694  6.129680E+02
79.704  6.134575E+02
79.714  6.142953E+02
79.724  6.142182E+02
79.734  6.150558E+02
79.744  6.150222E+02
79.754  6.152934E+02
79.764  6.161304E+02
79.774  6.164014E+02
79.784  6.169770E+02
79.794  6.169432E+02
79.804  6.175186E+02
79.814  6.180503E+02
79.824  6.183209E+02
79.834  6.192438E+02
79.844  6.190358E+02
79.854  6.202628E+02
79.864  6.203591E+02
79.874  6.210204E+02
79.884  6.213774E+02
79.894  6.220385E+02
79.904  6.221779E+02
79.914  6.231429E+02
79.924  6.235428E+02
79.934  6.242468E+02
79.944  6.246465E+02
79.954  6.250461E+02
79.964  6.257496E+02
79.974  6.261489E+02
79.984  6.271560E+02
79.994  6.272512E+02
80.004  6.276503E+02
80.014  6.283530E+02
80.024  6.293593E+02
80.034  6.298013E+02
80.044  6.298961E+02
80.054  6.305982E+02
80.064  6.309965E+02
80.074  6.320018E+02
80.084  6.327034E+02
80.094  6.324943E+02
80.104  6.331956E+02
80.114  6.338968E+02
80.124  6.345977E+02
80.134  6.352985E+02
80.144  6.353926E+02
80.154  6.360931E+02
80.164  6.364902E+02
80.174  6.374936E+02
80.184  6.378905E+02
80.194  6.382872E+02
80.204  6.386406E+02
80.214  6.390372E+02
80.224  1.451787E+03
80.234  6.407821E+02
80.244  6.435583E+02
80.254  6.415743E+02
80.264  6.419270E+02
80.274  6.426257E+02
80.284  6.433674E+02
80.294  6.437197E+02
80.304  6.441152E+02
80.314  6.445106E+02
80.324  6.455544E+02
80.334  6.462521E+02
80.344  6.459987E+02
80.354  6.469987E+02
80.364  6.470910E+02
80.374  6.484362E+02
80.384  6.487875E+02
80.394  6.488796E+02
80.404  6.495763E+02
80.414  6.499705E+02
80.424  6.509691E+02
80.434  6.513630E+02
80.444  6.517569E+02
80.454  6.521506E+02
80.464  6.528464E+02
80.474  6.536282E+02
80.484  6.542373E+02
80.494  6.543286E+02
80.504  6.550237E+02
80.514  6.553736E+02
80.524  6.564566E+02
80.534  6.568062E+02
80.544  6.571989E+02
80.554  6.575484E+02
80.564  6.579409E+02
80.574  6.592814E+02
80.584  6.596736E+02
80.594  6.597641E+02
80.604  6.601561E+02
80.614  6.608065E+02
80.624  6.618443E+02
80.634  6.621929E+02
80.644  6.625844E+02
80.654  6.629758E+02
80.664  6.633672E+02
80.674  6.643610E+02
80.684  6.650533E+02
80.694  6.651000E+02
80.704  6.654909E+02
80.714  6.661828E+02
80.724  6.672187E+02
80.734  6.676092E+02
80.744  6.679565E+02
80.754  6.683468E+02
80.764  6.686940E+02
80.774  6.697290E+02
80.784  6.704627E+02
80.794  6.704657E+02
80.804  6.708554E+02
80.814  6.715459E+02
80.824  6.725798E+02
80.834  6.729691E+02
80.844  6.730147E+02
80.854  6.737045E+02
80.864  6.740506E+02
80.874  6.750836E+02
80.884  6.758158E+02
80.894  6.758611E+02
80.904  6.762067E+02
80.914  6.768956E+02
80.924  6.779276E+02
80.934  6.783158E+02
80.944  6.783607E+02
80.954  6.790490E+02
80.964  7.603672E+03
80.974  6.805537E+02
80.984  6.811557E+02
80.994  6.811574E+02
81.004  6.815448E+02
81.014  6.822322E+02
81.024  6.832623E+02
81.034  6.836493E+02
81.044  6.839506E+02
81.054  6.843803E+02
81.064  6.847242E+02
81.074  6.857962E+02
81.084  6.864825E+02
81.094  6.864834E+02
81.104  6.868698E+02
81.114  6.875556E+02
81.124  6.882414E+02
81.134  6.893121E+02
81.144  6.889704E+02
81.154  6.896557E+02
81.164  6.900413E+02
81.174  6.910685E+02
81.184  6.917961E+02
81.194  6.917964E+02
81.204  6.921388E+02
81.214  6.928660E+02
81.224  6.935502E+02
81.234  6.945762E+02
81.244  6.942770E+02
81.254  6.949608E+02
81.264  6.953026E+02
81.274  6.963706E+02
81.284  6.970539E+02
81.294  6.970535E+02
81.304  6.974376E+02
81.314  6.981205E+02
81.324  6.991875E+02
81.334  6.995285E+02
81.344  6.995279E+02
81.354  7.002102E+02
81.364  7.009350E+02
81.374  7.016169E+02
81.384  7.019574E+02
81.394  7.026817E+02
81.404  7.030220E+02
81.414  7.033621E+02
81.424  7.044272E+02
81.434  7.047671E+02
81.444  7.047658E+02
81.454  7.054893E+02
81.464  7.061699E+02
81.474  7.080438E+02
81.484  7.075734E+02
81.494  7.075717E+02
81.504  1.418506E+03
81.514  7.085909E+02
81.524  7.096540E+02
81.534  7.099929E+02
81.544  7.103316E+02
81.554  7.107129E+02
81.564  7.113921E+02
81.574  7.121136E+02
81.584  7.127925E+02
81.594  1.191686E+04
81.604  7.131284E+02
81.614  7.141898E+02
81.624  7.145277E+02
81.634  7.155887E+02
81.644  7.152458E+02
81.654  7.162639E+02
81.664  7.162612E+02
81.674  7.695305E+02
81.684  7.182114E+02
81.694  7.179960E+02
81.704  7.186731E+02
81.714  7.190101E+02
81.724  7.236809E+02
81.734  7.204061E+02
81.744  7.207427E+02
81.754  7.210793E+02
81.764  7.217980E+02
81.774  7.366569E+02
81.784  7.422987E+02
81.794  7.481089E+02
81.804  7.238646E+02
81.814  2.200359E+03
81.824  8.071199E+02
81.834  7.259330E+02
81.844  7.259292E+02
81.854  7.262647E+02
81.864  7.269819E+02
81.874  7.280382E+02
81.884  7.283310E+02
81.894  7.407928E+02
81.904  7.290010E+02
81.914  7.293360E+02
81.924  7.307728E+02
81.934  7.307260E+02
81.944  7.321624E+02
81.954  7.317764E+02
81.964  7.321108E+02
81.974  7.331652E+02
81.984  7.334993E+02
81.994  7.338334E+02
82.004  7.341673E+02
82.014  7.348399E+02
82.024  7.355547E+02
82.034  7.362269E+02
82.044  7.362218E+02
82.054  7.368938E+02
82.064  7.372272E+02
82.074  7.382797E+02
82.084  7.389935E+02
82.094  7.389458E+02
82.104  7.392787E+02
82.114  7.399499E+02
82.124  7.429887E+02
82.134  7.413762E+02
82.144  7.413282E+02
82.154  7.419988E+02
82.164  7.427115E+02
82.174  7.434240E+02
82.184  7.437138E+02
82.194  7.444260E+02
82.204  7.443777E+02
82.214  7.450474E+02
82.224  7.461392E+02
82.234  7.468508E+02
82.244  7.468022E+02
82.254  7.470914E+02
82.264  7.478025E+02
82.274  7.485558E+02
82.284  7.491822E+02
82.294  7.491333E+02
82.304  7.498017E+02
82.314  7.501325E+02
82.324  7.563684E+02
82.334  7.519325E+02
82.344  7.518412E+02
82.354  7.521715E+02
82.364  7.541039E+02
82.374  7.539280E+02
82.384  7.542580E+02
82.394  7.541664E+02
82.404  7.548756E+02
82.414  7.555845E+02
82.424  7.562933E+02
82.434  7.569598E+02
82.444  7.569101E+02
82.454  7.575763E+02
82.464  7.579055E+02
82.474  7.589925E+02
82.484  7.593215E+02
82.494  7.596083E+02
82.504  7.599371E+02
82.514  7.606025E+02
82.524  7.613098E+02
82.534  7.620169E+02
82.544  7.623032E+02
82.554  7.626315E+02
82.564  7.630438E+02
82.574  7.640027E+02
82.584  7.647091E+02
82.594  7.646165E+02
82.604  7.651124E+02
82.614  7.656503E+02
82.624  7.668184E+02
82.634  7.670198E+02
82.644  7.673892E+02
82.654  7.676324E+02
82.664  7.683377E+02
82.674  7.692528E+02
82.684  7.697057E+02
82.694  7.700325E+02
82.704  7.699394E+02
82.714  7.710218E+02
82.724  7.717261E+02
82.734  7.720106E+02
82.744  7.723369E+02
82.754  7.729989E+02
82.764  7.733250E+02
82.774  7.744062E+02
82.784  7.746902E+02
82.794  7.745966E+02
82.804  7.752999E+02
82.814  7.760029E+02
82.824  7.767058E+02
82.834  7.774085E+02
82.844  7.786559E+02
82.854  7.775980E+02
82.864  7.786775E+02
82.874  7.793797E+02
82.884  7.796627E+02
82.894  7.799875E+02
82.904  7.806474E+02
82.914  7.809720E+02
82.924  7.816735E+02
82.934  7.823329E+02
82.944  7.826572E+02
82.954  7.829396E+02
82.964  7.836404E+02
82.974  7.843411E+02
82.984  7.850417E+02
82.994  7.849052E+02
83.004  7.856055E+02
83.014  7.858873E+02
83.024  7.870056E+02
83.034  7.877054E+02
83.044  7.875687E+02
83.054  7.878502E+02
83.064  7.885496E+02
83.074  7.896668E+02
83.084  7.899479E+02
83.094  7.902290E+02
83.104  7.905099E+02
83.114  7.912086E+02
83.124  7.919071E+02
83.134  7.926055E+02
83.144  7.924684E+02
83.154  7.931665E+02
83.164  7.934469E+02
83.174  7.945622E+02
83.184  7.952599E+02
83.194  7.951225E+02
83.204  7.954443E+02
83.214  7.960998E+02
83.224  7.972142E+02
83.234  7.974938E+02
83.244  7.977735E+02
83.254  7.980530E+02
83.264  7.987495E+02
83.274  2.870449E+05
83.284  8.001421E+02
83.294  9.015161E+05
83.304  8.007003E+02
83.314  8.009793E+02
83.324  8.020917E+02
83.334  5.750266E+05
83.344  8.026492E+02
83.354  8.029278E+02
83.364  8.040394E+02
83.374  7.849096E+05
83.384  8.054290E+02
83.394  8.052908E+02
83.404  8.055690E+02
83.414  8.062633E+02
83.424  8.069575E+02
83.434  8.076516E+02
83.444  8.648984E+05
83.454  8.082070E+02
83.464  8.102319E+02
83.474  8.100101E+02
83.484  8.098715E+02
83.494  8.101072E+02
83.504  4.158792E+04
83.514  4.166610E+04
83.524  8.122275E+02
83.534  1.218590E+05
83.544  8.127396E+02
83.554  8.130164E+02
83.564  8.137086E+02
83.574  8.148577E+02
83.584  8.151757E+02
83.594  8.153689E+02
83.604  8.156452E+02
83.614  8.159214E+02
83.624  8.174433E+02
83.634  8.177192E+02
83.644  8.175384E+02
83.654  2.524465E+03
83.664  8.185051E+02
83.674  8.200673E+02
83.684  8.198863E+02
83.694  8.201617E+02
83.704  8.208519E+02
83.714  8.211272E+02
83.724  8.222319E+02
83.734  8.237925E+02
83.744  8.227819E+02
83.754  8.230153E+02
83.764  8.237462E+02
83.774  8.248499E+02
83.784  8.251659E+02
83.794  8.249431E+02
83.804  8.260877E+02
83.814  8.259063E+02
83.824  8.270091E+02
83.834  8.277388E+02
83.844  8.285512E+02
83.854  8.277898E+02
83.864  8.289333E+02
83.874  8.296211E+02
83.884  8.298947E+02
83.894  8.301269E+02
83.904  8.309799E+02
83.914  8.310877E+02
83.924  8.322300E+02
83.934  8.324618E+02
83.944  8.327349E+02
83.954  8.329666E+02
83.964  8.336945E+02
83.974  8.347944E+02
83.984  8.350671E+02
83.994  8.348850E+02
84.004  8.355710E+02
84.014  8.362569E+02
84.024  8.369426E+02
84.034  8.376281E+02
84.044  8.374458E+02
84.054  8.381311E+02
84.064  8.388162E+02
84.074  8.395425E+02
84.084  8.397730E+02
84.094  8.400447E+02
84.104  8.407293E+02
84.114  8.409596E+02
84.124  8.420980E+02
84.134  8.423693E+02
84.144  8.425994E+02
84.154  8.428293E+02
84.164  8.435544E+02
84.174  8.446917E+02
84.184  8.449214E+02
84.194  8.446973E+02
84.204  8.458754E+02
84.214  8.456512E+02
84.224  8.472412E+02
84.234  8.470581E+02
84.244  8.477407E+02
84.254  8.547289E+02
84.264  8.481989E+02
84.274  8.493755E+02
84.284  8.500575E+02
84.294  8.498331E+02
84.304  8.505149E+02
84.314  8.507847E+02
84.324  8.519192E+02
84.334  8.521476E+02
84.344  8.523759E+02
84.354  8.530981E+02
84.364  8.533263E+02
84.374  8.540071E+02
84.384  8.551815E+02
84.394  8.545042E+02
84.404  8.555137E+02
84.414  8.558649E+02
84.424  8.570385E+02
84.434  8.572660E+02
84.444  8.570412E+02
84.454  8.577209E+02
84.464  8.584004E+02
84.474  8.591210E+02
84.484  8.598002E+02
84.494  8.595751E+02
84.504  8.602542E+02
84.514  8.605222E+02
84.524  8.616528E+02
84.534  8.623313E+02
84.544  8.621061E+02
84.554  8.628255E+02
84.564  8.630520E+02
84.574  8.641817E+02
84.584  8.644079E+02
84.594  8.646341E+02
84.604  8.648603E+02
84.614  8.655788E+02
84.624  8.667075E+02
84.634  8.669334E+02
84.644  8.671591E+02
84.654  8.673848E+02
84.664  8.681027E+02
84.674  8.687793E+02
84.684  8.694968E+02
84.694  8.697222E+02
84.704  8.699474E+02
84.714  8.701317E+02
84.724  8.712995E+02
84.734  8.720163E+02
84.744  8.717495E+02
84.754  8.724660E+02
84.764  8.731414E+02
84.774  8.738167E+02
84.784  8.740413E+02
84.794  8.742658E+02
84.804  8.787487E+02
84.814  8.751651E+02
84.824  8.763309E+02
84.834  8.770463E+02
84.844  8.767792E+02
84.854  8.770032E+02
84.864  8.776773E+02
84.874  8.788422E+02
84.884  8.790659E+02
84.894  8.792896E+02
84.904  8.795132E+02
84.914  8.801866E+02
84.924  8.891602E+02
84.934  8.820644E+02
84.944  8.813065E+02
84.954  8.820203E+02
84.964  8.826930E+02
84.974  8.834064E+02
84.984  8.840788E+02
84.994  8.843016E+02
85.004  8.840342E+02
85.014  8.851964E+02
85.024  8.859091E+02
85.034  8.865808E+02
85.044  8.863132E+02
85.054  8.869847E+02
85.064  8.872070E+02
85.074  8.883680E+02
85.084  8.890798E+02
85.094  8.888121E+02
85.104  8.894829E+02
85.114  8.897048E+02
85.124  8.908648E+02
85.134  8.910865E+02
85.144  8.913081E+02
85.154  8.914889E+02
85.164  8.921996E+02
85.174  8.933587E+02
85.184  8.935800E+02
85.194  8.937604E+02
85.204  8.939815E+02
85.214  1.070729E+03
85.224  8.958497E+02
85.234  8.960298E+02
85.244  8.962505E+02
85.254  8.964305E+02
85.264  8.966512E+02
85.274  8.983377E+02
85.284  8.985174E+02
85.294  8.982492E+02
85.304  8.989173E+02
85.314  8.996260E+02
85.324  9.002938E+02
85.334  9.010022E+02
85.344  9.006931E+02
85.354  9.014013E+02
85.364  9.020685E+02
85.374  9.027763E+02
85.384  9.029553E+02
85.394  9.036628E+02
85.404  9.033537E+02
85.414  9.045489E+02
85.424  9.052153E+02
85.434  9.054345E+02
85.444  9.056130E+02
85.454  9.063198E+02
85.464  9.064981E+02
85.474  9.409236E+02
85.484  1.037775E+03
85.494  9.080890E+02
85.504  9.216687E+02
85.514  9.084045E+02
85.524  9.072426E+02
85.534  9.064870E+02
85.544  9.037425E+02
85.554  9.029875E+02
85.564  9.012587E+02
85.574  9.000172E+02
85.584  8.987760E+02
85.594  8.970482E+02
85.604  8.952803E+02
85.614  8.940401E+02
85.624  8.928002E+02
85.634  8.915605E+02
85.644  8.898346E+02
85.654  8.881091E+02
85.664  8.868300E+02
85.674  9.113690E+02
85.684  8.843535E+02
85.694  8.821432E+02
85.704  8.809058E+02
85.714  8.796687E+02
85.724  8.783914E+02
85.734  8.771549E+02
85.744  8.749467E+02
85.754  8.737109E+02
85.764  8.724754E+02
85.774  8.713616E+02
85.784  8.754293E+02
85.794  8.683253E+02
85.804  2.558214E+04
85.814  8.652904E+02
85.824  8.640162E+02
85.834  8.940950E+02
85.844  8.605789E+02
85.854  7.516398E+04
85.864  8.576285E+02
85.874  8.568412E+02
85.884  8.556094E+02
85.894  8.534480E+02
85.904  8.516913E+02
85.914  8.505009E+02
85.924  8.496745E+02
85.934  8.479593E+02
85.944  8.462446E+02
85.954  8.450149E+02
85.964  8.433009E+02
85.974  8.425162E+02
85.984  8.408028E+02
85.994  8.395744E+02
86.004  8.373773E+02
86.014  8.361496E+02
86.024  8.407752E+02
86.034  8.342600E+02
86.044  1.043047E+03
86.054  8.391505E+02
86.064  8.285224E+02
86.074  8.281841E+02
86.084  8.265147E+02
86.094  8.248054E+02
86.104  8.230965E+02
86.114  8.279204E+02
86.124  8.206072E+02
86.134  8.193428E+02
86.144  8.176756E+02
86.154  8.159282E+02
86.164  8.142619E+02
86.174  8.139256E+02
86.184  8.122195E+02
86.194  8.100707E+02
86.204  8.088086E+02
86.214  8.075870E+02
86.224  8.063255E+02
86.234  8.050642E+02
86.244  8.029175E+02
86.254  8.016972E+02
86.264  8.004369E+02
86.274  7.992171E+02
86.284  7.979574E+02
86.294  7.958128E+02
86.304  7.945537E+02
86.314  7.928927E+02
86.324  7.920768E+02
86.334  7.908187E+02
86.344  7.887163E+02
86.354  7.874588E+02
86.364  7.862016E+02
86.374  7.849448E+02
86.384  7.832862E+02
86.394  7.815878E+02
86.404  7.803319E+02
86.414  7.786745E+02
86.424  7.778611E+02
86.434  7.766061E+02
86.444  7.745078E+02
86.454  7.732534E+02
86.464  7.715576E+02
86.474  7.707456E+02
86.484  7.694921E+02
86.494  7.673958E+02
86.504  7.657014E+02
86.514  7.644891E+02
86.524  7.636783E+02
86.534  7.624264E+02
86.544  7.602920E+02
86.554  7.586395E+02
86.564  7.573886E+02
86.574  7.565791E+02
86.584  7.553287E+02
86.594  7.532365E+02
86.604  7.515457E+02
86.614  7.502963E+02
86.624  7.494882E+02
86.634  7.477984E+02
86.644  7.461491E+02
86.654  7.449009E+02
86.664  7.432523E+02
86.674  7.420047E+02
86.684  7.411580E+02
86.694  7.390699E+02
86.704  7.374227E+02
86.714  7.361764E+02
86.724  7.353307E+02
86.734  7.336846E+02
86.744  7.319988E+02
86.754  7.303534E+02
86.764  7.291086E+02
86.774  7.282643E+02
86.784  7.266199E+02
86.794  7.249759E+02
86.804  7.232922E+02
86.814  7.220490E+02
86.824  7.455221E+02
86.834  7.195633E+02
86.844  7.179210E+02
86.854  7.162392E+02
86.864  7.149974E+02
86.874  7.137560E+02
86.884  7.125148E+02
86.894  7.108743E+02
86.904  7.092342E+02
86.914  7.079540E+02
86.924  7.071136E+02
86.934  7.054745E+02
86.944  7.038357E+02
86.954  7.021974E+02
86.964  7.009187E+02
86.974  6.996803E+02
86.984  6.984422E+02
86.994  6.968052E+02
87.004  6.951686E+02
87.014  6.938915E+02
87.024  6.930537E+02
87.034  6.914180E+02
87.044  6.893839E+02
87.054  6.881479E+02
87.064  6.868724E+02
87.074  6.860358E+02
87.084  6.844019E+02
87.094  6.823697E+02
87.104  6.830090E+02
87.114  6.795025E+02
87.124  6.790260E+02
87.134  6.773939E+02
87.144  6.757621E+02
87.154  6.740909E+02
87.164  6.728583E+02
87.174  6.717056E+02
87.184  1.341903E+03
87.194  6.687240E+02
87.204  6.670944E+02
87.214  1.520011E+03
87.224  6.646324E+02
87.234  6.633620E+02
87.244  6.617338E+02
87.254  7.638555E+02
87.264  6.588762E+02
87.274  6.576071E+02
87.284  6.563781E+02
87.294  6.547515E+02
87.304  6.531254E+02
87.314  6.591750E+02
87.324  6.506297E+02
87.334  6.494021E+02
87.344  6.477773E+02
87.354  6.461528E+02
87.364  6.445288E+02
87.374  6.440178E+02
87.384  6.816947E+02
87.394  6.407713E+02
87.404  6.391883E+02
87.414  6.375660E+02
87.424  6.370561E+02
87.434  6.354344E+02
87.444  6.338130E+02
87.454  6.321920E+02
87.464  6.323977E+02
87.474  6.297054E+02
87.484  6.284427E+02
87.494  6.268627E+02
87.504  6.252435E+02
87.514  6.239817E+02
87.524  6.227598E+02
87.534  6.214986E+02
87.544  7.433570E+02
87.554  6.183028E+02
87.564  7.419183E+02
87.574  6.157825E+02
87.584  6.145625E+02
87.594  6.578608E+02
87.604  6.113304E+02
87.614  6.101113E+02
87.624  6.092095E+02
87.634  6.075946E+02
87.644  6.056632E+02
87.654  6.047622E+02
87.664  6.027919E+02
87.674  6.022478E+02
87.684  6.013475E+02
87.694  5.990615E+02
87.704  5.974491E+02
87.714  5.962330E+02
87.724  5.949775E+02
87.734  5.940785E+02
87.744  5.917946E+02
87.754  5.908962E+02
87.764  5.889693E+02
87.774  5.883880E+02
87.784  5.867782E+02
87.794  5.852084E+02
87.804  5.836390E+02
87.814  5.823862E+02
87.824  5.814501E+02
87.834  5.798816E+02
87.844  6.159454E+02
87.854  5.769829E+02
87.864  5.754549E+02
87.874  5.745596E+02
87.884  5.729533E+02
87.894  5.713869E+02
87.904  5.698208E+02
87.914  5.685710E+02
87.924  5.676375E+02
87.934  5.660724E+02
87.944  5.644681E+02
87.954  5.632985E+02
87.964  5.616554E+02
87.974  5.604075E+02
87.984  5.594755E+02
87.994  5.575967E+02
88.004  5.560339E+02
88.014  5.547477E+02
88.024  5.538563E+02
88.034  6.289341E+02
88.044  5.506936E+02
88.054  5.494480E+02
88.064  5.478873E+02
88.074  5.469577E+02
88.084  5.453976E+02
88.094  5.438378E+02
88.104  5.425543E+02
88.114  5.409952E+02
88.124  5.400670E+02
88.134  5.388237E+02
88.144  5.369504E+02
88.154  5.357078E+02
88.164  5.341504E+02
88.174  5.331840E+02
88.184  5.320604E+02
88.194  5.305039E+02
88.204  5.288297E+02
88.214  5.272739E+02
88.224  5.263483E+02
88.234  5.250686E+02
88.244  5.232384E+02
88.254  5.216839E+02
88.264  5.207200E+02
88.274  5.214477E+02
88.284  5.182027E+02
88.294  5.163743E+02
88.304  5.151361E+02
88.314  5.135837E+02
88.324  5.126213E+02
88.334  5.113840E+02
88.344  5.095180E+02
88.354  5.082813E+02
88.364  5.070056E+02
88.374  5.057695E+02
88.384  5.045336E+02
88.394  5.026695E+02
88.404  5.014343E+02
88.414  5.001993E+02
88.424  4.989254E+02
88.434  4.976910E+02
88.444  4.958680E+02
88.454  2.098191E+03
88.464  4.933615E+02
88.474  4.920890E+02
88.484  4.908561E+02
88.494  4.893096E+02
88.504  4.877634E+02
88.514  4.865314E+02
88.524  4.852996E+02
88.534  4.840290E+02
88.544  4.826017E+02
88.554  5.394836E+02
88.564  4.805323E+02
88.574  4.784787E+02
88.584  4.772095E+02
88.594  4.757054E+02
88.604  4.741625E+02
88.614  4.728943E+02
88.624  4.719397E+02
88.634  4.703978E+02
88.644  4.688953E+02
88.654  4.673540E+02
88.664  4.661264E+02
88.674  4.651340E+02
88.684  4.635937E+02
88.694  4.620929E+02
88.704  4.605532E+02
88.714  4.596010E+02
88.724  1.632061E+03
88.734  4.570712E+02
88.744  4.552981E+02
88.754  4.537600E+02
88.764  4.525353E+02
88.774  4.523279E+02
88.784  4.502823E+02
88.794  4.485109E+02
88.804  4.470136E+02
88.814  4.460250E+02
88.824  4.447629E+02
88.834  4.432665E+02
88.844  4.417314E+02
88.854  4.404702E+02
88.864  4.392484E+02
88.874  4.379878E+02
88.884  4.364930E+02
88.894  4.352330E+02
88.904  4.334655E+02
88.914  4.324794E+02
88.924  4.312203E+02
88.934  4.299614E+02
88.944  4.281953E+02
88.954  4.269761E+02
88.964  4.257181E+02
88.974  4.244604E+02
88.984  4.232030E+02
88.994  4.217117E+02
89.004  4.202208E+02
89.014  4.186913E+02
89.024  4.179421E+02
89.034  4.164522E+02
89.044  4.147285E+02
89.054  4.137072E+02
89.064  4.119842E+02
89.074  4.111973E+02
89.084  4.097089E+02
89.094  4.082209E+02
89.104  4.067331E+02
89.114  4.054796E+02
89.124  4.044600E+02
89.134  4.029732E+02
89.144  4.014868E+02
89.154  4.000006E+02
89.164  3.987485E+02
89.174  3.977303E+02
89.184  3.962451E+02
89.194  3.947602E+02
89.204  4.156974E+02
89.214  3.920250E+02
89.224  3.910081E+02
89.234  3.895245E+02
89.244  3.880451E+02
89.254  3.867917E+02
89.264  3.853130E+02
89.274  3.847564E+02
89.284  3.830409E+02
89.294  3.825586E+02
89.304  3.800817E+02
89.314  3.786045E+02
89.324  3.782161E+02
89.334  3.761059E+02
89.344  3.748551E+02
89.354  3.733792E+02
89.364  3.719074E+02
89.374  3.708790E+02
89.384  3.737705E+02
89.394  4.075501E+02
89.404  3.666880E+02
89.414  3.654354E+02
89.424  3.641869E+02
89.434  3.636608E+02
89.444  3.614655E+02
89.454  3.600005E+02
89.464  3.587493E+02
89.474  3.574983E+02
89.484  3.562477E+02
89.494  3.547839E+02
89.504  3.533204E+02
89.514  1.114954E+03
89.524  3.510306E+02
89.534  3.495681E+02
89.544  3.481097E+02
89.554  3.468572E+02
89.564  3.453995E+02
89.574  3.443569E+02
89.584  3.428998E+02
89.594  3.414430E+02
89.604  3.401919E+02
89.614  3.387358E+02
89.624  3.376906E+02
89.634  3.364365E+02
89.644  3.347837E+02
89.654  3.335341E+02
89.664  3.320795E+02
89.674  3.310318E+02
89.684  3.297791E+02
89.694  3.281319E+02
89.704  3.268798E+02
89.714  3.256319E+02
89.724  3.244500E+02
89.734  3.231291E+02
89.744  3.216809E+02
89.754  3.202445E+02
89.764  3.189864E+02
89.774  3.177364E+02
89.784  3.196502E+02
89.794  3.150437E+02
89.804  3.136012E+02
89.814  3.123523E+02
89.824  3.112892E+02
89.834  3.098514E+02
89.844  3.084101E+02
89.854  3.069768E+02
89.864  3.057255E+02
89.874  3.046599E+02
89.884  3.032236E+02
89.894  4.322455E+02
89.904  3.005375E+02
89.914  2.991060E+02
89.924  2.980379E+02
89.934  2.967847E+02
89.944  2.951727E+02
89.954  2.939239E+02
89.964  2.927912E+02
89.974  2.914233E+02
89.984  2.901715E+02
89.994  2.885650E+02
90.004  2.873176E+02
90.014  2.860667E+02
90.024  2.848161E+02
90.034  2.835618E+02
90.044  2.819685E+02
90.054  2.808884E+02
90.064  2.792957E+02
90.074  2.783858E+02
90.084  2.769633E+02
90.094  2.755451E+02
90.104  2.741271E+02
90.114  2.729022E+02
90.124  2.716274E+02
90.134  2.705378E+02
90.144  2.689593E+02
90.154  2.675737E+02
90.164  2.662962E+02
90.174  2.652039E+02
90.184  2.637922E+02
90.194  2.623808E+02
90.204  2.611314E+02
90.214  2.597206E+02
90.224  2.586258E+02
90.234  2.573772E+02
90.244  2.558096E+02
90.254  2.545616E+02
90.264  2.533101E+02
90.274  2.520588E+02
90.284  2.508040E+02
90.294  2.492495E+02
90.304  2.479991E+02
90.314  2.481178E+02
90.324  2.454953E+02
90.334  2.442458E+02
90.344  2.428427E+02
90.354  2.414439E+02
90.364  4.585101E+04
90.374  2.390889E+02
90.384  2.376909E+02
90.394  3.039022E+05
90.404  2.348997E+02
90.414  2.288479E+05
90.424  2.325398E+02
90.434  2.311472E+02
90.444  1.537100E+05
90.454  2.285010E+02
90.464  2.271131E+02
90.474  2.260018E+02
90.484  2.247488E+02
90.494  2.233426E+02
90.504  2.219712E+02
90.514  2.205848E+02
90.524  2.196015E+02
90.534  2.180814E+02
90.544  2.168416E+02
90.554  2.154448E+02
90.564  2.141941E+02
90.574  2.129436E+02
90.584  2.116935E+02
90.594  2.103516E+02
90.604  2.089295E+02
90.614  2.076802E+02
90.624  3.072001E+02
90.634  2.053049E+02
90.644  2.036733E+02
90.654  2.227492E+02
90.664  2.011925E+02
90.674  2.000445E+02
90.684  2.445246E+03
90.694  1.972973E+02
90.704  1.960466E+02
90.714  1.946738E+02
90.724  1.935424E+02
90.734  1.922888E+02
90.744  1.908020E+02
90.754  1.895527E+02
90.764  1.949415E+02
90.774  2.116444E+02
90.784  1.857952E+02
90.794  1.843138E+02
90.804  1.831769E+02
90.814  1.816999E+02
90.824  1.806744E+02
90.834  1.793089E+02
90.844  1.779475E+02
90.854  1.765864E+02
90.864  1.753364E+02
90.874  1.741937E+02
90.884  1.728335E+02
90.894  1.714774E+02
90.904  1.702247E+02
90.914  1.688691E+02
90.924  1.677201E+02
90.934  1.663652E+02
90.944  1.650105E+02
90.954  1.637592E+02
90.964  1.625082E+02
90.974  1.612575E+02
90.984  1.600032E+02
90.994  1.585546E+02
91.004  1.573047E+02
91.014  1.560551E+02
91.024  1.548020E+02
91.034  1.535491E+02
91.044  1.684182E+03
91.054  1.508573E+02
91.064  1.496091E+02
91.074  1.484489E+02
91.084  1.471021E+02
91.094  1.457594E+02
91.104  1.444208E+02
91.114  1.431702E+02
91.124  1.420074E+02
91.134  1.407535E+02
91.144  1.393285E+02
91.154  1.380751E+02
91.164  1.367383E+02
91.174  1.355731E+02
91.184  1.343206E+02
91.194  1.329008E+02
91.204  1.316527E+02
91.214  1.304010E+02
91.224  1.291496E+02
91.234  1.278985E+02
91.244  1.265639E+02
91.254  3.310765E+02
91.264  1.239831E+02
91.274  8.773283E+02
91.284  1.215785E+02
91.294  1.201541E+02
91.304  1.188288E+02
91.314  1.175761E+02
91.324  1.164454E+02
91.334  1.151552E+02
91.344  1.137513E+02
91.354  1.124312E+02
91.364  1.112483E+02
91.374  1.099973E+02
91.384  1.087427E+02
91.394  1.073554E+02
91.404  1.061052E+02
91.414  1.048553E+02
91.424  1.036056E+02
91.434  1.023525E+02
91.444  1.010350E+02
91.454  1.256734E+02
91.464  9.846925E+01
91.474  9.722097E+01
91.484  9.602610E+01
91.494  9.465691E+01
91.504  9.334494E+01
91.514  9.209777E+01
91.524  9.090019E+01
91.534  8.964976E+01
91.544  8.828581E+01
91.554  8.703214E+01
91.564  3.776404E+04
91.574  8.452943E+01
91.584  8.327659E+01
91.594  6.019492E+03
91.604  3.115177E+04
91.614  7.942115E+01
91.624  7.816941E+01
91.634  7.691795E+01
91.644  7.561750E+01
91.654  7.436658E+01
91.664  7.306670E+01
91.674  5.449102E+04
91.684  7.056246E+01
91.694  6.926720E+01
91.704  6.801766E+01
91.714  6.672296E+01
91.724  6.551183E+01
91.734  6.425932E+01
91.744  6.292760E+01
91.754  6.167565E+01
91.764  6.038613E+01
91.774  5.921040E+01
91.784  5.792143E+01
91.794  5.659492E+01
91.804  5.534434E+01
91.814  5.409403E+01
91.824  5.287803E+01
91.834  5.159045E+01
91.844  5.038633E+01
91.854  5.020694E+01
91.864  5.017124E+01
91.874  5.019979E+01
91.884  5.016410E+01
91.894  5.012841E+01
91.904  5.012673E+01
91.914  5.009106E+01
91.924  5.011960E+01
91.934  5.011793E+01
91.944  5.004828E+01
91.954  5.004661E+01
91.964  5.004494E+01
91.974  5.003950E+01
91.984  5.003784E+01
91.994  5.000220E+01
92.004  4.996657E+01
92.014  4.996492E+01
92.024  4.999345E+01
92.034  4.995783E+01
92.044  4.992222E+01
92.054  4.992057E+01
92.064  4.988498E+01
92.074  4.991350E+01
92.084  4.991185E+01
92.094  4.984610E+01
92.104  4.984069E+01
92.114  4.980512E+01
92.124  4.983364E+01
92.134  6.935475E+02
92.144  4.979644E+01
92.154  4.978350E+01
92.164  4.975926E+01
92.174  4.975763E+01
92.184  4.983511E+01
92.194  4.968658E+01
92.204  2.384787E+02
92.214  4.967957E+01
92.224  4.970807E+01
92.234  4.967256E+01
92.244  4.964082E+01
92.254  1.274141E+03
92.264  4.963382E+01
92.274  4.962845E+01
92.284  4.962683E+01
92.294  4.956126E+01
92.304  9.657247E+02
92.314  4.955428E+01
92.324  6.129111E+02
92.334  1.410152E+03
92.344  2.396100E+02
92.354  4.951026E+01
92.364  2.267421E+02
92.374  4.947323E+01
92.384  4.950170E+01
92.394  4.943245E+01
92.404  5.049057E+01
92.414  4.939545E+01
92.424  1.733876E+03
92.434  4.942233E+01
92.444  4.935313E+01
92.454  4.935154E+01
92.464  4.934996E+01
92.474  4.934463E+01
92.484  4.934304E+01
92.494  4.930768E+01
92.504  4.927232E+01
92.514  4.927074E+01
92.524  4.929919E+01
92.534  4.926385E+01
92.544  4.922851E+01
92.554  4.922694E+01
92.564  4.919161E+01
92.574  4.922005E+01
92.584  4.921849E+01
92.594  4.914942E+01
92.604  4.914786E+01
92.614  4.914631E+01
92.624  4.914100E+01
92.634  4.913944E+01
92.644  4.910415E+01
92.654  4.906887E+01
92.664  4.906732E+01
92.674  4.909575E+01
92.684  4.906048E+01
92.694  4.902522E+01
92.704  4.902368E+01
92.714  4.898843E+01
92.724  4.901685E+01
92.734  4.901531E+01
92.744  4.894637E+01
92.754  4.894484E+01
92.764  4.895454E+01
92.774  4.894552E+01
92.784  4.893650E+01
92.794  4.890129E+01
92.804  4.886609E+01
92.814  4.886082E+01
92.824  4.885930E+01
92.834  4.888770E+01
92.844  4.882259E+01
92.854  4.878742E+01
92.864  4.881582E+01
92.874  4.881430E+01
92.884  4.877914E+01
92.894  4.877389E+01
92.904  4.873874E+01
92.914  4.870733E+01
92.924  4.876561E+01
92.934  4.888741E+01
92.944  4.866546E+01
92.954  4.869384E+01
92.964  4.865872E+01
92.974  4.865722E+01
92.984  4.868560E+01
92.994  4.861689E+01
93.004  4.858179E+01
93.014  4.934934E+01
93.024  4.860867E+01
93.034  4.857359E+01
93.044  4.857210E+01
93.054  4.853703E+01
93.064  4.850196E+01
93.074  4.856018E+01
93.084  4.852512E+01
93.094  4.846022E+01
93.104  4.848858E+01
93.114  4.845354E+01
93.124  4.845207E+01
93.134  4.848042E+01
93.144  4.841184E+01
93.154  4.841037E+01
93.164  4.837536E+01
93.174  4.840371E+01
93.184  4.840224E+01
93.194  4.833370E+01
93.204  4.833224E+01
93.214  4.832706E+01
93.224  4.832560E+01
93.234  4.832414E+01
93.244  4.828917E+01
93.254  4.828399E+01
93.264  4.824902E+01
93.274  4.827736E+01
93.284  4.824612E+01
93.294  4.821118E+01
93.304  4.820601E+01
93.314  4.817107E+01
93.324  4.819940E+01
93.334  1.573288E+04
93.344  4.816303E+01
93.354  4.812812E+01
93.364  4.812668E+01
93.374  4.812153E+01
93.384  4.812009E+01
93.394  4.808520E+01
93.404  4.808005E+01
93.414  4.804516E+01
93.424  4.807719E+01
93.434  4.804231E+01
93.444  4.800744E+01
93.454  4.800230E+01
93.464  4.800088E+01
93.474  4.799575E+01
93.484  4.799433E+01
93.494  4.795948E+01
93.504  4.792464E+01
93.514  4.792323E+01
93.524  4.791811E+01
93.534  4.794640E+01
93.544  4.788188E+01
93.554  4.784707E+01
93.564  4.787536E+01
93.574  4.787024E+01
93.584  4.783544E+01
93.594  4.783404E+01
93.604  4.779925E+01
93.614  5.348790E+01
93.624  4.782613E+01
93.634  4.779135E+01
93.644  4.772321E+01
93.654  4.775149E+01
93.664  4.771673E+01
93.674  4.771534E+01
93.684  4.774361E+01
93.694  4.767551E+01
93.704  4.767413E+01
93.714  4.763940E+01
93.724  4.766766E+01
93.734  4.766628E+01
93.744  4.763156E+01
93.754  4.759685E+01
93.764  4.759177E+01
93.774  4.759040E+01
93.784  4.758533E+01
93.794  4.755064E+01
93.804  4.754927E+01
93.814  4.751459E+01
93.824  4.754283E+01
93.834  4.750816E+01
93.844  4.747350E+01
93.854  4.746844E+01
93.864  4.746708E+01
93.874  4.746572E+01
93.884  4.746067E+01
93.894  4.742603E+01
93.904  4.739139E+01
93.914  4.739005E+01
93.924  4.741827E+01
93.934  4.738365E+01
93.944  4.734904E+01
93.954  4.734400E+01
93.964  4.730940E+01
93.974  4.733762E+01
93.984  4.733628E+01
93.994  4.726844E+01
94.004  4.729665E+01
94.014  4.723253E+01
94.024  4.729029E+01
94.034  4.725572E+01
94.044  4.722115E+01
94.054  4.718660E+01
94.064  4.720004E+01
94.074  4.721348E+01
94.084  4.720846E+01
94.094  4.714439E+01
94.104  4.713938E+01
94.114  4.713807E+01
94.124  4.713306E+01
94.134  4.713174E+01
94.144  5.343021E+01
94.154  4.725818E+01
94.164  4.705772E+01
94.174  4.705641E+01
94.184  4.708460E+01
94.194  4.701693E+01
94.204  4.698245E+01
94.214  4.701063E+01
94.224  4.700933E+01
94.234  4.700803E+01
94.244  4.696988E+01
94.254  4.693542E+01
94.264  4.693413E+01
94.274  4.692915E+01
94.284  4.692785E+01
94.294  4.689342E+01
94.304  4.688844E+01
94.314  4.685402E+01
94.324  4.688218E+01
94.334  4.688089E+01
94.344  4.681336E+01
94.354  4.681207E+01
94.364  4.677767E+01
94.374  1.615300E+02
94.384  4.680087E+01
94.394  4.673706E+01
94.404  4.676521E+01
94.414  4.676026E+01
94.424  4.672589E+01
94.434  5.547973E+01
94.444  4.669025E+01
94.454  7.905512E+03
94.464  4.668404E+01
94.474  4.666440E+01
94.484  4.667784E+01
94.494  4.663983E+01
94.504  4.660550E+01
94.514  4.663363E+01
94.524  4.656992E+01
94.534  4.662744E+01
94.544  4.656374E+01
94.554  4.652944E+01
94.564  4.657960E+01
94.574  4.655264E+01
94.584  4.651835E+01
94.594  4.651710E+01
94.604  4.648282E+01
94.614  4.647791E+01
94.624  4.647667E+01
94.634  4.647176E+01
94.644  4.643749E+01
94.654  4.640324E+01
94.664  4.643135E+01
94.674  4.639711E+01
94.684  4.642521E+01
94.694  4.635797E+01
94.704  4.635674E+01
94.714  4.709609E+01
94.724  4.635062E+01
94.734  4.634573E+01
94.744  4.627853E+01
94.754  4.630663E+01
94.764  4.660954E+01
94.774  4.623823E+01
94.784  4.629930E+01
94.794  4.623214E+01
94.804  4.623093E+01
94.814  4.622605E+01
94.824  4.619188E+01
94.834  4.621996E+01
94.844  4.618580E+01
94.854  4.615165E+01
94.864  4.617972E+01
94.874  4.611264E+01
94.884  4.617365E+01
94.894  4.610658E+01
94.904  4.607245E+01
94.914  4.613345E+01
94.924  5.079997E+01
94.934  4.606155E+01
94.944  4.606035E+01
94.954  4.602625E+01
94.964  4.605431E+01
94.974  1.830461E+02
94.984  4.630052E+01
94.994  4.598128E+01
95.004  4.606416E+01
95.014  4.597525E+01
95.024  4.594118E+01
95.034  4.596923E+01
95.044  4.598266E+01
95.054  4.590111E+01
95.064  4.592916E+01
95.074  4.586223E+01
95.084  4.589028E+01
95.094  4.585624E+01
95.104  4.582221E+01
95.114  4.585025E+01
95.124  4.581623E+01
95.134  4.584426E+01
95.144  4.577740E+01
95.154  4.577259E+01
95.164  4.577143E+01
95.174  4.576662E+01
95.184  4.576546E+01
95.194  4.580442E+01
95.204  4.572666E+01
95.214  4.572186E+01
95.224  4.568789E+01
95.234  4.568674E+01
95.244  4.565277E+01
95.254  4.564798E+01
95.264  4.564319E+01
95.274  4.564204E+01
95.284  4.560810E+01
95.294  4.560331E+01
95.304  4.556938E+01
95.314  4.559739E+01
95.324  4.556346E+01
95.334  4.555868E+01
95.344  4.552477E+01
95.354  4.552363E+01
95.364  4.554799E+01
95.374  4.548496E+01
95.384  4.551296E+01
95.394  4.544630E+01
95.404  4.544154E+01
95.414  4.546953E+01
95.424  4.543566E+01
95.434  4.550003E+01
95.444  2.769190E+02
95.454  4.539591E+01
95.464  4.539116E+01
95.474  4.535731E+01
95.484  4.538528E+01
95.494  4.532235E+01
95.504  4.534669E+01
95.514  4.531286E+01
95.524  4.531175E+01
95.534  1.636723E+03
95.544  4.527319E+01
95.554  4.526846E+01
95.564  4.526735E+01
95.574  4.523355E+01
95.584  4.526151E+01
95.594  4.519503E+01
95.604  4.519030E+01
95.614  4.521826E+01
95.624  4.518448E+01
95.634  4.517975E+01
95.644  4.514599E+01
95.654  4.511223E+01
95.664  4.514018E+01
95.674  4.510642E+01
95.684  4.513437E+01
95.694  4.506797E+01
95.704  4.506689E+01
95.714  4.509120E+01
95.724  4.505747E+01
95.734  4.505639E+01
95.744  4.502267E+01
95.754  4.498533E+01
95.764  4.501327E+01
95.774  4.497956E+01
95.784  4.500749E+01
95.794  4.494117E+01
95.804  4.494011E+01
95.814  4.496803E+01
95.824  4.490174E+01
95.834  4.492966E+01
95.844  4.489599E+01
95.854  4.489131E+01
95.864  4.488662E+01
95.874  4.485297E+01
95.884  4.488088E+01
95.894  4.481464E+01
95.904  4.481359E+01
95.914  4.484150E+01
95.924  4.477529E+01
95.934  4.480320E+01
95.944  4.476957E+01
95.954  4.473596E+01
95.964  4.476386E+01
95.974  4.472664E+01
95.984  4.475453E+01
95.994  4.469200E+01
96.004  4.495138E+01
96.014  4.471524E+01
96.024  4.464910E+01
96.034  4.467700E+01
96.044  4.464342E+01
96.054  4.463877E+01
96.064  4.463774E+01
96.074  4.461864E+01
96.084  4.459954E+01
96.094  4.459490E+01
96.104  4.456135E+01
96.114  4.455672E+01
96.124  4.455569E+01
96.134  4.455106E+01
96.144  4.448503E+01
96.154  4.451290E+01
96.164  4.450827E+01
96.174  4.447476E+01
96.184  4.450263E+01
96.194  4.443663E+01
96.204  4.443562E+01
96.214  4.446349E+01
96.224  4.439752E+01
96.234  4.442538E+01
96.244  1.582832E+03
96.254  4.435482E+01
96.264  4.438268E+01
96.274  4.434921E+01
96.284  4.437707E+01
96.294  4.431115E+01
96.304  4.431016E+01
96.314  4.433440E+01
96.324  4.427212E+01
96.334  4.429996E+01
96.344  4.426293E+01
96.354  4.426194E+01
96.364  4.425735E+01
96.374  4.422393E+01
96.384  4.425176E+01
96.394  4.418593E+01
96.404  4.418135E+01
96.414  4.420918E+01
96.424  4.414338E+01
96.434  4.417121E+01
96.444  4.413782E+01
96.454  4.413325E+01
96.464  4.413227E+01
96.474  4.409890E+01
96.484  4.409433E+01
96.494  4.408976E+01
96.504  4.405641E+01
96.514  4.408422E+01
96.524  4.401850E+01
96.534  4.404631E+01
96.544  4.401298E+01
96.554  4.400842E+01
96.564  4.400386E+01
96.574  4.397054E+01
96.584  4.399835E+01
96.594  4.393268E+01
96.604  4.393172E+01
96.614  4.395593E+01
96.624  4.389388E+01
96.634  4.395043E+01
96.644  4.388480E+01
96.654  4.385870E+01
96.664  4.609932E+01
96.674  4.387477E+01
96.684  4.384150E+01
96.694  4.383697E+01
96.704  4.380371E+01
96.714  4.444545E+01
96.724  4.511578E+01
96.734  4.449728E+01
96.744  4.378919E+01
96.754  9.687177E+01
96.764  2.527980E+02
96.774  4.371820E+01
96.784  4.371368E+01
96.794  4.371276E+01
96.804  4.367596E+01
96.814  4.370373E+01
96.824  4.367052E+01
96.834  4.366601E+01
96.844  4.363282E+01
96.854  4.362831E+01
96.864  4.362739E+01
96.874  1.344961E+02
96.884  4.361839E+01
96.894  4.358522E+01
96.904  4.355205E+01
96.914  4.357980E+01
96.924  4.354306E+01
96.934  4.354215E+01
96.944  4.350543E+01
96.954  6.858579E+02
96.964  4.353226E+01
96.974  4.346690E+01
96.984  4.349464E+01
96.994  4.345794E+01
97.004  4.342482E+01
97.014  4.345256E+01
97.024  4.341945E+01
97.034  4.341497E+01
97.044  4.338188E+01
97.054  4.337741E+01
97.064  4.340513E+01
97.074  4.346147E+01
97.084  4.336758E+01
97.094  4.333450E+01
97.104  4.329785E+01
97.114  4.335776E+01
97.124  4.326034E+01
97.134  4.332023E+01
97.144  4.325500E+01
97.154  4.325055E+01
97.164  4.327827E+01
97.174  4.321306E+01
97.184  4.324077E+01
97.194  4.320774E+01
97.204  4.320330E+01
97.214  4.319886E+01
97.224  4.316584E+01
97.234  4.319354E+01
97.244  4.312839E+01
97.254  3.775757E+02
97.264  4.315166E+01
97.274  4.311866E+01
97.284  4.311423E+01
97.294  4.308125E+01
97.304  4.304470E+01
97.314  4.310451E+01
97.324  4.303943E+01
97.334  4.306711E+01
97.344  4.300205E+01
97.354  4.299763E+01
97.364  4.302531E+01
97.374  4.299236E+01
97.384  4.298795E+01
97.394  4.295501E+01
97.404  4.295060E+01
97.414  4.294619E+01
97.424  4.294178E+01
97.434  4.294094E+01
97.444  4.287595E+01
97.454  4.290362E+01
97.464  4.286716E+01
97.474  4.286632E+01
97.484  1.967809E+02
97.494  4.282903E+01
97.504  4.282464E+01
97.514  4.282025E+01
97.524  4.281586E+01
97.534  4.281503E+01
97.544  4.275012E+01
97.554  4.277778E+01
97.564  4.277339E+01
97.574  4.273698E+01
97.584  4.275395E+01
97.594  4.273178E+01
97.604  4.269894E+01
97.614  4.272302E+01
97.624  4.266174E+01
97.634  4.268582E+01
97.644  4.265300E+01
97.654  4.264863E+01
97.664  4.264782E+01
97.674  4.261146E+01
97.684  4.263909E+01
97.694  4.257430E+01
97.704  6.748356E+06
97.714  4.259757E+01
97.724  4.256478E+01
97.734  4.256043E+01
97.744  4.252765E+01
97.754  4.252330E+01
97.764  4.259709E+01
97.774  4.248619E+01
97.784  4.251381E+01
97.794  4.247750E+01
97.804  4.244476E+01
97.814  4.247237E+01
97.824  4.243963E+01
97.834  4.243529E+01
97.844  4.243095E+01
97.854  4.239823E+01
97.864  4.239390E+01
97.874  4.236118E+01
97.884  4.238523E+01
97.894  4.235253E+01
97.904  4.234820E+01
97.914  4.234388E+01
97.924  4.231118E+01
97.934  4.230686E+01
97.944  4.230609E+01
97.954  4.226987E+01
97.964  4.226555E+01
97.974  3.920967E+02
97.984  3.112249E+03
97.994  2.697945E+03
98.004  4.222350E+01
98.014  4.221919E+01
98.024  4.218655E+01
98.034  4.281627E+01
98.044  4.214961E+01
98.054  4.217364E+01
98.064  4.217288E+01
98.074  4.210839E+01
98.084  4.216428E+01
98.094  4.210334E+01
98.104  4.209551E+01
98.114  4.209476E+01
98.124  4.205862E+01
98.134  4.208618E+01
98.144  4.205359E+01
98.154  4.201746E+01
98.164  4.204502E+01
98.174  4.201244E+01
98.184  4.203646E+01
98.194  4.197206E+01
98.204  4.197132E+01
98.214  4.199887E+01
98.224  4.193449E+01
98.234  4.195850E+01
98.244  4.192596E+01
98.254  4.192169E+01
98.264  4.191742E+01
98.274  4.188489E+01
98.284  4.191243E+01
98.294  4.184811E+01
98.304  4.187564E+01
98.314  4.187138E+01
98.324  4.180708E+01
98.334  4.183461E+01
98.344  4.183036E+01
98.354  4.176609E+01
98.364  4.182186E+01
98.374  4.175760E+01
98.384  4.178512E+01
98.394  4.175264E+01
98.404  4.171664E+01
98.414  4.182178E+01
98.424  4.177166E+01
98.434  4.173920E+01
98.444  4.167500E+01
98.454  4.167076E+01
98.464  4.169827E+01
98.474  4.163409E+01
98.484  4.165807E+01
98.494  4.162564E+01
98.504  4.162141E+01
98.514  4.161718E+01
98.524  4.158476E+01
98.534  4.161226E+01
98.544  4.154814E+01
98.554  4.157563E+01
98.564  4.153970E+01
98.574  4.153549E+01
98.584  4.153832E+01
98.594  6.212683E+01
98.604  4.146651E+01
98.614  4.152216E+01
98.624  4.145810E+01
98.634  4.148558E+01
98.644  4.145321E+01
98.654  4.141733E+01
98.664  4.144481E+01
98.674  4.141246E+01
98.684  4.143641E+01
98.694  4.137240E+01
98.704  4.137173E+01
98.714  4.139568E+01
98.724  4.151107E+01
98.734  4.135916E+01
98.744  4.132684E+01
98.754  4.129100E+01
98.764  4.135011E+01
98.774  4.128616E+01
98.784  4.135931E+01
98.794  4.124968E+01
98.804  4.127362E+01
98.814  4.124133E+01
98.824  4.123716E+01
98.834  4.126461E+01
98.844  4.120071E+01
98.854  4.119655E+01
98.864  4.119238E+01
98.874  4.119172E+01
98.884  4.118756E+01
98.894  4.115179E+01
98.904  4.111954E+01
98.914  4.114698E+01
98.924  4.111123E+01
98.934  4.113866E+01
98.944  4.110643E+01
98.954  4.107069E+01
98.964  4.107005E+01
98.974  4.106590E+01
98.984  3.141110E+05
98.994  4.105761E+01
99.004  4.100786E+01
99.014  4.105282E+01
99.024  4.098906E+01
99.034  4.101648E+01
99.044  4.098078E+01
99.054  4.094860E+01
99.064  4.097602E+01
99.074  4.094034E+01
99.084  4.096775E+01
99.094  4.090404E+01
99.104  4.089991E+01
99.114  4.092732E+01
99.124  4.086364E+01
99.134  4.089104E+01
99.144  4.085539E+01
99.154  1.472782E+05
99.164  4.085065E+01
99.174  4.084654E+01
99.184  4.081441E+01
99.194  4.081029E+01
99.204  4.077468E+01
99.214  4.080207E+01
99.224  4.076996E+01
99.234  4.079734E+01
99.244  4.073375E+01
99.254  4.072965E+01
99.264  1.764680E+02
99.274  4.072144E+01
99.284  4.071734E+01
99.294  4.068526E+01
99.304  4.064970E+01
99.314  4.070854E+01
99.324  4.064501E+01
99.334  4.064092E+01
99.344  4.063682E+01
99.354  7.260489E+02
99.364  4.063214E+01
99.374  4.059660E+01
99.384  4.059252E+01
99.394  4.056048E+01
99.404  4.055640E+01
99.414  4.063615E+01
99.424  4.055872E+01
99.434  4.054766E+01
99.444  4.051216E+01
99.454  4.050808E+01
99.464  4.050750E+01
99.474  2.097535E+03
99.484  4.046794E+01
99.494  4.046737E+01
99.504  4.043189E+01
99.514  4.045923E+01
99.524  4.042377E+01
99.534  4.042319E+01
99.544  4.038774E+01
99.554  4.038368E+01
99.564  4.038311E+01
99.574  4.037906E+01
99.584  4.037500E+01
99.594  4.031168E+01
99.604  5.650459E+02
99.614  4.033496E+01
99.624  4.029954E+01
99.634  4.032686E+01
99.644  4.026357E+01
99.654  4.025953E+01
99.664  4.028685E+01
99.674  4.025494E+01
99.684  4.025090E+01
99.694  4.021551E+01
99.704  5.103925E+02
99.714  4.021093E+01
99.724  4.017556E+01
99.734  3.471923E+03
99.744  4.870371E+01
99.754  4.016696E+01
99.764  4.016293E+01
99.774  4.012758E+01
99.784  4.012704E+01
99.794  4.012302E+01
99.804  4.008769E+01
99.814  4.008367E+01
99.824  4.008313E+01
99.834  4.007912E+01
99.844  4.004381E+01
99.854  4.003979E+01
99.864  4.003926E+01
99.874  4.003525E+01
99.884  4.003125E+01
99.894  3.996814E+01
99.904  3.999543E+01
99.914  3.999142E+01
99.924  1.172865E+03
99.934  3.995215E+01
99.944  3.995162E+01
99.954  3.991636E+01
99.964  3.994363E+01
99.974  3.988059E+01
99.984  3.993217E+01
99.994  3.990387E+01
100.000 3.984244E+01
100.010 3.989748E+01
100.020 3.983447E+01
100.030 3.986173E+01
100.040 4.299555E+02
100.050 3.979476E+01
100.060 3.981855E+01
100.070 3.978681E+01
100.080 7.852478E+01
100.090 3.975111E+01
100.100 3.974713E+01
100.110 3.977438E+01
100.120 3.973919E+01
100.130 3.973523E+01
100.140 3.970352E+01
100.150 3.969955E+01
100.160 3.969559E+01
100.170 5.054876E+01
100.180 3.968766E+01
100.190 3.965598E+01
100.200 3.965202E+01
100.210 9.009348E+01
100.220 3.961639E+01
100.230 3.961244E+01
100.240 4.232087E+01
100.250 3.957336E+01
100.260 3.960058E+01
100.270 3.953776E+01
100.280 9.100362E+01
100.290 3.956104E+01
100.300 3.949824E+01
100.310 3.955315E+01
100.320 6.621533E+01
100.330 3.951758E+01
100.340 3.948249E+01
100.350 3.945088E+01
100.360 3.950576E+01
100.370 3.944302E+01
100.380 3.943909E+01
100.390 3.943516E+01
100.400 3.940356E+01
100.410 3.942730E+01
100.420 3.936459E+01
100.430 3.942291E+01
100.440 3.936021E+01
100.450 3.935629E+01
100.460 3.935237E+01
100.470 3.934846E+01
100.480 3.934454E+01
100.490 3.930953E+01
100.500 3.927797E+01
100.510 3.930516E+01
100.520 3.927016E+01
100.530 3.929734E+01
100.540 3.926235E+01
100.550 3.923082E+01
100.560 1.285717E+03
100.570 3.922301E+01
100.580 3.921911E+01
100.590 3.918760E+01
100.600 2.124246E+02
100.610 4.748723E+02
100.620 1.389482E+02
100.630 3.917202E+01
100.640 3.914053E+01
100.650 1.739345E+02
100.660 3.914655E+01
100.670 3.909782E+01
100.680 1.632875E+02
100.690 1.816799E+02
100.700 3.905859E+01
100.710 3.908574E+01
100.720 3.911633E+01
100.730 3.904695E+01
100.740 3.901550E+01
100.750 3.903920E+01
100.760 3.900776E+01
100.770 3.900389E+01
100.780 3.900002E+01
100.790 3.896859E+01
100.800 3.896472E+01
100.810 3.896085E+01
100.820 3.892599E+01
100.830 3.895313E+01
100.840 3.891827E+01
100.850 3.888687E+01
100.860 3.891400E+01
100.870 3.887916E+01
100.880 3.890628E+01
100.890 3.884392E+01
100.900 3.884007E+01
100.910 3.886375E+01
100.920 3.883237E+01
100.930 3.882852E+01
100.940 3.879371E+01
100.950 3.878987E+01
100.960 3.881698E+01
100.970 3.875468E+01
100.980 1.955148E+02
100.990 3.875388E+01
101.000 3.515730E+02
101.010 3.873933E+01
101.020 4.443118E+02
101.030 5.092273E+02
101.040 3.870033E+01
101.050 3.866558E+01
101.060 3.869267E+01
101.070 3.866136E+01
101.080 3.865754E+01
101.090 3.862280E+01
101.100 3.861898E+01
101.110 3.864607E+01
101.120 3.858387E+01
101.130 3.860752E+01
101.140 3.857624E+01
101.150 3.857242E+01
101.160 3.856861E+01
101.170 3.856480E+01
101.180 3.853010E+01
101.190 3.852972E+01
101.200 3.852592E+01
101.210 3.852211E+01
101.220 3.848743E+01
101.230 3.848363E+01
101.240 3.845239E+01
101.250 3.847603E+01
101.260 3.844479E+01
101.270 3.844100E+01
101.280 3.843720E+01
101.290 3.840255E+01
101.300 3.839876E+01
101.310 3.842582E+01
101.320 3.836376E+01
101.330 3.839082E+01
101.340 3.838703E+01
101.350 3.832157E+01
101.360 3.837946E+01
101.370 3.831401E+01
101.380 3.831366E+01
101.390 3.830988E+01
101.400 3.827528E+01
101.410 9.082164E+01
101.420 3.826773E+01
101.430 3.826396E+01
101.440 8.223014E+02
101.450 3.822903E+01
101.460 3.822527E+01
101.470 3.822150E+01
101.480 3.821773E+01
101.490 3.818317E+01
101.500 3.817941E+01
101.510 3.828854E+01
101.520 3.814453E+01
101.530 3.816813E+01
101.540 3.813701E+01
101.550 3.810248E+01
101.560 3.812950E+01
101.570 3.809498E+01
101.580 3.812200E+01
101.590 3.806014E+01
101.600 3.808373E+01
101.610 3.805265E+01
101.620 3.804890E+01
101.630 3.804516E+01
101.640 3.804141E+01
101.650 3.800693E+01
101.660 3.800319E+01
101.670 3.799945E+01
101.680 3.799913E+01
101.690 3.796466E+01
101.700 3.793020E+01
101.710 3.798792E+01
101.720 3.792274E+01
101.730 3.792584E+01
101.740 3.791528E+01
101.750 3.791497E+01
101.760 3.791124E+01
101.770 3.784610E+01
101.780 3.790380E+01
101.790 3.783867E+01
101.800 3.786565E+01
101.810 3.783123E+01
101.820 3.782752E+01
101.830 3.782380E+01
101.840 3.779281E+01
101.850 3.778910E+01
101.860 3.781607E+01
101.870 3.775100E+01
101.880 3.777797E+01
101.890 3.774359E+01
101.900 3.845550E+01
101.910 3.773619E+01
101.920 3.770523E+01
101.930 3.772878E+01
101.940 3.766717E+01
101.950 5.330040E+02
101.960 3.769044E+01
101.970 3.766290E+01
101.980 3.765240E+01
101.990 3.762147E+01
102.000 3.764502E+01
102.010 3.761409E+01
102.020 3.761041E+01
102.030 3.760672E+01
102.040 3.757241E+01
102.050 3.756873E+01
102.060 3.759567E+01
102.070 3.753415E+01
102.080 3.755769E+01
102.090 3.752680E+01
102.100 3.749251E+01
102.110 3.754665E+01
102.120 9.455280E+01
102.130 3.748150E+01
102.140 3.747783E+01
102.150 3.746056E+01
102.160 3.747049E+01
102.170 3.743624E+01
102.180 3.746316E+01
102.190 3.740173E+01
102.200 3.739807E+01
102.210 3.742159E+01
102.220 3.739075E+01
102.230 3.738709E+01
102.240 3.735287E+01
102.250 3.734922E+01
102.260 3.734556E+01
102.270 3.734191E+01
102.280 3.733826E+01
102.290 3.727690E+01
102.300 3.730041E+01
102.310 3.729677E+01
102.320 3.726597E+01
102.330 3.728948E+01
102.340 3.725869E+01
102.350 3.722451E+01
102.360 3.725141E+01
102.370 3.721724E+01
102.380 3.724413E+01
102.390 3.717945E+01
102.400 3.717582E+01
102.410 3.717219E+01
102.420 3.719907E+01
102.430 3.716493E+01
102.440 3.713419E+01
102.450 3.713056E+01
102.460 3.712694E+01
102.470 3.715042E+01
102.480 3.708920E+01
102.490 3.708558E+01
102.500 3.705147E+01
102.510 3.707834E+01
102.520 3.710521E+01
102.530 3.704063E+01
102.540 3.700992E+01
102.550 3.703340E+01
102.560 3.700271E+01
102.570 8.263437E+06
102.580 4.577299E+01
102.590 2.028817E+02
102.600 3.695782E+01
102.610 1.235564E+02
102.620 3.698107E+01
102.630 3.694702E+01
102.640 3.691297E+01
102.650 3.690937E+01
102.660 3.690578E+01
102.670 3.693262E+01
102.680 3.687154E+01
102.690 3.686795E+01
102.700 3.686774E+01
102.710 3.683034E+01
102.720 3.688422E+01
102.730 3.682317E+01
102.740 3.681959E+01
102.750 3.681600E+01
102.760 3.679552E+01
102.770 3.680884E+01
102.780 3.677485E+01
102.790 3.677127E+01
102.800 3.673729E+01
102.810 3.673372E+01
102.820 3.678756E+01
102.830 3.669956E+01
102.840 3.675002E+01
102.850 3.671943E+01
102.860 3.665848E+01
102.870 3.674268E+01
102.880 3.665135E+01
102.890 3.664779E+01
102.900 3.664423E+01
102.910 3.664066E+01
102.920 3.663710E+01
102.930 3.663354E+01
102.940 3.659963E+01
102.950 3.656572E+01
102.960 3.659252E+01
102.970 3.658896E+01
102.980 3.655506E+01
102.990 3.655151E+01
103.000 3.651762E+01
103.010 3.654442E+01
103.020 3.654087E+01
103.030 3.650699E+01
103.040 3.647312E+01
103.050 3.646958E+01
103.060 3.646604E+01
103.070 3.652314E+01
103.080 3.652634E+01
103.090 3.642848E+01
103.100 3.642495E+01
103.110 3.641805E+01
103.120 3.644482E+01
103.130 3.638405E+01
103.140 3.638052E+01
103.150 3.637699E+01
103.160 3.637347E+01
103.170 3.639687E+01
103.180 3.633613E+01
103.190 2.790649E+05
103.200 3.632909E+01
103.210 3.629529E+01
103.220 3.634896E+01
103.230 3.628826E+01
103.240 3.625447E+01
103.250 3.628123E+01
103.260 3.624745E+01
103.270 3.627420E+01
103.280 3.624043E+01
103.290 3.620666E+01
103.300 3.623341E+01
103.310 3.616940E+01
103.320 3.625329E+01
103.330 3.616240E+01
103.340 3.619923E+01
103.350 3.615541E+01
103.360 3.615191E+01
103.370 3.617864E+01
103.380 3.611468E+01
103.390 3.611119E+01
103.400 3.610770E+01
103.410 3.607734E+01
103.420 3.613093E+01
103.430 3.608715E+01
103.440 3.606352E+01
103.450 3.606004E+01
103.460 3.602970E+01
103.470 3.605307E+01
103.480 3.601938E+01
103.490 3.601590E+01
103.500 3.598558E+01
103.510 3.598211E+01
103.520 3.603565E+01
103.530 3.594497E+01
103.540 3.596833E+01
103.550 3.593803E+01
103.560 3.593456E+01
103.570 3.595791E+01
103.580 3.589745E+01
103.590 3.592080E+01
103.600 3.586035E+01
103.610 3.588370E+01
103.620 3.591040E+01
103.630 1.215964E+05
103.640 3.584651E+01
103.650 3.583970E+01
103.660 3.583624E+01
103.670 3.583279E+01
103.680 3.580254E+01
103.690 3.579574E+01
103.700 2.417729E+05
103.710 3.576205E+01
103.720 3.581551E+01
103.730 3.575180E+01
103.740 3.572158E+01
103.750 3.574491E+01
103.760 1.392512E+05
103.770 3.573802E+01
103.780 3.570447E+01
103.790 3.567426E+01
103.800 3.567082E+01
103.810 3.566404E+01
103.820 3.569071E+01
103.830 3.565717E+01
103.840 3.562699E+01
103.850 3.562021E+01
103.860 3.561678E+01
103.870 3.564344E+01
103.880 3.557984E+01
103.890 3.557642E+01
103.900 3.557299E+01
103.910 3.556957E+01
103.920 3.556615E+01
103.930 3.553265E+01
103.940 3.552924E+01
103.950 3.552582E+01
103.960 3.549234E+01
103.970 3.554904E+01
103.980 3.548551E+01
103.990 3.545205E+01
104.000 3.551542E+01
104.010 3.544523E+01
104.020 3.549857E+01
104.030 6.609363E+02
104.040 3.543501E+01
104.050 3.540157E+01
104.060 3.539817E+01
104.070 3.542813E+01
104.080 3.539136E+01
104.090 3.535794E+01
104.100 3.535454E+01
104.110 3.535115E+01
104.120 3.537443E+01
104.130 3.531435E+01
104.140 3.533763E+01
104.150 3.527756E+01
104.160 3.530418E+01
104.170 3.532745E+01
104.180 3.526740E+01
104.190 3.526402E+01
104.200 3.525730E+01
104.210 3.522726E+01
104.220 3.528052E+01
104.230 3.521717E+01
104.240 3.521379E+01
104.250 3.518376E+01
104.260 3.520703E+01
104.270 3.520366E+01
104.280 3.517031E+01
104.290 3.516694E+01
104.300 3.513361E+01
104.310 3.513024E+01
104.320 3.694096E+01
104.330 3.509355E+01
104.340 3.512014E+01
104.350 3.508682E+01
104.360 3.508346E+01
104.370 3.510671E+01
104.380 3.504680E+01
104.390 3.507005E+01
104.400 3.504008E+01
104.410 3.500680E+01
104.420 3.508990E+01
104.430 3.500009E+01
104.440 3.499674E+01
104.450 3.499006E+01
104.460 3.496012E+01
104.470 3.501328E+01
104.480 3.495011E+01
104.490 3.494676E+01
104.500 3.494342E+01
104.510 3.491017E+01
104.520 3.496331E+01
104.530 3.490349E+01
104.540 3.490015E+01
104.550 3.486692E+01
104.560 3.489348E+01
104.570 8.836600E+02
104.580 3.485692E+01
104.590 3.485359E+01
104.600 3.482038E+01
104.610 3.481705E+01
104.620 3.484027E+01
104.630 3.480708E+01
104.640 3.480375E+01
104.650 3.477056E+01
104.660 3.476724E+01
104.670 3.479377E+01
104.680 3.473074E+01
104.690 3.475728E+01
104.700 3.472411E+01
104.710 3.469094E+01
104.720 3.477385E+01
104.730 3.468432E+01
104.740 3.468101E+01
104.750 3.283094E+02
104.760 3.464456E+01
104.770 3.469759E+01
104.780 3.466445E+01
104.790 3.445570E+02
104.800 3.472079E+01
104.810 3.462472E+01
104.820 3.462141E+01
104.830 3.458830E+01
104.840 3.640003E+01
104.850 3.458170E+01
104.860 3.454860E+01
104.870 3.460159E+01
104.880 3.454201E+01
104.890 3.450892E+01
104.900 4.010320E+02
104.910 3.450234E+01
104.920 6.601287E+01
104.930 3.449246E+01
104.940 5.907797E+01
104.950 3.448589E+01
104.960 3.445282E+01
104.970 3.447601E+01
104.980 3.444626E+01
104.990 3.467119E+01
105.000 3.440994E+01
105.010 3.440666E+01
105.020 3.442983E+01
105.030 3.437035E+01
105.040 3.441006E+01
105.050 3.433406E+01
105.060 3.435723E+01
105.070 3.438371E+01
105.080 3.432095E+01
105.090 3.431769E+01
105.100 3.431442E+01
105.110 3.431116E+01
105.120 3.433432E+01
105.130 3.427490E+01
105.140 3.426834E+01
105.150 3.636867E+01
105.160 3.426182E+01
105.170 3.425857E+01
105.180 3.422560E+01
105.190 3.422234E+01
105.200 3.421909E+01
105.210 3.418613E+01
105.220 3.423899E+01
105.230 3.414994E+01
105.240 3.417309E+01
105.250 3.414015E+01
105.260 3.413690E+01
105.270 3.418974E+01
105.280 3.509681E+01
105.290 3.409750E+01
105.300 3.409426E+01
105.310 3.411080E+01
105.320 3.687705E+01
105.330 3.405488E+01
105.340 3.405164E+01
105.350 3.404512E+01
105.360 3.404189E+01
105.370 3.406831E+01
105.380 3.403542E+01
105.390 3.400254E+01
105.400 4.271988E+01
105.410 3.399609E+01
105.420 3.401922E+01
105.430 3.396000E+01
105.440 3.395348E+01
105.450 3.395026E+01
105.460 3.391741E+01
105.470 3.397017E+01
105.480 3.391098E+01
105.490 3.390777E+01
105.500 3.390126E+01
105.510 3.389805E+01
105.520 3.389484E+01
105.530 3.386201E+01
105.540 3.385880E+01
105.550 3.385559E+01
105.560 3.382278E+01
105.570 3.384589E+01
105.580 3.480304E+01
105.590 3.380988E+01
105.600 3.378037E+01
105.610 3.380348E+01
105.620 3.380028E+01
105.630 3.376749E+01
105.640 3.373471E+01
105.650 3.376110E+01
105.660 3.372833E+01
105.670 3.375142E+01
105.680 3.371866E+01
105.690 3.368590E+01
105.700 3.821623E+01
105.710 3.367953E+01
105.720 1.052365E+02
105.730 3.367316E+01
105.740 3.364042E+01
105.750 3.363723E+01
105.760 3.370957E+01
105.770 3.365714E+01
105.780 3.359487E+01
105.790 3.359169E+01
105.800 3.358852E+01
105.810 3.358534E+01
105.820 3.360842E+01
105.830 3.354947E+01
105.840 3.354301E+01
105.850 3.353985E+01
105.860 3.353668E+01
105.870 3.353351E+01
105.880 3.352706E+01
105.890 3.346815E+01
105.900 3.349122E+01
105.910 3.348806E+01
105.920 3.348490E+01
105.930 3.345223E+01
105.940 3.344908E+01
105.950 3.344592E+01
105.960 3.341327E+01
105.970 3.343633E+01
105.980 3.340369E+01
105.990 3.340054E+01
106.000 3.336790E+01
106.010 3.339096E+01
106.020 3.338781E+01
106.030 3.335519E+01
106.040 3.332584E+01
106.050 3.334889E+01
106.060 3.331628E+01
106.070 3.352593E+01
106.080 3.331000E+01
106.090 3.327741E+01
106.100 3.327427E+01
106.110 3.326786E+01
106.120 3.332035E+01
106.130 3.323214E+01
106.140 3.322901E+01
106.150 3.325205E+01
106.160 3.319332E+01
106.170 3.324579E+01
106.180 3.321323E+01
106.190 3.318067E+01
106.200 3.317754E+01
106.210 3.317442E+01
106.220 3.319745E+01
106.230 3.313876E+01
106.240 3.313237E+01
106.250 3.312925E+01
106.260 1.721794E+04
106.270 3.314915E+01
106.280 3.309049E+01
106.290 3.308411E+01
106.300 3.308100E+01
106.310 3.304849E+01
106.320 3.310091E+01
106.330 3.304228E+01
106.340 3.303917E+01
106.350 1.131448E+02
106.360 3.302969E+01
106.370 3.305270E+01
106.380 3.299410E+01
106.390 3.296163E+01
106.400 3.298464E+01
106.410 3.295217E+01
106.420 3.300454E+01
106.430 3.294598E+01
106.440 3.296898E+01
106.450 3.293652E+01
106.460 3.290734E+01
106.470 3.293034E+01
106.480 3.289790E+01
106.490 3.289481E+01
106.500 3.286237E+01
106.510 3.285929E+01
106.520 3.291162E+01
106.530 3.282378E+01
106.540 3.284678E+01
106.550 3.281436E+01
106.560 3.281128E+01
106.570 3.283427E+01
106.580 3.280187E+01
106.590 4.455267E+03
106.600 3.276640E+01
106.610 6.359843E+03
106.620 3.278631E+01
106.630 3.275392E+01
106.640 3.272154E+01
106.650 3.271848E+01
106.660 2.152725E+02
106.670 3.273838E+01
106.680 3.267998E+01
106.690 3.267366E+01
106.700 3.267060E+01
106.710 3.266754E+01
106.720 3.269051E+01
106.730 3.263214E+01
106.740 3.262583E+01
106.750 3.262277E+01
106.760 3.261971E+01
106.770 3.264268E+01
106.780 3.258434E+01
106.790 3.257803E+01
106.800 3.257498E+01
106.810 3.254267E+01
106.820 3.259489E+01
106.830 3.260484E+01
106.840 3.261154E+01
106.850 3.252724E+01
106.860 3.249495E+01
106.870 3.254715E+01
106.880 3.248757E+01
106.890 3.248356E+01
106.900 3.245161E+01
106.910 3.244760E+01
106.920 3.249945E+01
106.930 3.243958E+01
106.940 3.243558E+01
106.950 3.240397E+01
106.960 3.426311E+01
106.970 3.245147E+01
106.980 3.239196E+01
106.990 3.236005E+01
107.000 3.238396E+01
107.010 3.235206E+01
107.020 3.237596E+01
107.030 5.305135E+01
107.040 3.234007E+01
107.050 3.230850E+01
107.060 3.230451E+01
107.070 3.232809E+01
107.080 3.229653E+01
107.090 3.226466E+01
107.100 3.228856E+01
107.110 3.225669E+01
107.120 3.228058E+01
107.130 3.222085E+01
107.140 3.224474E+01
107.150 3.221289E+01
107.160 3.220891E+01
107.170 3.223280E+01
107.180 3.220096E+01
107.190 3.216912E+01
107.200 3.216515E+01
107.210 3.216118E+01
107.220 3.218506E+01
107.230 3.212571E+01
107.240 3.212174E+01
107.250 3.211778E+01
107.260 3.211381E+01
107.270 3.299227E+01
107.280 3.210588E+01
107.290 9.584488E+03
107.300 3.207012E+01
107.310 3.203834E+01
107.320 3.209003E+01
107.330 3.203042E+01
107.340 3.202647E+01
107.350 2.978833E+03
107.360 3.201856E+01
107.370 3.204242E+01
107.380 3.198285E+01
107.390 3.197890E+01
107.400 3.197495E+01
107.410 3.194353E+01
107.420 3.199486E+01
107.430 3.193564E+01
107.440 3.193170E+01
107.450 3.192776E+01
107.460 3.189635E+01
107.470 3.194766E+01
107.480 3.188848E+01
107.490 3.188454E+01
107.500 3.185283E+01
107.510 3.187667E+01
107.520 3.187274E+01
107.530 3.184136E+01
107.540 3.183743E+01
107.550 3.183350E+01
107.560 3.180181E+01
107.570 3.182564E+01
107.580 3.179428E+01
107.590 3.179036E+01
107.600 3.175900E+01
107.610 3.178251E+01
107.620 3.177891E+01
107.630 3.174725E+01
107.640 3.174333E+01
107.650 3.171200E+01
107.660 3.170808E+01
107.670 3.175932E+01
107.680 3.167285E+01
107.690 3.169667E+01
107.700 3.166503E+01
107.710 3.166113E+01
107.720 3.171266E+01
107.730 3.162592E+01
107.740 3.166649E+01
107.750 3.161811E+01
107.760 3.161421E+01
107.770 3.163802E+01
107.780 3.160641E+01
107.790 3.160284E+01
107.800 3.157124E+01
107.810 3.156734E+01
107.820 3.159114E+01
107.830 3.155955E+01
107.840 3.152829E+01
107.850 3.152440E+01
107.860 3.152051E+01
107.870 3.154399E+01
107.880 3.151274E+01
107.890 3.148117E+01
107.900 3.147729E+01
107.910 3.147341E+01
107.920 3.149720E+01
107.930 3.143830E+01
107.940 3.146209E+01
107.950 3.143054E+01
107.960 3.142667E+01
107.970 3.145045E+01
107.980 3.139126E+01
107.990 3.138739E+01
108.000 3.138352E+01
108.010 3.137965E+01
108.020 3.140343E+01
108.030 3.134459E+01
108.040 3.134072E+01
108.050 3.133686E+01
108.060 3.133300E+01
108.070 3.135644E+01
108.080 3.129764E+01
108.090 3.129378E+01
108.100 3.128992E+01
108.110 3.128606E+01
108.120 3.130951E+01
108.130 3.125073E+01
108.140 3.124688E+01
108.150 3.124303E+01
108.160 3.121157E+01
108.170 3.126261E+01
108.180 3.120387E+01
108.190 3.120002E+01
108.200 3.119618E+01
108.210 3.116473E+01
108.220 3.121576E+01
108.230 3.115705E+01
108.240 3.115321E+01
108.250 3.114905E+01
108.260 3.111794E+01
108.270 3.116895E+01
108.280 3.110995E+01
108.290 3.110612E+01
108.300 3.110228E+01
108.310 3.107088E+01
108.320 3.112187E+01
108.330 3.106322E+01
108.340 3.105939E+01
108.350 3.106197E+01
108.360 3.105141E+01
108.370 3.104759E+01
108.380 3.101653E+01
108.390 1.182106E+05
108.400 3.100856E+01
108.410 3.097720E+01
108.420 3.102815E+01
108.430 3.096956E+01
108.440 3.093821E+01
108.450 1.224357E+05
108.460 3.093058E+01
108.470 3.098119E+01
108.480 3.089543E+01
108.490 4.419490E+03
108.500 3.091470E+01
108.510 3.088369E+01
108.520 3.090708E+01
108.530 3.145742E+01
108.540 3.087195E+01
108.550 1.702681E+04
108.560 3.086402E+01
108.570 3.161215E+04
108.580 3.082892E+01
108.590 3.079762E+01
108.600 3.082100E+01
108.610 3.079003E+01
108.620 3.081341E+01
108.630 3.078212E+01
108.640 3.077833E+01
108.650 3.074705E+01
108.660 3.074295E+01
108.670 3.079380E+01
108.680 3.070789E+01
108.690 3.073127E+01
108.700 3.070001E+01
108.710 3.069623E+01
108.720 3.074674E+01
108.730 3.066120E+01
108.740 3.068456E+01
108.750 3.065332E+01
108.760 3.064955E+01
108.770 3.067259E+01
108.780 3.064168E+01
108.790 3.063758E+01
108.800 3.068041E+01
108.810 3.060259E+01
108.820 3.062595E+01
108.830 3.059474E+01
108.840 3.056353E+01
108.850 3.055977E+01
108.860 3.055568E+01
108.870 3.060614E+01
108.880 3.052073E+01
108.890 3.054408E+01
108.900 3.051289E+01
108.910 3.050882E+01
108.920 3.053216E+01
108.930 3.050098E+01
108.940 3.046981E+01
108.950 3.046606E+01
108.960 3.046199E+01
108.970 3.048532E+01
108.980 3.045417E+01
108.990 3.042302E+01
109.000 3.041927E+01
109.010 3.041521E+01
109.020 3.043854E+01
109.030 3.040740E+01
109.040 3.037627E+01
109.050 3.037253E+01
109.060 3.036847E+01
109.070 3.042681E+01
109.080 3.036067E+01
109.090 3.032956E+01
109.100 3.032551E+01
109.110 3.032177E+01
109.120 3.034477E+01
109.130 3.028663E+01
109.140 3.030994E+01
109.150 3.034820E+01
109.160 3.027480E+01
109.170 3.029811E+01
109.180 3.024000E+01
109.190 3.023595E+01
109.200 3.023191E+01
109.210 3.022819E+01
109.220 3.025118E+01
109.230 3.022011E+01
109.240 3.018906E+01
109.250 3.018534E+01
109.260 3.018131E+01
109.270 3.020428E+01
109.280 3.014623E+01
109.290 3.014252E+01
109.300 3.013849E+01
109.310 3.013446E+01
109.320 3.015775E+01
109.330 3.009941E+01
109.340 3.012270E+01
109.350 3.009169E+01
109.360 3.006067E+01
109.370 3.011095E+01
109.380 3.007994E+01
109.390 3.004894E+01
109.400 3.004492E+01
109.410 3.001393E+01
109.420 3.006387E+01
109.430 3.003320E+01
109.440 3.000221E+01
109.450 2.999820E+01
109.460 2.999419E+01
109.470 2.999018E+01
109.480 2.998618E+01
109.490 2.995521E+01
109.500 2.995121E+01
109.510 2.994752E+01
109.520 2.997047E+01
109.530 2.991257E+01
109.540 2.990857E+01
109.550 2.990457E+01
109.560 2.990057E+01
109.570 2.989658E+01
109.580 2.990653E+01
109.590 2.986165E+01
109.600 2.985798E+01
109.610 2.982706E+01
109.620 2.987692E+01
109.630 2.984601E+01
109.640 2.981510E+01
109.650 2.981111E+01
109.660 1.422593E+03
109.670 2.983006E+01
109.680 2.977225E+01
109.690 2.979518E+01
109.700 2.973738E+01
109.710 2.976031E+01
109.720 2.978323E+01
109.730 2.976501E+01
109.740 2.972148E+01
109.750 2.971751E+01
109.760 2.971353E+01
109.770 2.973645E+01
109.780 2.967870E+01
109.790 2.967474E+01
109.800 2.967077E+01
109.810 2.966680E+01
109.820 2.970141E+01
109.830 2.965887E+01
109.840 4.588046E+01
109.850 2.962407E+01
109.860 2.959325E+01
109.870 2.964302E+01
109.880 2.958533E+01
109.890 2.960823E+01
109.900 2.955056E+01
109.910 2.957346E+01
109.920 2.959636E+01
109.930 2.953871E+01
109.940 2.953476E+01
109.950 2.953081E+01
109.960 2.952686E+01
109.970 2.954944E+01
109.980 2.950318E+01
109.990 2.948787E+01
110.000 2.948392E+01
110.010 2.945315E+01
110.020 2.950287E+01
110.030 2.944527E+01
110.040 2.946816E+01
110.050 2.941058E+01
110.060 2.943346E+01
110.070 2.945602E+01
110.080 2.951896E+01
110.090 2.939453E+01
110.100 2.939060E+01
110.110 2.938667E+01
110.120 2.940954E+01
110.130 2.935201E+01
110.140 2.934777E+01
110.150 2.934384E+01
110.160 2.931312E+01
110.170 2.936278E+01
110.180 2.933207E+01
110.190 3.677560E+01
110.200 2.927066E+01
110.210 2.929321E+01
110.220 2.931607E+01
110.230 1.723825E+02
110.240 2.925468E+01
110.250 2.925045E+01
110.260 2.924654E+01
110.270 2.926940E+01
110.280 2.979762E+01
110.290 2.920773E+01
110.300 2.920382E+01
110.310 2.919992E+01
110.320 2.922245E+01
110.330 2.916535E+01
110.340 2.916114E+01
110.350 2.915724E+01
110.360 2.915334E+01
110.370 2.914912E+01
110.380 2.914522E+01
110.390 2.911459E+01
110.400 2.911069E+01
110.410 2.907975E+01
110.420 2.912932E+01
110.430 2.909869E+01
110.440 2.906776E+01
110.450 2.906387E+01
110.460 2.903326E+01
110.470 2.908250E+01
110.480 2.902518E+01
110.490 2.904801E+01
110.500 2.901741E+01
110.510 2.898651E+01
110.520 2.903573E+01
110.530 2.900514E+01
110.540 2.897456E+01
110.550 2.897068E+01
110.560 2.894011E+01
110.570 2.898931E+01
110.580 2.904195E+01
110.590 2.892786E+01
110.600 2.892399E+01
110.610 2.889343E+01
110.620 2.894262E+01
110.630 2.934992E+01
110.640 2.888152E+01
110.650 2.887734E+01
110.660 2.887347E+01
110.670 2.889597E+01
110.680 2.883877E+01
110.690 2.883491E+01
110.700 2.883073E+01
110.710 2.882687E+01
110.720 2.884936E+01
110.730 2.879219E+01
110.740 2.881467E+01
110.750 2.878417E+01
110.760 2.875367E+01
110.770 2.880248E+01
110.780 2.877199E+01
110.790 2.874149E+01
110.800 2.873765E+01
110.810 2.873349E+01
110.820 2.901384E+01
110.830 5.649599E+03
110.840 2.872132E+01
110.850 2.869085E+01
110.860 2.868701E+01
110.870 2.870948E+01
110.880 2.865240E+01
110.890 2.864825E+01
110.900 2.864441E+01
110.910 2.864027E+01
110.920 2.866273E+01
110.930 2.863228E+01
110.940 2.860185E+01
110.950 2.859770E+01
110.960 2.859388E+01
110.970 2.861602E+01
110.980 2.858559E+01
110.990 1.262789E+04
111.000 2.855104E+01
111.010 2.854721E+01
111.020 2.856966E+01
111.030 2.853894E+01
111.040 2.850854E+01
111.050 2.850472E+01
111.060 2.850059E+01
111.070 2.852304E+01
111.080 2.849265E+01
111.090 2.846195E+01
111.100 2.848439E+01
111.110 2.845402E+01
111.120 2.847646E+01
111.130 2.856638E+01
111.140 2.844196E+01
111.150 2.841160E+01
111.160 2.840748E+01
111.170 2.842991E+01
111.180 2.839925E+01
111.190 2.836890E+01
111.200 2.836510E+01
111.210 2.836099E+01
111.220 2.840964E+01
111.230 2.832654E+01
111.240 2.834866E+01
111.250 2.831833E+01
111.260 2.831422E+01
111.270 2.833664E+01
111.280 2.830633E+01
111.290 2.830222E+01
111.300 2.827191E+01
111.310 3.056133E+02
111.320 2.022370E+04
111.330 2.825962E+01
111.340 2.825583E+01
111.350 2.822523E+01
111.360 2.822144E+01
111.370 2.824354E+01
111.380 2.821326E+01
111.390 3.116160E+01
111.400 2.817889E+01
111.410 2.817481E+01
111.420 2.822339E+01
111.430 2.816663E+01
111.440 2.813637E+01
111.450 2.815846E+01
111.460 2.812821E+01
111.470 2.815061E+01
111.480 2.812005E+01
111.490 2.811628E+01
111.500 2.808573E+01
111.510 4.489751E+01
111.520 2.813020E+01
111.530 6.035699E+01
111.540 2.804328E+01
111.550 2.806567E+01
111.560 3.614345E+01
111.570 2.927444E+01
111.580 2.802731E+01
111.590 2.799680E+01
111.600 2.801918E+01
111.610 3.139823E+01
111.620 2.803718E+01
111.630 2.798086E+01
111.640 2.797679E+01
111.650 2.802809E+01
111.660 2.810488E+01
111.670 2.796461E+01
111.680 2.793413E+01
111.690 2.793007E+01
111.700 2.792602E+01
111.710 2.789585E+01
111.720 2.794402E+01
111.730 2.788775E+01
111.740 2.788370E+01
111.750 2.785355E+01
111.760 2.787560E+01
111.770 2.914563E+01
111.780 2.786751E+01
111.790 2.781097E+01
111.800 3.336372E+01
111.810 2.782898E+01
111.820 2.782493E+01
111.830 2.782089E+01
111.840 2.779077E+01
111.850 2.776066E+01
111.860 2.778270E+01
111.870 2.780474E+01
111.880 2.990252E+01
111.890 2.774422E+01
111.900 2.774019E+01
111.910 2.771009E+01
111.920 2.775819E+01
111.930 2.770204E+01
111.940 2.769801E+01
111.950 2.769399E+01
111.960 2.768965E+01
111.970 2.771168E+01
111.980 2.765556E+01
111.990 2.765154E+01
112.000 2.764752E+01
112.010 2.764319E+01
112.020 2.766521E+01
112.030 2.760912E+01
112.040 2.760511E+01
112.050 2.760109E+01
112.060 2.759677E+01
112.070 2.769160E+01
112.080 2.756272E+01
112.090 2.758474E+01
112.100 2.755471E+01
112.110 2.755039E+01
112.120 2.757240E+01
112.130 2.751637E+01
112.140 2.751237E+01
112.150 2.750806E+01
112.160 2.750406E+01
112.170 2.752606E+01
112.180 2.749606E+01
112.190 2.746575E+01
112.200 2.746175E+01
112.210 2.745776E+01
112.220 2.747976E+01
112.230 2.772885E+01
112.240 2.741948E+01
112.250 2.550064E+03
112.260 2.758441E+01
112.270 2.743319E+01
112.280 2.737724E+01
112.290 2.739893E+01
112.300 2.736897E+01
112.310 2.736498E+01
112.320 2.738666E+01
112.330 2.735671E+01
112.340 2.735273E+01
112.350 2.732279E+01
112.360 2.731850E+01
112.370 2.734048E+01
112.380 2.731055E+01
112.390 2.730627E+01
112.400 2.727634E+01
112.410 2.754421E+01
112.420 2.731998E+01
112.430 2.726412E+01
112.440 8.017365E+01
112.450 2.732566E+01
112.460 2.722597E+01
112.470 2.775860E+01
112.480 2.724428E+01
112.490 2.709925E+02
112.500 2.729994E+01
112.510 2.723733E+01
112.520 2.769720E+01
112.530 2.717139E+01
112.540 2.716743E+01
112.550 2.716317E+01
112.560 2.713330E+01
112.570 2.715495E+01
112.580 2.715099E+01
112.590 2.709523E+01
112.600 2.711688E+01
112.610 2.708702E+01
112.620 2.713457E+01
112.630 2.707882E+01
112.640 2.707457E+01
112.650 2.707062E+01
112.660 2.704048E+01
112.670 2.708801E+01
112.680 2.703229E+01
112.690 2.702835E+01
112.700 2.702411E+01
112.710 2.702017E+01
112.720 2.703194E+01
112.730 2.701199E+01
112.740 2.698187E+01
112.750 2.695207E+01
112.760 2.697370E+01
112.770 2.699532E+01
112.780 2.693997E+01
112.790 2.693574E+01
112.800 2.693150E+01
112.810 2.692757E+01
112.820 2.694919E+01
112.830 4.966874E+03
112.840 2.688933E+01
112.850 2.688541E+01
112.860 2.688118E+01
112.870 2.690280E+01
112.880 2.687304E+01
112.890 2.684328E+01
112.900 2.683906E+01
112.910 2.683484E+01
112.920 2.685645E+01
112.930 2.680118E+01
112.940 2.682248E+01
112.950 2.679275E+01
112.960 2.678884E+01
112.970 2.704650E+01
112.980 2.678041E+01
112.990 2.675068E+01
113.000 2.674647E+01
113.010 2.674257E+01
113.020 2.678967E+01
113.030 2.670865E+01
113.040 2.673025E+01
113.050 2.670024E+01
113.060 2.669635E+01
113.070 2.671763E+01
113.080 2.668794E+01
113.090 2.668374E+01
113.100 1.261980E+02
113.110 2.664985E+01
113.120 2.669723E+01
113.130 2.664177E+01
113.140 2.661210E+01
113.150 2.663337E+01
113.160 6.722349E+01
113.170 2.662529E+01
113.180 2.659563E+01
113.190 2.659144E+01
113.200 2.658725E+01
113.210 2.655761E+01
113.220 2.657888E+01
113.230 2.654924E+01
113.240 2.654505E+01
113.250 2.654118E+01
113.260 2.651124E+01
113.270 2.655826E+01
113.280 2.650319E+01
113.290 2.649901E+01
113.300 2.651904E+01
113.310 2.646522E+01
113.320 2.651222E+01
113.330 2.645687E+01
113.340 2.645270E+01
113.350 2.644853E+01
113.360 5.479707E+01
113.370 2.644049E+01
113.380 2.643632E+01
113.390 2.640674E+01
113.400 2.637685E+01
113.410 2.639840E+01
113.420 2.641965E+01
113.430 2.636467E+01
113.440 2.638591E+01
113.450 2.635635E+01
113.460 2.632679E+01
113.470 2.637343E+01
113.480 2.634387E+01
113.490 2.631432E+01
113.500 2.631017E+01
113.510 2.630601E+01
113.520 2.632725E+01
113.530 2.627232E+01
113.540 2.629356E+01
113.550 2.626402E+01
113.560 2.625988E+01
113.570 2.628111E+01
113.580 2.625158E+01
113.590 2.622207E+01
113.600 2.621792E+01
113.610 2.621378E+01
113.620 2.626037E+01
113.630 2.618014E+01
113.640 2.620136E+01
113.650 2.617186E+01
113.660 2.616773E+01
113.670 2.621430E+01
113.680 2.613380E+01
113.690 2.615533E+01
113.700 1.194179E+03
113.710 2.612141E+01
113.720 2.633621E+01
113.730 2.611315E+01
113.740 2.610902E+01
113.750 2.607956E+01
113.760 2.610077E+01
113.770 2.609665E+01
113.780 2.606719E+01
113.790 2.606307E+01
113.800 2.612730E+01
113.810 2.602920E+01
113.820 2.607633E+01
113.830 2.602096E+01
113.840 2.601685E+01
113.850 3.417206E+01
113.860 2.600862E+01
113.870 2.619814E+01
113.880 2.597508E+01
113.890 2.597067E+01
113.900 2.596656E+01
113.910 2.593715E+01
113.920 2.598364E+01
113.930 2.592894E+01
113.940 2.592483E+01
113.950 2.592073E+01
113.960 2.591632E+01
113.970 2.593751E+01
113.980 2.588283E+01
113.990 2.590402E+01
114.000 2.587464E+01
114.010 2.584496E+01
114.020 2.589142E+01
114.030 2.586204E+01
114.040 2.583268E+01
114.050 2.582859E+01
114.060 2.582419E+01
114.070 2.584537E+01
114.080 2.581601E+01
114.090 2.578666E+01
114.100 2.580753E+01
114.110 2.577818E+01
114.120 2.579935E+01
114.130 2.577002E+01
114.140 2.574068E+01
114.150 2.573630E+01
114.160 2.575746E+01
114.170 2.575338E+01
114.180 2.572406E+01
114.190 2.569444E+01
114.200 2.571560E+01
114.210 2.568629E+01
114.220 2.570715E+01
114.230 2.567784E+01
114.240 2.567377E+01
114.250 2.566970E+01
114.260 2.564041E+01
114.270 2.566126E+01
114.280 2.563197E+01
114.290 2.562790E+01
114.300 2.565179E+01
114.310 2.559426E+01
114.320 2.564031E+01
114.330 2.558583E+01
114.340 2.558177E+01
114.350 2.557771E+01
114.360 2.554845E+01
114.370 2.559449E+01
114.380 2.554004E+01
114.390 2.553568E+01
114.400 2.553163E+01
114.410 2.552758E+01
114.420 2.554841E+01
114.430 2.549398E+01
114.440 2.548993E+01
114.450 2.548558E+01
114.460 2.548154E+01
114.470 2.550236E+01
114.480 2.547314E+01
114.490 2.544392E+01
114.500 2.543958E+01
114.510 2.543554E+01
114.520 2.545636E+01
114.530 2.540199E+01
114.540 2.542312E+01
114.550 2.539392E+01
114.560 2.538958E+01
114.570 2.541040E+01
114.580 2.538121E+01
114.590 2.535202E+01
114.600 2.537284E+01
114.610 3.321226E+03
114.620 2.536447E+01
114.630 2.533530E+01
114.640 2.533127E+01
114.650 2.568100E+01
114.660 2.533079E+01
114.670 2.534372E+01
114.680 2.528943E+01
114.690 2.526028E+01
114.700 2.528109E+01
114.710 2.525194E+01
114.720 2.529757E+01
114.730 2.524361E+01
114.740 2.523929E+01
114.750 2.523527E+01
114.760 2.520584E+01
114.770 2.525175E+01
114.780 2.519752E+01
114.790 2.519351E+01
114.800 2.518919E+01
114.810 2.516008E+01
114.820 2.520567E+01
114.830 2.515177E+01
114.840 2.514746E+01
114.850 2.514346E+01
114.860 2.513915E+01
114.870 2.515994E+01
114.880 2.510576E+01
114.890 2.512654E+01
114.900 2.509746E+01
114.910 2.506838E+01
114.920 2.511394E+01
114.930 2.508487E+01
114.940 2.505580E+01
114.950 2.505180E+01
114.960 3.499596E+01
114.970 2.509305E+01
114.980 2.501416E+01
114.990 2.503494E+01
115.000 2.500589E+01
115.010 2.500160E+01
115.020 2.502237E+01
115.030 2.499333E+01
115.040 2.498904E+01
115.050 2.496001E+01
115.058 1.747272E+06
115.226 3.090084E+06
115.394 3.405563E+06
115.561 3.688686E+06
115.729 4.157861E+06
115.897 2.588552E+06
116.064 2.402499E+06
116.232 1.625934E+06
116.399 1.747272E+06
116.567 1.383257E+06
116.735 1.197205E+06
116.902 1.577399E+06
117.070 1.043510E+06
117.238 1.132491E+06
117.405 1.844343E+06
117.573 1.391347E+06
117.741 1.051599E+06
117.908 1.132491E+06
118.076 1.075867E+06
118.243 3.090084E+05
118.411 5.589654E+05
118.579 6.471379E+05
118.746 5.306531E+05
118.914 4.400538E+05
119.082 5.387423E+05
119.249 3.996077E+05
119.417 7.013357E+05
119.585 2.264983E+05
119.752 3.858560E+05
119.920 4.999140E+05
120.087 3.268046E+05
120.255 5.144746E+05
120.423 6.552271E+05
120.590 8.089224E+05
120.758 1.132491E+06
120.926 1.666380E+06
121.093 2.434856E+06
121.261 3.462188E+06
121.429 3.712954E+06
121.596 4.513787E+06
121.764 3.187154E+06
121.932 2.459124E+06
122.099 1.512685E+06
122.267 7.603870E+05
122.434 3.955630E+05
122.602 2.944477E+05
122.770 3.963720E+05
122.937 3.810024E+05
123.105 3.583526E+05
123.273 3.357028E+05
123.440 2.912121E+05
123.608 2.224537E+05
123.776 3.696775E+05
123.943 2.709890E+05
124.111 2.531927E+05
124.278 2.653265E+05
124.446 2.887853E+05
124.614 3.534991E+05
124.781 3.138619E+05
124.949 3.114351E+05
125.117 3.162887E+05
125.284 3.284225E+05
125.452 3.251868E+05
125.620 2.273072E+05
125.787 3.146708E+05
125.955 2.823139E+05
126.122 3.518812E+05
126.290 3.939452E+05
126.458 3.623972E+05
126.625 2.984924E+05
126.793 3.130530E+05
126.961 2.717979E+05
127.128 2.022306E+05
127.296 4.174040E+05
127.464 2.701801E+05
127.631 2.742247E+05
127.799 2.394410E+05
127.967 2.742247E+05
128.134 3.462188E+05
128.302 3.138619E+05
128.469 2.847407E+05
128.637 2.936388E+05
128.805 3.259957E+05
128.972 3.446009E+05
129.140 3.365117E+05
129.308 3.478366E+05
129.475 3.106262E+05
129.643 2.637087E+05
129.811 3.025370E+05
129.978 2.628998E+05
130.146 3.001102E+05
130.313 4.068880E+05
130.481 5.314620E+05
130.649 4.732196E+05
130.816 4.432895E+05
130.984 3.834292E+05
131.152 3.219511E+05
131.319 3.114351E+05
131.487 3.001102E+05
131.655 3.882827E+05
131.822 3.357028E+05
131.990 6.220613E+04
132.157 4.182129E+05
132.325 3.405563E+05
132.493 3.227600E+05
132.660 3.534991E+05
132.828 4.149772E+05
132.996 3.154797E+05
133.163 5.136657E+05
133.331 5.646278E+05
133.499 7.959796E+05
133.666 6.147810E+05
133.834 4.627036E+05
134.001 3.405563E+05
134.169 4.368181E+05
134.337 3.971809E+05
134.504 5.257996E+05
134.672 4.570411E+05
134.840 4.481430E+05
135.007 4.643214E+05
135.175 1.593577E+05
135.343 5.306531E+05
135.510 4.376270E+05
135.678 4.594679E+05
135.846 5.322709E+05
136.013 5.144746E+05
136.181 5.824241E+05
136.348 6.034561E+05
136.516 5.144746E+05
136.684 4.295378E+05
136.851 4.303467E+05
137.019 4.141683E+05
137.187 4.982962E+05
137.354 5.775706E+05
137.522 6.827305E+05
137.690 5.856598E+05
137.857 4.182129E+05
138.025 5.330799E+05
138.192 5.225639E+05
138.360 5.524940E+05
138.528 6.139721E+05
138.695 5.257996E+05
138.863 5.452137E+05
139.031 7.021446E+05
139.198 7.118517E+05
139.366 8.574577E+05
139.534 8.170116E+05
139.701 6.972911E+05
139.869 7.377372E+05
140.036 6.649342E+05
140.204 6.455201E+05
140.372 6.722145E+05
140.539 5.549208E+05
140.707 6.528004E+05
140.875 5.581564E+05
141.042 8.008332E+05
141.210 5.395512E+05
141.378 6.123542E+05
141.545 6.908197E+05
141.713 7.514889E+05
141.881 8.412793E+05
142.048 8.736362E+05
142.216 8.574577E+05
142.383 8.655470E+05
142.551 7.150874E+05
142.719 6.414755E+05
142.886 7.757566E+05
143.054 8.655470E+05
143.222 8.574577E+05
143.389 5.727170E+05
143.557 7.757566E+05
143.725 7.822279E+05
143.892 1.083956E+06
144.060 6.956733E+05
144.227 7.142785E+05
144.395 8.251008E+05
144.563 8.251008E+05
144.730 7.296480E+05
144.898 8.655470E+05
145.066 9.868853E+05
145.233 9.140823E+05
145.401 9.545284E+05
145.569 9.059931E+05
145.736 9.140823E+05
145.904 9.302607E+05
146.071 8.574577E+05
146.239 8.081135E+05
146.407 8.979038E+05
146.574 8.251008E+05
146.742 9.787961E+05
146.910 8.251008E+05
147.077 8.655470E+05
147.245 9.464392E+05
147.413 9.949745E+05
147.580 1.075867E+06
147.748 1.075867E+06
147.916 1.083956E+06
148.083 1.100134E+06
148.251 1.011153E+06
148.418 1.100134E+06
148.586 1.237651E+06
148.754 1.213384E+06
148.921 1.237651E+06
149.089 1.278097E+06
149.257 1.245740E+06
149.424 1.011153E+06
149.592 1.156759E+06
149.760 1.148670E+06
149.927 1.035421E+06
150.095 1.261919E+06
150.262 1.270008E+06
150.430 1.140581E+06
150.598 1.043510E+06
150.765 1.108224E+06
150.933 1.124402E+06
151.101 1.027331E+06
151.268 9.787961E+05
151.436 1.059688E+06
151.604 1.221473E+06
151.771 1.189116E+06
151.939 1.342811E+06
152.106 1.294276E+06
152.274 1.124402E+06
152.442 1.286187E+06
152.609 1.116313E+06
152.777 1.156759E+06
152.945 1.261919E+06
153.112 1.358990E+06
153.280 1.213384E+06
153.448 1.261919E+06
153.615 1.496506E+06
153.783 1.690648E+06
153.950 1.690648E+06
154.118 1.399436E+06
154.286 1.447971E+06
154.453 1.593577E+06
154.621 1.884789E+06
154.789 1.957592E+06
154.956 2.232626E+06
155.124 1.925235E+06
155.292 1.779629E+06
155.459 1.933325E+06
155.627 1.755362E+06
155.795 1.755362E+06
155.962 1.828165E+06
156.130 1.585488E+06
156.297 1.828165E+06
156.465 2.159823E+06
156.633 2.022306E+06
156.800 1.779629E+06
156.968 1.836254E+06
157.136 1.763451E+06
157.303 2.022306E+06
157.471 2.103198E+06
157.639 2.216447E+06
157.806 2.038484E+06
157.974 2.216447E+06
158.141 1.925235E+06
158.309 2.111287E+06
158.477 2.216447E+06
158.644 1.933325E+06
158.812 2.200269E+06
158.980 1.917146E+06
159.147 2.095109E+06
159.315 1.909057E+06
159.483 2.119377E+06
159.650 2.240715E+06
159.818 2.370143E+06
159.985 2.176001E+06
160.153 2.127466E+06
160.321 2.426767E+06
160.488 2.410589E+06
160.656 2.313518E+06
160.824 2.459124E+06
160.991 2.184090E+06
161.159 2.248804E+06
161.327 2.507659E+06
161.494 2.507659E+06
161.662 2.661355E+06
161.830 2.531927E+06
161.997 2.847407E+06
162.165 3.081994E+06
162.332 3.195243E+06
162.500 2.709890E+06
162.668 2.717979E+06
162.835 2.709890E+06
163.003 2.815050E+06
163.171 3.146708E+06
163.338 3.211422E+06
163.506 3.559258E+06
163.674 3.259957E+06
163.841 3.065816E+06
164.009 3.235690E+06
164.176 2.952567E+06
164.344 3.874738E+06
164.512 3.947541E+06
164.679 4.085058E+06
164.847 3.769578E+06
165.015 3.923274E+06
165.182 3.721043E+06
165.350 3.454099E+06
165.518 3.235690E+06
165.685 2.855496E+06
165.853 3.567348E+06
166.020 4.352002E+06
166.188 4.999140E+06
166.356 5.233728E+06
166.523 5.023408E+06
166.691 4.885891E+06
166.859 4.651304E+06
167.026 4.157861E+06
167.194 4.521876E+06
167.362 4.804999E+06
167.529 5.031497E+06
167.697 4.675571E+06
167.865 5.023408E+06
168.032 4.562322E+06
168.200 4.716018E+06
168.367 6.714056E+06
168.535 4.343913E+06
168.703 5.152836E+06
168.870 5.937490E+06
169.038 5.735260E+06
169.206 6.916286E+06
169.373 6.487558E+06
169.541 6.034561E+06
169.709 7.061892E+06
169.876 9.059931E+06
170.044 9.949745E+06
170.211 1.140581E+07
170.379 9.059931E+06
170.547 1.043510E+07
170.714 1.286187E+07
170.882 1.431793E+07
171.050 8.898146E+06
171.217 1.714915E+07
171.385 1.067778E+07
171.553 1.221473E+07
171.720 2.103198E+07
171.888 1.197205E+07
172.055 8.412793E+06
172.223 1.019242E+07
172.391 7.037625E+06
172.558 9.059931E+06
172.726 1.108224E+07
172.894 1.561220E+07
173.061 1.124402E+07
173.229 1.140581E+07
173.397 1.213384E+07
173.564 1.116313E+07
173.732 1.189116E+07
173.899 1.075867E+07
174.067 1.771540E+07
174.235 1.092045E+07
174.402 1.205294E+07
174.570 1.310454E+07
174.738 1.423703E+07
174.905 1.528863E+07
175.073 1.310454E+07
175.241 1.569309E+07
175.408 1.682559E+07
175.576 2.062752E+07
175.744 2.273072E+07
175.911 1.739183E+07
176.079 1.723005E+07
176.246 1.674469E+07
176.414 1.407525E+07
176.582 1.585488E+07
176.749 1.731094E+07
176.917 2.224537E+07
177.085 2.531927E+07
177.252 1.496506E+07
177.420 2.273072E+07
177.588 1.690648E+07
177.755 1.852432E+07
177.923 2.596641E+07
178.090 3.025370E+07
178.258 3.235690E+07
178.426 1.771540E+07
178.593 2.022306E+07
178.761 2.661355E+07
178.929 1.731094E+07
179.096 1.917146E+07
179.264 1.634023E+07
179.432 1.714915E+07
179.599 1.439882E+07
179.767 2.256893E+07
179.934 2.192180E+07
180.102 1.917146E+07
180.270 1.868611E+07
180.437 1.917146E+07
180.605 2.305429E+07
180.773 2.256893E+07
180.940 3.057727E+07
181.108 2.612819E+07
181.276 2.459124E+07
181.443 4.376270E+07
181.611 3.049637E+07
181.779 2.556195E+07
181.946 4.699839E+07
182.114 4.918248E+07
182.281 2.264983E+07
182.449 2.232626E+07
182.617 3.365117E+07
182.784 2.329696E+07
182.952 3.033459E+07
183.120 2.750336E+07
183.287 3.340849E+07
183.455 3.154797E+07
183.623 1.625934E+07
183.790 2.620909E+07
183.958 2.329696E+07
184.125 1.504596E+07
184.293 2.062752E+07
184.461 1.884789E+07
184.628 1.488417E+07
184.796 1.698737E+07
184.964 1.949503E+07
185.131 2.588552E+07
185.299 1.933325E+07
185.467 2.224537E+07
185.634 3.801935E+07
185.802 2.774604E+07
185.969 3.907095E+07
186.137 4.295378E+07
186.305 2.353964E+07
186.472 2.394410E+07
186.640 4.004166E+07
186.808 3.996077E+07
186.975 3.785757E+07
187.143 3.858560E+07
187.311 4.109326E+07
187.478 4.263021E+07
187.646 3.785757E+07
187.814 4.416716E+07
187.981 4.554233E+07
188.149 3.268046E+07
188.316 5.120479E+07
188.484 5.541118E+07
188.652 2.531927E+07
188.819 5.808063E+07
188.987 4.966783E+07
189.155 4.667482E+07
189.322 4.125504E+07
189.490 3.931363E+07
189.658 3.947541E+07
189.825 3.057727E+07
189.993 4.578501E+07
190.160 4.804999E+07
190.328 2.709890E+07
190.496 2.321607E+07
190.663 5.306531E+07
190.831 3.478366E+07
190.999 5.193282E+07
191.166 5.921312E+07
191.334 5.193282E+07
191.502 5.063854E+07
191.669 4.974873E+07
191.837 9.140823E+07
192.004 7.935529E+07
192.172 8.089224E+07
192.340 1.205294E+08
192.507 7.401640E+07
192.675 6.066918E+07
192.843 9.140823E+07
193.010 3.615883E+07
193.178 3.211422E+07
193.346 3.316582E+07
193.513 4.044612E+07
193.681 4.352002E+07
193.848 5.136657E+07
194.016 3.494545E+07
194.184 3.915184E+07
194.351 4.093147E+07
194.519 5.799974E+07
194.687 6.277238E+07
194.854 5.872777E+07
195.022 6.058829E+07
195.190 4.279199E+07
195.357 6.358130E+07
195.525 5.169014E+07
195.693 4.554233E+07
195.860 5.880866E+07
196.028 6.309595E+07
196.195 5.945580E+07
196.363 6.083096E+07
196.531 6.155899E+07
196.698 6.220613E+07
196.866 5.177103E+07
197.034 4.279199E+07
197.201 6.244881E+07
197.369 5.047676E+07
197.537 5.913223E+07
197.704 5.913223E+07
197.872 6.083096E+07
197.950 5.179853E+07
198.220 5.194841E+07
198.480 5.097419E+07
198.750 4.103565E+07
199.020 4.514885E+07
199.280 4.950037E+07
199.550 4.321240E+07
199.820 4.909120E+07
200.090 4.666314E+07
200.350 4.898978E+07
200.620 5.176855E+07
200.890 4.751146E+07
201.150 4.809649E+07
201.420 4.590974E+07
201.690 4.965524E+07
201.960 4.661468E+07
202.220 4.820041E+07
202.490 5.903773E+07
202.760 5.822338E+07
203.020 5.385188E+07
203.290 5.222818E+07
203.560 5.649976E+07
203.830 4.846270E+07
204.090 5.350716E+07
204.360 5.254293E+07
204.630 6.186047E+07
204.890 6.241003E+07
205.160 6.554752E+07
205.430 6.099616E+07
205.690 6.102614E+07
205.960 5.614505E+07
206.230 6.380891E+07
206.500 6.776574E+07
206.760 6.071139E+07
207.030 5.971219E+07
207.300 7.764284E+07
207.560 6.708629E+07
207.830 6.636686E+07
208.100 6.824536E+07
208.370 7.134288E+07
208.630 6.598717E+07
208.900 7.100815E+07
209.170 6.549256E+07
209.440 7.002893E+07
209.700 6.406371E+07
209.970 6.286467E+07
210.240 6.446838E+07
210.500 6.418861E+07
210.770 6.180552E+07
211.040 6.783569E+07
211.310 6.320440E+07
211.570 6.608209E+07
211.840 6.834028E+07
212.110 6.985407E+07
212.370 6.583229E+07
212.640 6.606710E+07
212.910 5.621499E+07
213.180 5.797358E+07
213.440 4.636488E+07
213.710 5.286268E+07
213.980 6.385887E+07
214.240 6.833529E+07
214.510 6.581730E+07
214.780 6.606710E+07
215.040 6.455332E+07
215.310 6.639184E+07
215.580 6.999396E+07
215.850 6.329432E+07
216.110 5.825836E+07
216.380 6.742102E+07
216.650 6.306451E+07
216.910 5.838326E+07
217.180 5.787366E+07
217.450 5.788366E+07
217.720 6.539764E+07
217.980 6.762586E+07
218.250 7.404072E+07
218.520 6.425855E+07
218.780 6.522778E+07
219.050 7.390083E+07
219.320 7.824735E+07
219.580 8.248396E+07
219.850 7.931150E+07
220.120 7.109808E+07
220.390 7.130291E+07
220.660 7.277174E+07
220.920 6.165064E+07
221.190 5.470620E+07
221.460 6.051655E+07
221.730 6.512286E+07
222.000 6.297458E+07
222.260 6.621698E+07
222.530 6.661666E+07
222.800 6.721618E+07
223.070 7.464024E+07
223.340 7.291162E+07
223.600 9.078731E+07
223.870 7.852713E+07
224.140 7.831730E+07
224.410 6.726115E+07
224.680 6.805551E+07
224.940 6.159069E+07
225.210 5.846819E+07
225.480 5.853813E+07
225.750 5.981211E+07
226.020 6.778073E+07
226.280 6.440344E+07
226.550 5.668462E+07
226.820 5.671959E+07
227.090 6.523277E+07
227.350 5.520080E+07
227.620 6.781071E+07
227.890 6.202534E+07
228.160 6.525775E+07
228.430 7.542961E+07
228.690 7.169760E+07
228.960 7.967121E+07
229.230 6.630691E+07
229.500 6.600715E+07
229.770 5.594021E+07
230.030 5.853813E+07
230.300 5.982210E+07
230.570 6.335927E+07
230.840 5.677454E+07
231.110 6.176055E+07
231.370 6.646678E+07
231.640 5.909768E+07
231.910 6.762586E+07
232.180 6.234009E+07
232.450 6.286467E+07
232.720 5.637486E+07
232.980 4.946140E+07
233.250 4.734659E+07
233.520 4.509739E+07
233.790 4.916364E+07
234.060 4.115605E+07
234.320 3.403275E+07
234.590 3.512188E+07
234.860 3.318993E+07
235.130 5.507590E+07
235.400 4.805552E+07
235.670 4.693192E+07
235.930 5.023978E+07
236.200 4.707981E+07
236.470 4.705233E+07
236.740 4.812397E+07
237.010 5.595520E+07
237.270 5.358210E+07
237.540 4.561398E+07
237.810 4.848718E+07
238.080 3.214277E+07
238.350 3.489206E+07
238.610 4.561548E+07
238.880 4.594272E+07
239.150 4.733660E+07
239.420 4.403424E+07
239.690 3.634140E+07
239.950 4.196990E+07
240.220 3.940695E+07
240.490 4.008790E+07
240.760 3.319792E+07
241.030 3.883940E+07
241.290 4.234260E+07
241.560 4.779124E+07
241.830 6.076135E+07
242.100 6.909468E+07
242.360 5.287267E+07
242.630 5.792362E+07
242.900 5.653474E+07
243.170 6.467822E+07
243.440 5.147379E+07
243.700 4.884190E+07
243.970 5.869800E+07
244.240 5.932250E+07
244.510 5.760388E+07
244.780 5.164365E+07
245.040 5.193842E+07
245.310 5.591024E+07
245.580 5.413166E+07
245.850 5.614505E+07
246.110 5.310748E+07
246.380 5.758889E+07
246.650 5.101416E+07
246.920 5.319241E+07
247.190 5.828833E+07
247.450 5.444141E+07
247.720 5.015484E+07
247.990 4.413816E+07
248.260 5.044461E+07
248.530 5.467123E+07
248.790 4.757241E+07
249.060 4.744601E+07
249.330 5.615004E+07
249.600 6.427354E+07
249.860 6.379392E+07
250.130 6.360907E+07
250.400 5.417163E+07
250.670 5.973218E+07
250.940 6.553753E+07
251.200 5.783370E+07
251.470 5.178854E+07
251.740 4.553304E+07
252.000 4.668212E+07
252.270 4.003944E+07
252.540 3.550807E+07
252.810 3.576536E+07
253.070 4.292064E+07
253.340 3.978665E+07
253.610 3.914466E+07
253.870 4.043912E+07
254.140 4.388686E+07
254.410 4.178704E+07
254.680 4.557151E+07
254.940 4.939195E+07
255.210 6.518781E+07
255.480 5.967722E+07
255.740 5.850816E+07
256.010 6.094620E+07
256.280 5.733909E+07
256.540 6.998397E+07
256.810 7.641382E+07
257.080 7.426554E+07
257.340 6.441842E+07
257.610 6.514284E+07
257.880 6.985907E+07
258.150 7.556950E+07
258.410 6.501794E+07
258.680 7.153772E+07
258.950 8.533668E+07
259.220 6.298957E+07
259.480 6.461826E+07
259.750 5.747898E+07
260.020 6.549756E+07
260.280 6.364404E+07
260.550 5.357211E+07
260.820 4.853264E+07
261.080 5.245300E+07
261.350 6.327434E+07
261.620 6.801055E+07
261.890 6.812046E+07
262.150 6.338425E+07
262.420 5.963725E+07
262.690 6.103114E+07
262.950 5.829333E+07
263.220 7.772777E+07
263.490 1.073441E+08
263.750 1.075139E+08
264.020 1.229915E+08
264.290 1.199739E+08
264.560 1.076488E+08
264.820 1.189548E+08
265.090 1.145333E+08
265.360 1.252647E+08
265.620 1.207833E+08
265.890 1.088129E+08
266.160 9.729710E+07
266.430 8.013084E+07
266.690 1.013189E+08
266.960 9.286565E+07
267.230 1.021982E+08
267.490 1.128796E+08
267.760 1.051808E+08
268.030 1.051758E+08
268.290 1.033123E+08
268.560 1.055705E+08
268.830 8.678552E+07
269.100 8.818939E+07
269.360 1.016186E+08
269.630 8.628092E+07
269.900 1.166516E+08
270.170 1.040667E+08
270.430 1.020633E+08
270.700 9.181149E+07
270.970 9.192640E+07
271.230 9.360506E+07
271.500 8.743000E+07
271.770 8.831429E+07
272.030 9.718719E+07
272.300 9.049255E+07
272.570 8.724015E+07
272.830 1.230165E+08
273.100 1.042465E+08
273.370 8.484707E+07
273.630 8.317840E+07
273.900 7.034368E+07
274.170 6.693641E+07
274.440 6.829532E+07
274.700 6.130092E+07
274.970 6.199037E+07
275.240 7.119800E+07
275.500 7.592421E+07
275.770 9.541860E+07
276.030 9.020778E+07
276.300 9.127192E+07
276.570 9.551852E+07
276.830 9.853611E+07
277.100 1.078636E+08
277.370 1.052058E+08
277.630 8.317341E+07
277.900 8.311346E+07
278.170 8.419259E+07
278.430 8.229411E+07
278.700 7.606910E+07
278.970 5.675956E+07
279.230 3.921310E+07
279.500 3.379194E+07
279.770 3.752895E+07
280.030 3.978864E+07
280.300 5.413166E+07
280.570 7.571938E+07
280.830 9.087724E+07
281.100 9.938543E+07
281.370 1.096122E+08
281.630 1.079536E+08
281.900 1.251548E+08
282.170 1.206084E+08
282.430 9.979010E+07
282.700 1.100769E+08
282.970 1.002447E+08
283.230 1.122052E+08
283.500 1.198840E+08
283.770 9.600813E+07
284.030 1.002298E+08
284.300 1.122052E+08
284.560 9.350014E+07
284.830 6.876994E+07
285.100 8.799954E+07
285.370 1.035821E+08
285.630 1.067595E+08
285.900 1.129446E+08
286.170 1.153526E+08
286.430 1.164368E+08
286.700 1.018135E+08
286.970 1.089927E+08
287.230 1.019184E+08
287.500 1.041766E+08
287.760 1.072341E+08
288.030 1.306404E+08
288.300 1.148630E+08
288.560 1.073840E+08
288.830 1.051208E+08
289.100 1.062949E+08
289.360 1.198640E+08
289.630 1.502597E+08
289.900 1.293764E+08
290.160 1.610161E+08
290.430 1.146232E+08
290.700 1.244504E+08
290.960 1.486810E+08
291.230 1.309252E+08
291.500 1.407023E+08
291.760 1.434452E+08
292.030 1.256994E+08
292.300 1.186800E+08
292.560 1.105115E+08
292.830 1.231164E+08
293.100 1.456634E+08
293.360 1.287319E+08
293.630 1.170263E+08
293.900 1.425559E+08
294.160 1.432153E+08
294.430 1.191646E+08
294.690 1.269534E+08
294.960 1.384042E+08
295.230 1.309052E+08
295.500 1.456184E+08
295.760 1.340427E+08
296.030 1.276178E+08
296.290 1.289268E+08
296.560 1.085031E+08
296.830 1.228367E+08
297.090 1.469374E+08
297.360 1.352867E+08
297.630 1.327038E+08
297.890 1.478966E+08
298.160 1.192695E+08
298.430 1.214428E+08
298.690 1.252897E+08
298.960 1.581034E+08
299.230 1.531874E+08
299.490 1.408272E+08
299.760 1.318944E+08
301.000 1.403027E+08
303.000 1.389188E+08
305.000 1.416416E+08
307.000 1.444044E+08
309.000 1.471172E+08
311.000 1.443744E+08
313.000 1.431154E+08
315.000 1.441446E+08
317.000 1.465976E+08
319.000 1.332433E+08
321.000 1.422211E+08
323.000 1.271832E+08
325.000 1.429156E+08
327.000 1.538618E+08
329.000 1.517935E+08
331.000 1.558352E+08
333.000 1.532873E+08
335.000 1.508043E+08
337.000 1.424460E+08
339.000 1.483163E+08
341.000 1.473071E+08
343.000 1.484162E+08
345.000 1.506194E+08
347.000 1.494054E+08
349.000 1.519983E+08
351.000 1.554555E+08
353.000 1.502597E+08
355.000 1.627747E+08
357.000 1.461230E+08
359.000 1.441896E+08
361.000 1.472471E+08
363.000 1.481714E+08
364.000 1.472221E+08
365.000 1.609162E+08
367.000 1.582683E+08
369.000 1.538168E+08
371.000 1.564947E+08
373.000 1.471922E+08
375.000 1.651278E+08
377.000 1.772481E+08
379.000 1.997800E+08
381.000 2.211080E+08
383.000 1.739957E+08
385.000 2.314947E+08
387.000 2.460330E+08
389.000 1.846921E+08
391.000 2.429205E+08
393.000 1.677157E+08
395.000 2.308302E+08
397.000 1.520383E+08
399.000 2.517235E+08
401.000 2.694143E+08
403.000 2.695842E+08
405.000 2.639237E+08
407.000 2.585580E+08
409.000 2.422710E+08
411.000 2.057603E+08
413.000 2.613557E+08
415.000 2.712878E+08
417.000 2.691095E+08
419.000 2.654725E+08
421.000 2.654924E+08
423.000 2.555604E+08
425.000 2.622400E+08
427.000 2.541315E+08
429.000 2.487159E+08
431.000 2.290266E+08
433.000 2.222970E+08
435.000 1.986360E+08
437.000 2.565296E+08
439.000 2.520182E+08
441.000 2.517285E+08
443.000 2.499998E+08
445.000 2.507542E+08
447.000 2.534271E+08
449.000 2.521082E+08
451.000 2.636039E+08
453.000 2.483811E+08
455.000 2.493004E+08
457.000 2.590876E+08
459.000 2.478416E+08
461.000 2.520032E+08
463.000 2.467874E+08
465.000 2.484061E+08
467.000 2.508991E+08
469.000 2.432502E+08
471.000 2.333332E+08
473.000 2.446691E+08
475.000 2.448140E+08
477.000 2.424909E+08
479.000 2.403626E+08
481.000 2.371951E+08
483.000 2.331234E+08
485.000 2.025229E+08
487.000 1.700688E+08
489.000 2.211230E+08
491.000 2.253196E+08
493.000 2.220472E+08
495.000 2.270132E+08
497.000 2.287768E+08
499.000 2.176557E+08
501.000 2.107163E+08
503.000 2.189897E+08
505.000 2.162369E+08
507.000 2.209831E+08
509.000 2.160920E+08
511.000 2.172461E+08
513.000 2.126947E+08
515.000 2.076188E+08
517.000 2.009241E+08
519.000 1.990007E+08
521.000 2.038668E+08
523.000 2.042415E+08
525.000 2.074989E+08
527.000 1.913368E+08
529.000 2.033872E+08
531.000 2.040816E+08
533.000 1.925858E+08
535.000 2.001148E+08
537.000 1.985660E+08
539.000 1.969173E+08
541.000 1.915716E+08
543.000 1.946442E+08
545.000 1.958532E+08
547.000 1.932003E+08
549.000 1.918664E+08
551.000 1.916066E+08
553.000 1.902827E+08
555.000 1.909971E+08
557.000 1.869553E+08
559.000 1.846222E+08
561.000 1.855964E+08
563.000 1.860860E+08
565.000 1.844673E+08
567.000 1.810251E+08
569.000 1.817695E+08
571.000 1.797111E+08
573.000 1.834531E+08
575.000 1.795812E+08
577.000 1.795912E+08
579.000 1.772281E+08
581.000 1.774080E+08
583.000 1.771831E+08
585.000 1.744903E+08
587.000 1.737459E+08
589.000 1.684002E+08
591.000 1.714527E+08
593.000 1.702887E+08
595.000 1.696542E+08
597.000 1.686849E+08
599.000 1.669863E+08
601.000 1.647731E+08
603.000 1.638288E+08
605.000 1.644433E+08
607.000 1.638688E+08
609.000 1.615557E+08
611.000 1.596921E+08
613.000 1.560251E+08
615.000 1.551808E+08
617.000 1.530724E+08
619.000 1.563798E+08
621.000 1.558252E+08
623.000 1.531474E+08
625.000 1.490906E+08
627.000 1.527277E+08
629.000 1.520682E+08
631.000 1.488159E+08
633.000 1.485061E+08
635.000 1.473420E+08
637.000 1.464877E+08
639.000 1.464477E+08
641.000 1.437299E+08
643.000 1.439248E+08
645.000 1.417265E+08
647.000 1.414068E+08
649.000 1.391536E+08
651.000 1.394284E+08
653.000 1.369504E+08
655.000 1.253946E+08
657.000 1.046262E+08
659.000 1.313898E+08
661.000 1.352467E+08
663.000 1.352467E+08
665.000 1.347821E+08
667.000 1.333882E+08
669.000 1.337129E+08
671.000 1.323390E+08
673.000 1.319544E+08
675.000 1.302058E+08
677.000 1.302657E+08
679.000 1.293115E+08
681.000 1.283323E+08
683.000 1.276778E+08
685.000 1.261890E+08
687.000 1.260990E+08
689.000 1.254296E+08
691.000 1.245103E+08
693.000 1.237010E+08
695.000 1.229915E+08
697.000 1.222022E+08
699.000 1.216226E+08
701.000 1.191646E+08
703.000 1.195343E+08
705.000 1.191996E+08
707.000 1.183053E+08
709.000 1.175709E+08
711.000 1.156124E+08
713.000 1.154276E+08
715.000 1.147182E+08
717.000 1.138389E+08
719.000 1.123750E+08
721.000 1.125399E+08
723.000 1.118754E+08
725.000 1.113958E+08
727.000 1.110661E+08
729.000 1.091376E+08
731.000 1.093375E+08
733.000 1.086130E+08
735.000 1.084682E+08
737.000 1.078586E+08
739.000 1.060901E+08
741.000 1.046912E+08
743.000 1.046462E+08
745.000 1.043365E+08
747.000 1.039118E+08
749.000 1.031374E+08
751.000 1.028776E+08
753.000 1.024180E+08
755.000 1.021932E+08
757.000 1.012040E+08
759.000 1.007044E+08
761.000 9.992000E+07
763.000 9.962024E+07
765.000 9.881089E+07
767.000 9.717720E+07
769.000 9.731708E+07
771.000 9.665262E+07
773.000 9.643279E+07
775.000 9.533367E+07
777.000 9.411964E+07
779.000 9.508387E+07
781.000 9.428951E+07
783.000 9.322036E+07
785.000 9.263084E+07
787.000 9.251093E+07
789.000 9.190642E+07
791.000 9.111705E+07
793.000 8.966321E+07
795.000 8.956829E+07
797.000 9.003292E+07
799.000 8.931349E+07
